Grid Size,100
NULL,NodeType,GridX,GridY,Length,Width,Height,PosX,PosY,PosZ
1,0,0,0,0,0,0,0,0,0
1,0,0,0,0,0,0,0,0,0
1,0,0,0,0,0,0,0,0,0
1,0,0,0,0,0,0,0,0,0
1,0,0,0,0,0,0,0,0,0
1,0,0,0,0,0,0,0,0,0
1,0,0,0,0,0,0,0,0,0
1,0,0,0,0,0,0,0,0,0
1,0,0,0,0,0,0,0,0,0
1,0,0,0,0,0,0,0,0,0
1,0,0,0,0,0,0,0,0,0
1,0,0,0,0,0,0,0,0,0
1,0,0,0,0,0,0,0,0,0
1,0,0,0,0,0,0,0,0,0
1,0,0,0,0,0,0,0,0,0
1,0,0,0,0,0,0,0,0,0
1,0,0,0,0,0,0,0,0,0
1,0,0,0,0,0,0,0,0,0
1,0,0,0,0,0,0,0,0,0
1,0,0,0,0,0,0,0,0,0
1,0,0,0,0,0,0,0,0,0
1,0,0,0,0,0,0,0,0,0
1,0,0,0,0,0,0,0,0,0
1,0,0,0,0,0,0,0,0,0
1,0,0,0,0,0,0,0,0,0
1,0,0,0,0,0,0,0,0,0
1,0,0,0,0,0,0,0,0,0
1,0,0,0,0,0,0,0,0,0
1,0,0,0,0,0,0,0,0,0
1,0,0,0,0,0,0,0,0,0
1,0,0,0,0,0,0,0,0,0
1,0,0,0,0,0,0,0,0,0
1,0,0,0,0,0,0,0,0,0
1,0,0,0,0,0,0,0,0,0
1,0,0,0,0,0,0,0,0,0
1,0,0,0,0,0,0,0,0,0
1,0,0,0,0,0,0,0,0,0
1,0,0,0,0,0,0,0,0,0
1,0,0,0,0,0,0,0,0,0
1,0,0,0,0,0,0,0,0,0
1,0,0,0,0,0,0,0,0,0
1,0,0,0,0,0,0,0,0,0
1,0,0,0,0,0,0,0,0,0
1,0,0,0,0,0,0,0,0,0
1,0,0,0,0,0,0,0,0,0
1,0,0,0,0,0,0,0,0,0
1,0,0,0,0,0,0,0,0,0
1,0,0,0,0,0,0,0,0,0
1,0,0,0,0,0,0,0,0,0
1,0,0,0,0,0,0,0,0,0
1,0,0,0,0,0,0,0,0,0
1,0,0,0,0,0,0,0,0,0
1,0,0,0,0,0,0,0,0,0
1,0,0,0,0,0,0,0,0,0
1,0,0,0,0,0,0,0,0,0
1,0,0,0,0,0,0,0,0,0
1,0,0,0,0,0,0,0,0,0
1,0,0,0,0,0,0,0,0,0
1,0,0,0,0,0,0,0,0,0
1,0,0,0,0,0,0,0,0,0
1,0,0,0,0,0,0,0,0,0
1,0,0,0,0,0,0,0,0,0
1,0,0,0,0,0,0,0,0,0
1,0,0,0,0,0,0,0,0,0
1,0,0,0,0,0,0,0,0,0
1,0,0,0,0,0,0,0,0,0
1,0,0,0,0,0,0,0,0,0
1,0,0,0,0,0,0,0,0,0
1,0,0,0,0,0,0,0,0,0
1,0,0,0,0,0,0,0,0,0
1,0,0,0,0,0,0,0,0,0
1,0,0,0,0,0,0,0,0,0
1,0,0,0,0,0,0,0,0,0
1,0,0,0,0,0,0,0,0,0
1,0,0,0,0,0,0,0,0,0
1,0,0,0,0,0,0,0,0,0
1,0,0,0,0,0,0,0,0,0
1,0,0,0,0,0,0,0,0,0
1,0,0,0,0,0,0,0,0,0
1,0,0,0,0,0,0,0,0,0
1,0,0,0,0,0,0,0,0,0
1,0,0,0,0,0,0,0,0,0
1,0,0,0,0,0,0,0,0,0
1,0,0,0,0,0,0,0,0,0
1,0,0,0,0,0,0,0,0,0
1,0,0,0,0,0,0,0,0,0
1,0,0,0,0,0,0,0,0,0
1,0,0,0,0,0,0,0,0,0
1,0,0,0,0,0,0,0,0,0
1,0,0,0,0,0,0,0,0,0
1,0,0,0,0,0,0,0,0,0
1,0,0,0,0,0,0,0,0,0
1,0,0,0,0,0,0,0,0,0
1,0,0,0,0,0,0,0,0,0
1,0,0,0,0,0,0,0,0,0
1,0,0,0,0,0,0,0,0,0
1,0,0,0,0,0,0,0,0,0
1,0,0,0,0,0,0,0,0,0
1,0,0,0,0,0,0,0,0,0
1,0,0,0,0,0,0,0,0,0
1,0,0,0,0,0,0,0,0,0
1,0,0,0,0,0,0,0,0,0
1,0,0,0,0,0,0,0,0,0
1,0,0,0,0,0,0,0,0,0
1,0,0,0,0,0,0,0,0,0
1,0,0,0,0,0,0,0,0,0
1,0,0,0,0,0,0,0,0,0
1,0,0,0,0,0,0,0,0,0
1,0,0,0,0,0,0,0,0,0
1,0,0,0,0,0,0,0,0,0
1,0,0,0,0,0,0,0,0,0
1,0,0,0,0,0,0,0,0,0
1,0,0,0,0,0,0,0,0,0
1,0,0,0,0,0,0,0,0,0
1,0,0,0,0,0,0,0,0,0
1,0,0,0,0,0,0,0,0,0
1,0,0,0,0,0,0,0,0,0
1,0,0,0,0,0,0,0,0,0
1,0,0,0,0,0,0,0,0,0
1,0,0,0,0,0,0,0,0,0
1,0,0,0,0,0,0,0,0,0
1,0,0,0,0,0,0,0,0,0
1,0,0,0,0,0,0,0,0,0
1,0,0,0,0,0,0,0,0,0
1,0,0,0,0,0,0,0,0,0
1,0,0,0,0,0,0,0,0,0
1,0,0,0,0,0,0,0,0,0
1,0,0,0,0,0,0,0,0,0
1,0,0,0,0,0,0,0,0,0
1,0,0,0,0,0,0,0,0,0
1,0,0,0,0,0,0,0,0,0
1,0,0,0,0,0,0,0,0,0
1,0,0,0,0,0,0,0,0,0
1,0,0,0,0,0,0,0,0,0
1,0,0,0,0,0,0,0,0,0
1,0,0,0,0,0,0,0,0,0
1,0,0,0,0,0,0,0,0,0
1,0,0,0,0,0,0,0,0,0
1,0,0,0,0,0,0,0,0,0
1,0,0,0,0,0,0,0,0,0
1,0,0,0,0,0,0,0,0,0
1,0,0,0,0,0,0,0,0,0
1,0,0,0,0,0,0,0,0,0
1,0,0,0,0,0,0,0,0,0
1,0,0,0,0,0,0,0,0,0
1,0,0,0,0,0,0,0,0,0
1,0,0,0,0,0,0,0,0,0
1,0,0,0,0,0,0,0,0,0
1,0,0,0,0,0,0,0,0,0
1,0,0,0,0,0,0,0,0,0
1,0,0,0,0,0,0,0,0,0
1,0,0,0,0,0,0,0,0,0
1,0,0,0,0,0,0,0,0,0
1,0,0,0,0,0,0,0,0,0
1,0,0,0,0,0,0,0,0,0
1,0,0,0,0,0,0,0,0,0
1,0,0,0,0,0,0,0,0,0
1,0,0,0,0,0,0,0,0,0
1,0,0,0,0,0,0,0,0,0
1,0,0,0,0,0,0,0,0,0
1,0,0,0,0,0,0,0,0,0
1,0,0,0,0,0,0,0,0,0
1,0,0,0,0,0,0,0,0,0
1,0,0,0,0,0,0,0,0,0
1,0,0,0,0,0,0,0,0,0
1,0,0,0,0,0,0,0,0,0
1,0,0,0,0,0,0,0,0,0
1,0,0,0,0,0,0,0,0,0
1,0,0,0,0,0,0,0,0,0
1,0,0,0,0,0,0,0,0,0
1,0,0,0,0,0,0,0,0,0
1,0,0,0,0,0,0,0,0,0
1,0,0,0,0,0,0,0,0,0
1,0,0,0,0,0,0,0,0,0
1,0,0,0,0,0,0,0,0,0
1,0,0,0,0,0,0,0,0,0
1,0,0,0,0,0,0,0,0,0
1,0,0,0,0,0,0,0,0,0
1,0,0,0,0,0,0,0,0,0
1,0,0,0,0,0,0,0,0,0
1,0,0,0,0,0,0,0,0,0
1,0,0,0,0,0,0,0,0,0
1,0,0,0,0,0,0,0,0,0
1,0,0,0,0,0,0,0,0,0
1,0,0,0,0,0,0,0,0,0
1,0,0,0,0,0,0,0,0,0
1,0,0,0,0,0,0,0,0,0
1,0,0,0,0,0,0,0,0,0
1,0,0,0,0,0,0,0,0,0
1,0,0,0,0,0,0,0,0,0
1,0,0,0,0,0,0,0,0,0
1,0,0,0,0,0,0,0,0,0
1,0,0,0,0,0,0,0,0,0
1,0,0,0,0,0,0,0,0,0
1,0,0,0,0,0,0,0,0,0
1,0,0,0,0,0,0,0,0,0
1,0,0,0,0,0,0,0,0,0
1,0,0,0,0,0,0,0,0,0
1,0,0,0,0,0,0,0,0,0
1,0,0,0,0,0,0,0,0,0
1,0,0,0,0,0,0,0,0,0
1,0,0,0,0,0,0,0,0,0
1,0,0,0,0,0,0,0,0,0
1,0,0,0,0,0,0,0,0,0
1,0,0,0,0,0,0,0,0,0
1,0,0,0,0,0,0,0,0,0
1,0,0,0,0,0,0,0,0,0
1,0,0,0,0,0,0,0,0,0
1,0,0,0,0,0,0,0,0,0
1,0,0,0,0,0,0,0,0,0
1,0,0,0,0,0,0,0,0,0
1,0,0,0,0,0,0,0,0,0
1,0,0,0,0,0,0,0,0,0
1,0,0,0,0,0,0,0,0,0
1,0,0,0,0,0,0,0,0,0
1,0,0,0,0,0,0,0,0,0
1,0,0,0,0,0,0,0,0,0
1,0,0,0,0,0,0,0,0,0
1,0,0,0,0,0,0,0,0,0
1,0,0,0,0,0,0,0,0,0
1,0,0,0,0,0,0,0,0,0
1,0,0,0,0,0,0,0,0,0
1,0,0,0,0,0,0,0,0,0
1,0,0,0,0,0,0,0,0,0
1,0,0,0,0,0,0,0,0,0
1,0,0,0,0,0,0,0,0,0
1,0,0,0,0,0,0,0,0,0
1,0,0,0,0,0,0,0,0,0
1,0,0,0,0,0,0,0,0,0
1,0,0,0,0,0,0,0,0,0
1,0,0,0,0,0,0,0,0,0
1,0,0,0,0,0,0,0,0,0
1,0,0,0,0,0,0,0,0,0
1,0,0,0,0,0,0,0,0,0
1,0,0,0,0,0,0,0,0,0
1,0,0,0,0,0,0,0,0,0
1,0,0,0,0,0,0,0,0,0
1,0,0,0,0,0,0,0,0,0
1,0,0,0,0,0,0,0,0,0
1,0,0,0,0,0,0,0,0,0
1,0,0,0,0,0,0,0,0,0
1,0,0,0,0,0,0,0,0,0
1,0,0,0,0,0,0,0,0,0
1,0,0,0,0,0,0,0,0,0
1,0,0,0,0,0,0,0,0,0
1,0,0,0,0,0,0,0,0,0
1,0,0,0,0,0,0,0,0,0
1,0,0,0,0,0,0,0,0,0
1,0,0,0,0,0,0,0,0,0
1,0,0,0,0,0,0,0,0,0
1,0,0,0,0,0,0,0,0,0
1,0,0,0,0,0,0,0,0,0
1,0,0,0,0,0,0,0,0,0
1,0,0,0,0,0,0,0,0,0
1,0,0,0,0,0,0,0,0,0
1,0,0,0,0,0,0,0,0,0
1,0,0,0,0,0,0,0,0,0
1,0,0,0,0,0,0,0,0,0
1,0,0,0,0,0,0,0,0,0
1,0,0,0,0,0,0,0,0,0
1,0,0,0,0,0,0,0,0,0
1,0,0,0,0,0,0,0,0,0
1,0,0,0,0,0,0,0,0,0
1,0,0,0,0,0,0,0,0,0
1,0,0,0,0,0,0,0,0,0
1,0,0,0,0,0,0,0,0,0
1,0,0,0,0,0,0,0,0,0
1,0,0,0,0,0,0,0,0,0
1,0,0,0,0,0,0,0,0,0
1,0,0,0,0,0,0,0,0,0
1,0,0,0,0,0,0,0,0,0
1,0,0,0,0,0,0,0,0,0
1,0,0,0,0,0,0,0,0,0
1,0,0,0,0,0,0,0,0,0
1,0,0,0,0,0,0,0,0,0
1,0,0,0,0,0,0,0,0,0
1,0,0,0,0,0,0,0,0,0
1,0,0,0,0,0,0,0,0,0
1,0,0,0,0,0,0,0,0,0
1,0,0,0,0,0,0,0,0,0
1,0,0,0,0,0,0,0,0,0
1,0,0,0,0,0,0,0,0,0
1,0,0,0,0,0,0,0,0,0
1,0,0,0,0,0,0,0,0,0
1,0,0,0,0,0,0,0,0,0
1,0,0,0,0,0,0,0,0,0
1,0,0,0,0,0,0,0,0,0
1,0,0,0,0,0,0,0,0,0
1,0,0,0,0,0,0,0,0,0
1,0,0,0,0,0,0,0,0,0
1,0,0,0,0,0,0,0,0,0
1,0,0,0,0,0,0,0,0,0
1,0,0,0,0,0,0,0,0,0
1,0,0,0,0,0,0,0,0,0
1,0,0,0,0,0,0,0,0,0
1,0,0,0,0,0,0,0,0,0
1,0,0,0,0,0,0,0,0,0
1,0,0,0,0,0,0,0,0,0
1,0,0,0,0,0,0,0,0,0
1,0,0,0,0,0,0,0,0,0
1,0,0,0,0,0,0,0,0,0
1,0,0,0,0,0,0,0,0,0
1,0,0,0,0,0,0,0,0,0
1,0,0,0,0,0,0,0,0,0
1,0,0,0,0,0,0,0,0,0
1,0,0,0,0,0,0,0,0,0
1,0,0,0,0,0,0,0,0,0
1,0,0,0,0,0,0,0,0,0
1,0,0,0,0,0,0,0,0,0
1,0,0,0,0,0,0,0,0,0
1,0,0,0,0,0,0,0,0,0
1,0,0,0,0,0,0,0,0,0
1,0,0,0,0,0,0,0,0,0
1,0,0,0,0,0,0,0,0,0
1,0,0,0,0,0,0,0,0,0
1,0,0,0,0,0,0,0,0,0
1,0,0,0,0,0,0,0,0,0
1,0,0,0,0,0,0,0,0,0
1,0,0,0,0,0,0,0,0,0
1,0,0,0,0,0,0,0,0,0
1,0,0,0,0,0,0,0,0,0
1,0,0,0,0,0,0,0,0,0
1,0,0,0,0,0,0,0,0,0
1,0,0,0,0,0,0,0,0,0
1,0,0,0,0,0,0,0,0,0
1,0,0,0,0,0,0,0,0,0
1,0,0,0,0,0,0,0,0,0
1,0,0,0,0,0,0,0,0,0
1,0,0,0,0,0,0,0,0,0
1,0,0,0,0,0,0,0,0,0
1,0,0,0,0,0,0,0,0,0
1,0,0,0,0,0,0,0,0,0
1,0,0,0,0,0,0,0,0,0
1,0,0,0,0,0,0,0,0,0
1,0,0,0,0,0,0,0,0,0
1,0,0,0,0,0,0,0,0,0
1,0,0,0,0,0,0,0,0,0
1,0,0,0,0,0,0,0,0,0
1,0,0,0,0,0,0,0,0,0
1,0,0,0,0,0,0,0,0,0
1,0,0,0,0,0,0,0,0,0
1,0,0,0,0,0,0,0,0,0
1,0,0,0,0,0,0,0,0,0
1,0,0,0,0,0,0,0,0,0
1,0,0,0,0,0,0,0,0,0
1,0,0,0,0,0,0,0,0,0
1,0,0,0,0,0,0,0,0,0
1,0,0,0,0,0,0,0,0,0
1,0,0,0,0,0,0,0,0,0
1,0,0,0,0,0,0,0,0,0
1,0,0,0,0,0,0,0,0,0
1,0,0,0,0,0,0,0,0,0
1,0,0,0,0,0,0,0,0,0
1,0,0,0,0,0,0,0,0,0
1,0,0,0,0,0,0,0,0,0
1,0,0,0,0,0,0,0,0,0
1,0,0,0,0,0,0,0,0,0
1,0,0,0,0,0,0,0,0,0
1,0,0,0,0,0,0,0,0,0
1,0,0,0,0,0,0,0,0,0
1,0,0,0,0,0,0,0,0,0
1,0,0,0,0,0,0,0,0,0
1,0,0,0,0,0,0,0,0,0
1,0,0,0,0,0,0,0,0,0
1,0,0,0,0,0,0,0,0,0
1,0,0,0,0,0,0,0,0,0
1,0,0,0,0,0,0,0,0,0
1,0,0,0,0,0,0,0,0,0
1,0,0,0,0,0,0,0,0,0
1,0,0,0,0,0,0,0,0,0
1,0,0,0,0,0,0,0,0,0
1,0,0,0,0,0,0,0,0,0
1,0,0,0,0,0,0,0,0,0
1,0,0,0,0,0,0,0,0,0
1,0,0,0,0,0,0,0,0,0
1,0,0,0,0,0,0,0,0,0
1,0,0,0,0,0,0,0,0,0
1,0,0,0,0,0,0,0,0,0
1,0,0,0,0,0,0,0,0,0
1,0,0,0,0,0,0,0,0,0
1,0,0,0,0,0,0,0,0,0
1,0,0,0,0,0,0,0,0,0
1,0,0,0,0,0,0,0,0,0
1,0,0,0,0,0,0,0,0,0
1,0,0,0,0,0,0,0,0,0
1,0,0,0,0,0,0,0,0,0
1,0,0,0,0,0,0,0,0,0
1,0,0,0,0,0,0,0,0,0
1,0,0,0,0,0,0,0,0,0
1,0,0,0,0,0,0,0,0,0
1,0,0,0,0,0,0,0,0,0
1,0,0,0,0,0,0,0,0,0
1,0,0,0,0,0,0,0,0,0
1,0,0,0,0,0,0,0,0,0
1,0,0,0,0,0,0,0,0,0
1,0,0,0,0,0,0,0,0,0
1,0,0,0,0,0,0,0,0,0
1,0,0,0,0,0,0,0,0,0
1,0,0,0,0,0,0,0,0,0
1,0,0,0,0,0,0,0,0,0
1,0,0,0,0,0,0,0,0,0
1,0,0,0,0,0,0,0,0,0
1,0,0,0,0,0,0,0,0,0
1,0,0,0,0,0,0,0,0,0
1,0,0,0,0,0,0,0,0,0
1,0,0,0,0,0,0,0,0,0
1,0,0,0,0,0,0,0,0,0
1,0,0,0,0,0,0,0,0,0
1,0,0,0,0,0,0,0,0,0
1,0,0,0,0,0,0,0,0,0
1,0,0,0,0,0,0,0,0,0
1,0,0,0,0,0,0,0,0,0
1,0,0,0,0,0,0,0,0,0
1,0,0,0,0,0,0,0,0,0
1,0,0,0,0,0,0,0,0,0
1,0,0,0,0,0,0,0,0,0
1,0,0,0,0,0,0,0,0,0
1,0,0,0,0,0,0,0,0,0
1,0,0,0,0,0,0,0,0,0
1,0,0,0,0,0,0,0,0,0
1,0,0,0,0,0,0,0,0,0
1,0,0,0,0,0,0,0,0,0
1,0,0,0,0,0,0,0,0,0
1,0,0,0,0,0,0,0,0,0
1,0,0,0,0,0,0,0,0,0
1,0,0,0,0,0,0,0,0,0
1,0,0,0,0,0,0,0,0,0
1,0,0,0,0,0,0,0,0,0
1,0,0,0,0,0,0,0,0,0
1,0,0,0,0,0,0,0,0,0
1,0,0,0,0,0,0,0,0,0
1,0,0,0,0,0,0,0,0,0
1,0,0,0,0,0,0,0,0,0
1,0,0,0,0,0,0,0,0,0
1,0,0,0,0,0,0,0,0,0
1,0,0,0,0,0,0,0,0,0
1,0,0,0,0,0,0,0,0,0
1,0,0,0,0,0,0,0,0,0
1,0,0,0,0,0,0,0,0,0
1,0,0,0,0,0,0,0,0,0
1,0,0,0,0,0,0,0,0,0
1,0,0,0,0,0,0,0,0,0
1,0,0,0,0,0,0,0,0,0
1,0,0,0,0,0,0,0,0,0
1,0,0,0,0,0,0,0,0,0
1,0,0,0,0,0,0,0,0,0
1,0,0,0,0,0,0,0,0,0
1,0,0,0,0,0,0,0,0,0
1,0,0,0,0,0,0,0,0,0
1,0,0,0,0,0,0,0,0,0
1,0,0,0,0,0,0,0,0,0
1,0,0,0,0,0,0,0,0,0
1,0,0,0,0,0,0,0,0,0
1,0,0,0,0,0,0,0,0,0
1,0,0,0,0,0,0,0,0,0
1,0,0,0,0,0,0,0,0,0
1,0,0,0,0,0,0,0,0,0
1,0,0,0,0,0,0,0,0,0
1,0,0,0,0,0,0,0,0,0
1,0,0,0,0,0,0,0,0,0
1,0,0,0,0,0,0,0,0,0
1,0,0,0,0,0,0,0,0,0
1,0,0,0,0,0,0,0,0,0
1,0,0,0,0,0,0,0,0,0
1,0,0,0,0,0,0,0,0,0
1,0,0,0,0,0,0,0,0,0
1,0,0,0,0,0,0,0,0,0
1,0,0,0,0,0,0,0,0,0
1,0,0,0,0,0,0,0,0,0
1,0,0,0,0,0,0,0,0,0
1,0,0,0,0,0,0,0,0,0
1,0,0,0,0,0,0,0,0,0
1,0,0,0,0,0,0,0,0,0
1,0,0,0,0,0,0,0,0,0
1,0,0,0,0,0,0,0,0,0
1,0,0,0,0,0,0,0,0,0
1,0,0,0,0,0,0,0,0,0
1,0,0,0,0,0,0,0,0,0
1,0,0,0,0,0,0,0,0,0
1,0,0,0,0,0,0,0,0,0
1,0,0,0,0,0,0,0,0,0
1,0,0,0,0,0,0,0,0,0
1,0,0,0,0,0,0,0,0,0
1,0,0,0,0,0,0,0,0,0
1,0,0,0,0,0,0,0,0,0
1,0,0,0,0,0,0,0,0,0
1,0,0,0,0,0,0,0,0,0
1,0,0,0,0,0,0,0,0,0
1,0,0,0,0,0,0,0,0,0
1,0,0,0,0,0,0,0,0,0
1,0,0,0,0,0,0,0,0,0
1,0,0,0,0,0,0,0,0,0
1,0,0,0,0,0,0,0,0,0
1,0,0,0,0,0,0,0,0,0
1,0,0,0,0,0,0,0,0,0
1,0,0,0,0,0,0,0,0,0
1,0,0,0,0,0,0,0,0,0
1,0,0,0,0,0,0,0,0,0
1,0,0,0,0,0,0,0,0,0
1,0,0,0,0,0,0,0,0,0
1,0,0,0,0,0,0,0,0,0
1,0,0,0,0,0,0,0,0,0
1,0,0,0,0,0,0,0,0,0
1,0,0,0,0,0,0,0,0,0
1,0,0,0,0,0,0,0,0,0
1,0,0,0,0,0,0,0,0,0
1,0,0,0,0,0,0,0,0,0
1,0,0,0,0,0,0,0,0,0
1,0,0,0,0,0,0,0,0,0
1,0,0,0,0,0,0,0,0,0
1,0,0,0,0,0,0,0,0,0
1,0,0,0,0,0,0,0,0,0
1,0,0,0,0,0,0,0,0,0
1,0,0,0,0,0,0,0,0,0
1,0,0,0,0,0,0,0,0,0
1,0,0,0,0,0,0,0,0,0
1,0,0,0,0,0,0,0,0,0
1,0,0,0,0,0,0,0,0,0
1,0,0,0,0,0,0,0,0,0
1,0,0,0,0,0,0,0,0,0
1,0,0,0,0,0,0,0,0,0
1,0,0,0,0,0,0,0,0,0
1,0,0,0,0,0,0,0,0,0
1,0,0,0,0,0,0,0,0,0
1,0,0,0,0,0,0,0,0,0
1,0,0,0,0,0,0,0,0,0
1,0,0,0,0,0,0,0,0,0
1,0,0,0,0,0,0,0,0,0
1,0,0,0,0,0,0,0,0,0
1,0,0,0,0,0,0,0,0,0
1,0,0,0,0,0,0,0,0,0
1,0,0,0,0,0,0,0,0,0
1,0,0,0,0,0,0,0,0,0
1,0,0,0,0,0,0,0,0,0
1,0,0,0,0,0,0,0,0,0
1,0,0,0,0,0,0,0,0,0
1,0,0,0,0,0,0,0,0,0
1,0,0,0,0,0,0,0,0,0
1,0,0,0,0,0,0,0,0,0
1,0,0,0,0,0,0,0,0,0
1,0,0,0,0,0,0,0,0,0
1,0,0,0,0,0,0,0,0,0
1,0,0,0,0,0,0,0,0,0
1,0,0,0,0,0,0,0,0,0
1,0,0,0,0,0,0,0,0,0
1,0,0,0,0,0,0,0,0,0
1,0,0,0,0,0,0,0,0,0
1,0,0,0,0,0,0,0,0,0
1,0,0,0,0,0,0,0,0,0
1,0,0,0,0,0,0,0,0,0
1,0,0,0,0,0,0,0,0,0
1,0,0,0,0,0,0,0,0,0
1,0,0,0,0,0,0,0,0,0
1,0,0,0,0,0,0,0,0,0
1,0,0,0,0,0,0,0,0,0
1,0,0,0,0,0,0,0,0,0
1,0,0,0,0,0,0,0,0,0
1,0,0,0,0,0,0,0,0,0
1,0,0,0,0,0,0,0,0,0
1,0,0,0,0,0,0,0,0,0
1,0,0,0,0,0,0,0,0,0
1,0,0,0,0,0,0,0,0,0
1,0,0,0,0,0,0,0,0,0
1,0,0,0,0,0,0,0,0,0
1,0,0,0,0,0,0,0,0,0
1,0,0,0,0,0,0,0,0,0
1,0,0,0,0,0,0,0,0,0
1,0,0,0,0,0,0,0,0,0
1,0,0,0,0,0,0,0,0,0
1,0,0,0,0,0,0,0,0,0
1,0,0,0,0,0,0,0,0,0
1,0,0,0,0,0,0,0,0,0
1,0,0,0,0,0,0,0,0,0
1,0,0,0,0,0,0,0,0,0
1,0,0,0,0,0,0,0,0,0
1,0,0,0,0,0,0,0,0,0
1,0,0,0,0,0,0,0,0,0
1,0,0,0,0,0,0,0,0,0
1,0,0,0,0,0,0,0,0,0
1,0,0,0,0,0,0,0,0,0
1,0,0,0,0,0,0,0,0,0
1,0,0,0,0,0,0,0,0,0
1,0,0,0,0,0,0,0,0,0
1,0,0,0,0,0,0,0,0,0
1,0,0,0,0,0,0,0,0,0
1,0,0,0,0,0,0,0,0,0
1,0,0,0,0,0,0,0,0,0
1,0,0,0,0,0,0,0,0,0
1,0,0,0,0,0,0,0,0,0
1,0,0,0,0,0,0,0,0,0
1,0,0,0,0,0,0,0,0,0
1,0,0,0,0,0,0,0,0,0
1,0,0,0,0,0,0,0,0,0
1,0,0,0,0,0,0,0,0,0
1,0,0,0,0,0,0,0,0,0
1,0,0,0,0,0,0,0,0,0
1,0,0,0,0,0,0,0,0,0
1,0,0,0,0,0,0,0,0,0
1,0,0,0,0,0,0,0,0,0
1,0,0,0,0,0,0,0,0,0
1,0,0,0,0,0,0,0,0,0
1,0,0,0,0,0,0,0,0,0
1,0,0,0,0,0,0,0,0,0
1,0,0,0,0,0,0,0,0,0
1,0,0,0,0,0,0,0,0,0
1,0,0,0,0,0,0,0,0,0
1,0,0,0,0,0,0,0,0,0
1,0,0,0,0,0,0,0,0,0
1,0,0,0,0,0,0,0,0,0
1,0,0,0,0,0,0,0,0,0
1,0,0,0,0,0,0,0,0,0
1,0,0,0,0,0,0,0,0,0
1,0,0,0,0,0,0,0,0,0
1,0,0,0,0,0,0,0,0,0
1,0,0,0,0,0,0,0,0,0
1,0,0,0,0,0,0,0,0,0
1,0,0,0,0,0,0,0,0,0
1,0,0,0,0,0,0,0,0,0
1,0,0,0,0,0,0,0,0,0
1,0,0,0,0,0,0,0,0,0
1,0,0,0,0,0,0,0,0,0
1,0,0,0,0,0,0,0,0,0
1,0,0,0,0,0,0,0,0,0
1,0,0,0,0,0,0,0,0,0
1,0,0,0,0,0,0,0,0,0
1,0,0,0,0,0,0,0,0,0
1,0,0,0,0,0,0,0,0,0
1,0,0,0,0,0,0,0,0,0
1,0,0,0,0,0,0,0,0,0
1,0,0,0,0,0,0,0,0,0
1,0,0,0,0,0,0,0,0,0
1,0,0,0,0,0,0,0,0,0
1,0,0,0,0,0,0,0,0,0
1,0,0,0,0,0,0,0,0,0
1,0,0,0,0,0,0,0,0,0
1,0,0,0,0,0,0,0,0,0
1,0,0,0,0,0,0,0,0,0
1,0,0,0,0,0,0,0,0,0
1,0,0,0,0,0,0,0,0,0
1,0,0,0,0,0,0,0,0,0
1,0,0,0,0,0,0,0,0,0
1,0,0,0,0,0,0,0,0,0
1,0,0,0,0,0,0,0,0,0
1,0,0,0,0,0,0,0,0,0
1,0,0,0,0,0,0,0,0,0
1,0,0,0,0,0,0,0,0,0
1,0,0,0,0,0,0,0,0,0
1,0,0,0,0,0,0,0,0,0
1,0,0,0,0,0,0,0,0,0
1,0,0,0,0,0,0,0,0,0
1,0,0,0,0,0,0,0,0,0
1,0,0,0,0,0,0,0,0,0
1,0,0,0,0,0,0,0,0,0
1,0,0,0,0,0,0,0,0,0
1,0,0,0,0,0,0,0,0,0
1,0,0,0,0,0,0,0,0,0
1,0,0,0,0,0,0,0,0,0
1,0,0,0,0,0,0,0,0,0
1,0,0,0,0,0,0,0,0,0
1,0,0,0,0,0,0,0,0,0
1,0,0,0,0,0,0,0,0,0
1,0,0,0,0,0,0,0,0,0
1,0,0,0,0,0,0,0,0,0
1,0,0,0,0,0,0,0,0,0
1,0,0,0,0,0,0,0,0,0
1,0,0,0,0,0,0,0,0,0
1,0,0,0,0,0,0,0,0,0
1,0,0,0,0,0,0,0,0,0
1,0,0,0,0,0,0,0,0,0
1,0,0,0,0,0,0,0,0,0
1,0,0,0,0,0,0,0,0,0
1,0,0,0,0,0,0,0,0,0
1,0,0,0,0,0,0,0,0,0
1,0,0,0,0,0,0,0,0,0
1,0,0,0,0,0,0,0,0,0
1,0,0,0,0,0,0,0,0,0
1,0,0,0,0,0,0,0,0,0
1,0,0,0,0,0,0,0,0,0
1,0,0,0,0,0,0,0,0,0
1,0,0,0,0,0,0,0,0,0
1,0,0,0,0,0,0,0,0,0
1,0,0,0,0,0,0,0,0,0
1,0,0,0,0,0,0,0,0,0
1,0,0,0,0,0,0,0,0,0
1,0,0,0,0,0,0,0,0,0
1,0,0,0,0,0,0,0,0,0
1,0,0,0,0,0,0,0,0,0
1,0,0,0,0,0,0,0,0,0
1,0,0,0,0,0,0,0,0,0
1,0,0,0,0,0,0,0,0,0
1,0,0,0,0,0,0,0,0,0
1,0,0,0,0,0,0,0,0,0
1,0,0,0,0,0,0,0,0,0
1,0,0,0,0,0,0,0,0,0
1,0,0,0,0,0,0,0,0,0
1,0,0,0,0,0,0,0,0,0
1,0,0,0,0,0,0,0,0,0
1,0,0,0,0,0,0,0,0,0
1,0,0,0,0,0,0,0,0,0
1,0,0,0,0,0,0,0,0,0
1,0,0,0,0,0,0,0,0,0
1,0,0,0,0,0,0,0,0,0
1,0,0,0,0,0,0,0,0,0
1,0,0,0,0,0,0,0,0,0
1,0,0,0,0,0,0,0,0,0
1,0,0,0,0,0,0,0,0,0
1,0,0,0,0,0,0,0,0,0
1,0,0,0,0,0,0,0,0,0
1,0,0,0,0,0,0,0,0,0
1,0,0,0,0,0,0,0,0,0
1,0,0,0,0,0,0,0,0,0
1,0,0,0,0,0,0,0,0,0
1,0,0,0,0,0,0,0,0,0
1,0,0,0,0,0,0,0,0,0
1,0,0,0,0,0,0,0,0,0
1,0,0,0,0,0,0,0,0,0
1,0,0,0,0,0,0,0,0,0
1,0,0,0,0,0,0,0,0,0
1,0,0,0,0,0,0,0,0,0
1,0,0,0,0,0,0,0,0,0
1,0,0,0,0,0,0,0,0,0
1,0,0,0,0,0,0,0,0,0
1,0,0,0,0,0,0,0,0,0
1,0,0,0,0,0,0,0,0,0
1,0,0,0,0,0,0,0,0,0
1,0,0,0,0,0,0,0,0,0
1,0,0,0,0,0,0,0,0,0
1,0,0,0,0,0,0,0,0,0
1,0,0,0,0,0,0,0,0,0
1,0,0,0,0,0,0,0,0,0
1,0,0,0,0,0,0,0,0,0
1,0,0,0,0,0,0,0,0,0
1,0,0,0,0,0,0,0,0,0
1,0,0,0,0,0,0,0,0,0
1,0,0,0,0,0,0,0,0,0
1,0,0,0,0,0,0,0,0,0
1,0,0,0,0,0,0,0,0,0
1,0,0,0,0,0,0,0,0,0
1,0,0,0,0,0,0,0,0,0
1,0,0,0,0,0,0,0,0,0
1,0,0,0,0,0,0,0,0,0
1,0,0,0,0,0,0,0,0,0
1,0,0,0,0,0,0,0,0,0
1,0,0,0,0,0,0,0,0,0
1,0,0,0,0,0,0,0,0,0
1,0,0,0,0,0,0,0,0,0
1,0,0,0,0,0,0,0,0,0
1,0,0,0,0,0,0,0,0,0
1,0,0,0,0,0,0,0,0,0
1,0,0,0,0,0,0,0,0,0
1,0,0,0,0,0,0,0,0,0
1,0,0,0,0,0,0,0,0,0
1,0,0,0,0,0,0,0,0,0
1,0,0,0,0,0,0,0,0,0
1,0,0,0,0,0,0,0,0,0
1,0,0,0,0,0,0,0,0,0
1,0,0,0,0,0,0,0,0,0
1,0,0,0,0,0,0,0,0,0
1,0,0,0,0,0,0,0,0,0
1,0,0,0,0,0,0,0,0,0
1,0,0,0,0,0,0,0,0,0
1,0,0,0,0,0,0,0,0,0
1,0,0,0,0,0,0,0,0,0
1,0,0,0,0,0,0,0,0,0
1,0,0,0,0,0,0,0,0,0
1,0,0,0,0,0,0,0,0,0
1,0,0,0,0,0,0,0,0,0
1,0,0,0,0,0,0,0,0,0
1,0,0,0,0,0,0,0,0,0
1,0,0,0,0,0,0,0,0,0
1,0,0,0,0,0,0,0,0,0
1,0,0,0,0,0,0,0,0,0
1,0,0,0,0,0,0,0,0,0
1,0,0,0,0,0,0,0,0,0
1,0,0,0,0,0,0,0,0,0
1,0,0,0,0,0,0,0,0,0
1,0,0,0,0,0,0,0,0,0
1,0,0,0,0,0,0,0,0,0
1,0,0,0,0,0,0,0,0,0
1,0,0,0,0,0,0,0,0,0
1,0,0,0,0,0,0,0,0,0
1,0,0,0,0,0,0,0,0,0
1,0,0,0,0,0,0,0,0,0
1,0,0,0,0,0,0,0,0,0
1,0,0,0,0,0,0,0,0,0
1,0,0,0,0,0,0,0,0,0
1,0,0,0,0,0,0,0,0,0
1,0,0,0,0,0,0,0,0,0
1,0,0,0,0,0,0,0,0,0
1,0,0,0,0,0,0,0,0,0
1,0,0,0,0,0,0,0,0,0
1,0,0,0,0,0,0,0,0,0
1,0,0,0,0,0,0,0,0,0
1,0,0,0,0,0,0,0,0,0
1,0,0,0,0,0,0,0,0,0
1,0,0,0,0,0,0,0,0,0
1,0,0,0,0,0,0,0,0,0
1,0,0,0,0,0,0,0,0,0
1,0,0,0,0,0,0,0,0,0
1,0,0,0,0,0,0,0,0,0
1,0,0,0,0,0,0,0,0,0
1,0,0,0,0,0,0,0,0,0
1,0,0,0,0,0,0,0,0,0
1,0,0,0,0,0,0,0,0,0
1,0,0,0,0,0,0,0,0,0
1,0,0,0,0,0,0,0,0,0
1,0,0,0,0,0,0,0,0,0
1,0,0,0,0,0,0,0,0,0
1,0,0,0,0,0,0,0,0,0
1,0,0,0,0,0,0,0,0,0
1,0,0,0,0,0,0,0,0,0
1,0,0,0,0,0,0,0,0,0
1,0,0,0,0,0,0,0,0,0
1,0,0,0,0,0,0,0,0,0
1,0,0,0,0,0,0,0,0,0
1,0,0,0,0,0,0,0,0,0
1,0,0,0,0,0,0,0,0,0
1,0,0,0,0,0,0,0,0,0
1,0,0,0,0,0,0,0,0,0
1,0,0,0,0,0,0,0,0,0
1,0,0,0,0,0,0,0,0,0
1,0,0,0,0,0,0,0,0,0
1,0,0,0,0,0,0,0,0,0
1,0,0,0,0,0,0,0,0,0
1,0,0,0,0,0,0,0,0,0
1,0,0,0,0,0,0,0,0,0
1,0,0,0,0,0,0,0,0,0
1,0,0,0,0,0,0,0,0,0
1,0,0,0,0,0,0,0,0,0
1,0,0,0,0,0,0,0,0,0
1,0,0,0,0,0,0,0,0,0
1,0,0,0,0,0,0,0,0,0
1,0,0,0,0,0,0,0,0,0
1,0,0,0,0,0,0,0,0,0
1,0,0,0,0,0,0,0,0,0
1,0,0,0,0,0,0,0,0,0
1,0,0,0,0,0,0,0,0,0
1,0,0,0,0,0,0,0,0,0
1,0,0,0,0,0,0,0,0,0
1,0,0,0,0,0,0,0,0,0
1,0,0,0,0,0,0,0,0,0
1,0,0,0,0,0,0,0,0,0
1,0,0,0,0,0,0,0,0,0
1,0,0,0,0,0,0,0,0,0
1,0,0,0,0,0,0,0,0,0
1,0,0,0,0,0,0,0,0,0
1,0,0,0,0,0,0,0,0,0
1,0,0,0,0,0,0,0,0,0
1,0,0,0,0,0,0,0,0,0
1,0,0,0,0,0,0,0,0,0
1,0,0,0,0,0,0,0,0,0
1,0,0,0,0,0,0,0,0,0
1,0,0,0,0,0,0,0,0,0
1,0,0,0,0,0,0,0,0,0
1,0,0,0,0,0,0,0,0,0
1,0,0,0,0,0,0,0,0,0
1,0,0,0,0,0,0,0,0,0
1,0,0,0,0,0,0,0,0,0
1,0,0,0,0,0,0,0,0,0
1,0,0,0,0,0,0,0,0,0
1,0,0,0,0,0,0,0,0,0
1,0,0,0,0,0,0,0,0,0
1,0,0,0,0,0,0,0,0,0
1,0,0,0,0,0,0,0,0,0
1,0,0,0,0,0,0,0,0,0
1,0,0,0,0,0,0,0,0,0
1,0,0,0,0,0,0,0,0,0
1,0,0,0,0,0,0,0,0,0
1,0,0,0,0,0,0,0,0,0
1,0,0,0,0,0,0,0,0,0
1,0,0,0,0,0,0,0,0,0
1,0,0,0,0,0,0,0,0,0
1,0,0,0,0,0,0,0,0,0
1,0,0,0,0,0,0,0,0,0
1,0,0,0,0,0,0,0,0,0
1,0,0,0,0,0,0,0,0,0
1,0,0,0,0,0,0,0,0,0
1,0,0,0,0,0,0,0,0,0
1,0,0,0,0,0,0,0,0,0
1,0,0,0,0,0,0,0,0,0
1,0,0,0,0,0,0,0,0,0
1,0,0,0,0,0,0,0,0,0
1,0,0,0,0,0,0,0,0,0
1,0,0,0,0,0,0,0,0,0
1,0,0,0,0,0,0,0,0,0
1,0,0,0,0,0,0,0,0,0
1,0,0,0,0,0,0,0,0,0
1,0,0,0,0,0,0,0,0,0
1,0,0,0,0,0,0,0,0,0
1,0,0,0,0,0,0,0,0,0
1,0,0,0,0,0,0,0,0,0
1,0,0,0,0,0,0,0,0,0
1,0,0,0,0,0,0,0,0,0
1,0,0,0,0,0,0,0,0,0
1,0,0,0,0,0,0,0,0,0
1,0,0,0,0,0,0,0,0,0
1,0,0,0,0,0,0,0,0,0
1,0,0,0,0,0,0,0,0,0
1,0,0,0,0,0,0,0,0,0
1,0,0,0,0,0,0,0,0,0
1,0,0,0,0,0,0,0,0,0
1,0,0,0,0,0,0,0,0,0
1,0,0,0,0,0,0,0,0,0
1,0,0,0,0,0,0,0,0,0
1,0,0,0,0,0,0,0,0,0
1,0,0,0,0,0,0,0,0,0
1,0,0,0,0,0,0,0,0,0
1,0,0,0,0,0,0,0,0,0
1,0,0,0,0,0,0,0,0,0
1,0,0,0,0,0,0,0,0,0
1,0,0,0,0,0,0,0,0,0
1,0,0,0,0,0,0,0,0,0
1,0,0,0,0,0,0,0,0,0
1,0,0,0,0,0,0,0,0,0
1,0,0,0,0,0,0,0,0,0
1,0,0,0,0,0,0,0,0,0
1,0,0,0,0,0,0,0,0,0
1,0,0,0,0,0,0,0,0,0
1,0,0,0,0,0,0,0,0,0
1,0,0,0,0,0,0,0,0,0
1,0,0,0,0,0,0,0,0,0
1,0,0,0,0,0,0,0,0,0
1,0,0,0,0,0,0,0,0,0
1,0,0,0,0,0,0,0,0,0
1,0,0,0,0,0,0,0,0,0
1,0,0,0,0,0,0,0,0,0
1,0,0,0,0,0,0,0,0,0
1,0,0,0,0,0,0,0,0,0
1,0,0,0,0,0,0,0,0,0
1,0,0,0,0,0,0,0,0,0
1,0,0,0,0,0,0,0,0,0
1,0,0,0,0,0,0,0,0,0
1,0,0,0,0,0,0,0,0,0
1,0,0,0,0,0,0,0,0,0
1,0,0,0,0,0,0,0,0,0
1,0,0,0,0,0,0,0,0,0
1,0,0,0,0,0,0,0,0,0
1,0,0,0,0,0,0,0,0,0
1,0,0,0,0,0,0,0,0,0
1,0,0,0,0,0,0,0,0,0
1,0,0,0,0,0,0,0,0,0
1,0,0,0,0,0,0,0,0,0
1,0,0,0,0,0,0,0,0,0
1,0,0,0,0,0,0,0,0,0
1,0,0,0,0,0,0,0,0,0
1,0,0,0,0,0,0,0,0,0
1,0,0,0,0,0,0,0,0,0
1,0,0,0,0,0,0,0,0,0
1,0,0,0,0,0,0,0,0,0
1,0,0,0,0,0,0,0,0,0
1,0,0,0,0,0,0,0,0,0
1,0,0,0,0,0,0,0,0,0
1,0,0,0,0,0,0,0,0,0
1,0,0,0,0,0,0,0,0,0
1,0,0,0,0,0,0,0,0,0
1,0,0,0,0,0,0,0,0,0
1,0,0,0,0,0,0,0,0,0
1,0,0,0,0,0,0,0,0,0
1,0,0,0,0,0,0,0,0,0
1,0,0,0,0,0,0,0,0,0
1,0,0,0,0,0,0,0,0,0
1,0,0,0,0,0,0,0,0,0
1,0,0,0,0,0,0,0,0,0
1,0,0,0,0,0,0,0,0,0
1,0,0,0,0,0,0,0,0,0
1,0,0,0,0,0,0,0,0,0
1,0,0,0,0,0,0,0,0,0
1,0,0,0,0,0,0,0,0,0
1,0,0,0,0,0,0,0,0,0
1,0,0,0,0,0,0,0,0,0
1,0,0,0,0,0,0,0,0,0
1,0,0,0,0,0,0,0,0,0
1,0,0,0,0,0,0,0,0,0
1,0,0,0,0,0,0,0,0,0
1,0,0,0,0,0,0,0,0,0
1,0,0,0,0,0,0,0,0,0
1,0,0,0,0,0,0,0,0,0
1,0,0,0,0,0,0,0,0,0
1,0,0,0,0,0,0,0,0,0
1,0,0,0,0,0,0,0,0,0
1,0,0,0,0,0,0,0,0,0
1,0,0,0,0,0,0,0,0,0
1,0,0,0,0,0,0,0,0,0
1,0,0,0,0,0,0,0,0,0
1,0,0,0,0,0,0,0,0,0
1,0,0,0,0,0,0,0,0,0
1,0,0,0,0,0,0,0,0,0
1,0,0,0,0,0,0,0,0,0
1,0,0,0,0,0,0,0,0,0
1,0,0,0,0,0,0,0,0,0
1,0,0,0,0,0,0,0,0,0
1,0,0,0,0,0,0,0,0,0
1,0,0,0,0,0,0,0,0,0
1,0,0,0,0,0,0,0,0,0
1,0,0,0,0,0,0,0,0,0
1,0,0,0,0,0,0,0,0,0
1,0,0,0,0,0,0,0,0,0
1,0,0,0,0,0,0,0,0,0
1,0,0,0,0,0,0,0,0,0
1,0,0,0,0,0,0,0,0,0
1,0,0,0,0,0,0,0,0,0
1,0,0,0,0,0,0,0,0,0
1,0,0,0,0,0,0,0,0,0
1,0,0,0,0,0,0,0,0,0
1,0,0,0,0,0,0,0,0,0
1,0,0,0,0,0,0,0,0,0
1,0,0,0,0,0,0,0,0,0
1,0,0,0,0,0,0,0,0,0
1,0,0,0,0,0,0,0,0,0
1,0,0,0,0,0,0,0,0,0
1,0,0,0,0,0,0,0,0,0
1,0,0,0,0,0,0,0,0,0
1,0,0,0,0,0,0,0,0,0
1,0,0,0,0,0,0,0,0,0
1,0,0,0,0,0,0,0,0,0
1,0,0,0,0,0,0,0,0,0
1,0,0,0,0,0,0,0,0,0
1,0,0,0,0,0,0,0,0,0
1,0,0,0,0,0,0,0,0,0
1,0,0,0,0,0,0,0,0,0
1,0,0,0,0,0,0,0,0,0
1,0,0,0,0,0,0,0,0,0
1,0,0,0,0,0,0,0,0,0
1,0,0,0,0,0,0,0,0,0
1,0,0,0,0,0,0,0,0,0
1,0,0,0,0,0,0,0,0,0
1,0,0,0,0,0,0,0,0,0
1,0,0,0,0,0,0,0,0,0
1,0,0,0,0,0,0,0,0,0
1,0,0,0,0,0,0,0,0,0
1,0,0,0,0,0,0,0,0,0
1,0,0,0,0,0,0,0,0,0
1,0,0,0,0,0,0,0,0,0
1,0,0,0,0,0,0,0,0,0
1,0,0,0,0,0,0,0,0,0
1,0,0,0,0,0,0,0,0,0
1,0,0,0,0,0,0,0,0,0
1,0,0,0,0,0,0,0,0,0
1,0,0,0,0,0,0,0,0,0
1,0,0,0,0,0,0,0,0,0
1,0,0,0,0,0,0,0,0,0
1,0,0,0,0,0,0,0,0,0
1,0,0,0,0,0,0,0,0,0
1,0,0,0,0,0,0,0,0,0
1,0,0,0,0,0,0,0,0,0
1,0,0,0,0,0,0,0,0,0
1,0,0,0,0,0,0,0,0,0
1,0,0,0,0,0,0,0,0,0
1,0,0,0,0,0,0,0,0,0
1,0,0,0,0,0,0,0,0,0
1,0,0,0,0,0,0,0,0,0
1,0,0,0,0,0,0,0,0,0
1,0,0,0,0,0,0,0,0,0
1,0,0,0,0,0,0,0,0,0
1,0,0,0,0,0,0,0,0,0
1,0,0,0,0,0,0,0,0,0
1,0,0,0,0,0,0,0,0,0
1,0,0,0,0,0,0,0,0,0
1,0,0,0,0,0,0,0,0,0
1,0,0,0,0,0,0,0,0,0
1,0,0,0,0,0,0,0,0,0
1,0,0,0,0,0,0,0,0,0
1,0,0,0,0,0,0,0,0,0
1,0,0,0,0,0,0,0,0,0
1,0,0,0,0,0,0,0,0,0
1,0,0,0,0,0,0,0,0,0
1,0,0,0,0,0,0,0,0,0
1,0,0,0,0,0,0,0,0,0
1,0,0,0,0,0,0,0,0,0
1,0,0,0,0,0,0,0,0,0
1,0,0,0,0,0,0,0,0,0
1,0,0,0,0,0,0,0,0,0
1,0,0,0,0,0,0,0,0,0
1,0,0,0,0,0,0,0,0,0
1,0,0,0,0,0,0,0,0,0
1,0,0,0,0,0,0,0,0,0
1,0,0,0,0,0,0,0,0,0
1,0,0,0,0,0,0,0,0,0
1,0,0,0,0,0,0,0,0,0
1,0,0,0,0,0,0,0,0,0
1,0,0,0,0,0,0,0,0,0
1,0,0,0,0,0,0,0,0,0
1,0,0,0,0,0,0,0,0,0
1,0,0,0,0,0,0,0,0,0
1,0,0,0,0,0,0,0,0,0
1,0,0,0,0,0,0,0,0,0
1,0,0,0,0,0,0,0,0,0
1,0,0,0,0,0,0,0,0,0
1,0,0,0,0,0,0,0,0,0
1,0,0,0,0,0,0,0,0,0
1,0,0,0,0,0,0,0,0,0
1,0,0,0,0,0,0,0,0,0
1,0,0,0,0,0,0,0,0,0
1,0,0,0,0,0,0,0,0,0
1,0,0,0,0,0,0,0,0,0
1,0,0,0,0,0,0,0,0,0
1,0,0,0,0,0,0,0,0,0
1,0,0,0,0,0,0,0,0,0
1,0,0,0,0,0,0,0,0,0
1,0,0,0,0,0,0,0,0,0
1,0,0,0,0,0,0,0,0,0
1,0,0,0,0,0,0,0,0,0
1,0,0,0,0,0,0,0,0,0
1,0,0,0,0,0,0,0,0,0
1,0,0,0,0,0,0,0,0,0
1,0,0,0,0,0,0,0,0,0
1,0,0,0,0,0,0,0,0,0
1,0,0,0,0,0,0,0,0,0
1,0,0,0,0,0,0,0,0,0
1,0,0,0,0,0,0,0,0,0
1,0,0,0,0,0,0,0,0,0
1,0,0,0,0,0,0,0,0,0
1,0,0,0,0,0,0,0,0,0
1,0,0,0,0,0,0,0,0,0
1,0,0,0,0,0,0,0,0,0
1,0,0,0,0,0,0,0,0,0
1,0,0,0,0,0,0,0,0,0
1,0,0,0,0,0,0,0,0,0
1,0,0,0,0,0,0,0,0,0
1,0,0,0,0,0,0,0,0,0
1,0,0,0,0,0,0,0,0,0
1,0,0,0,0,0,0,0,0,0
1,0,0,0,0,0,0,0,0,0
1,0,0,0,0,0,0,0,0,0
1,0,0,0,0,0,0,0,0,0
1,0,0,0,0,0,0,0,0,0
1,0,0,0,0,0,0,0,0,0
1,0,0,0,0,0,0,0,0,0
1,0,0,0,0,0,0,0,0,0
1,0,0,0,0,0,0,0,0,0
1,0,0,0,0,0,0,0,0,0
1,0,0,0,0,0,0,0,0,0
1,0,0,0,0,0,0,0,0,0
1,0,0,0,0,0,0,0,0,0
1,0,0,0,0,0,0,0,0,0
1,0,0,0,0,0,0,0,0,0
1,0,0,0,0,0,0,0,0,0
1,0,0,0,0,0,0,0,0,0
1,0,0,0,0,0,0,0,0,0
1,0,0,0,0,0,0,0,0,0
1,0,0,0,0,0,0,0,0,0
1,0,0,0,0,0,0,0,0,0
1,0,0,0,0,0,0,0,0,0
1,0,0,0,0,0,0,0,0,0
1,0,0,0,0,0,0,0,0,0
1,0,0,0,0,0,0,0,0,0
1,0,0,0,0,0,0,0,0,0
1,0,0,0,0,0,0,0,0,0
1,0,0,0,0,0,0,0,0,0
1,0,0,0,0,0,0,0,0,0
1,0,0,0,0,0,0,0,0,0
1,0,0,0,0,0,0,0,0,0
1,0,0,0,0,0,0,0,0,0
1,0,0,0,0,0,0,0,0,0
1,0,0,0,0,0,0,0,0,0
1,0,0,0,0,0,0,0,0,0
1,0,0,0,0,0,0,0,0,0
1,0,0,0,0,0,0,0,0,0
1,0,0,0,0,0,0,0,0,0
1,0,0,0,0,0,0,0,0,0
1,0,0,0,0,0,0,0,0,0
1,0,0,0,0,0,0,0,0,0
1,0,0,0,0,0,0,0,0,0
1,0,0,0,0,0,0,0,0,0
1,0,0,0,0,0,0,0,0,0
1,0,0,0,0,0,0,0,0,0
1,0,0,0,0,0,0,0,0,0
1,0,0,0,0,0,0,0,0,0
1,0,0,0,0,0,0,0,0,0
1,0,0,0,0,0,0,0,0,0
1,0,0,0,0,0,0,0,0,0
1,0,0,0,0,0,0,0,0,0
1,0,0,0,0,0,0,0,0,0
1,0,0,0,0,0,0,0,0,0
1,0,0,0,0,0,0,0,0,0
1,0,0,0,0,0,0,0,0,0
1,0,0,0,0,0,0,0,0,0
1,0,0,0,0,0,0,0,0,0
1,0,0,0,0,0,0,0,0,0
1,0,0,0,0,0,0,0,0,0
1,0,0,0,0,0,0,0,0,0
1,0,0,0,0,0,0,0,0,0
1,0,0,0,0,0,0,0,0,0
1,0,0,0,0,0,0,0,0,0
1,0,0,0,0,0,0,0,0,0
1,0,0,0,0,0,0,0,0,0
1,0,0,0,0,0,0,0,0,0
1,0,0,0,0,0,0,0,0,0
1,0,0,0,0,0,0,0,0,0
1,0,0,0,0,0,0,0,0,0
1,0,0,0,0,0,0,0,0,0
1,0,0,0,0,0,0,0,0,0
1,0,0,0,0,0,0,0,0,0
1,0,0,0,0,0,0,0,0,0
1,0,0,0,0,0,0,0,0,0
1,0,0,0,0,0,0,0,0,0
1,0,0,0,0,0,0,0,0,0
1,0,0,0,0,0,0,0,0,0
1,0,0,0,0,0,0,0,0,0
1,0,0,0,0,0,0,0,0,0
1,0,0,0,0,0,0,0,0,0
1,0,0,0,0,0,0,0,0,0
1,0,0,0,0,0,0,0,0,0
1,0,0,0,0,0,0,0,0,0
1,0,0,0,0,0,0,0,0,0
1,0,0,0,0,0,0,0,0,0
1,0,0,0,0,0,0,0,0,0
1,0,0,0,0,0,0,0,0,0
1,0,0,0,0,0,0,0,0,0
1,0,0,0,0,0,0,0,0,0
1,0,0,0,0,0,0,0,0,0
1,0,0,0,0,0,0,0,0,0
1,0,0,0,0,0,0,0,0,0
1,0,0,0,0,0,0,0,0,0
1,0,0,0,0,0,0,0,0,0
1,0,0,0,0,0,0,0,0,0
1,0,0,0,0,0,0,0,0,0
1,0,0,0,0,0,0,0,0,0
1,0,0,0,0,0,0,0,0,0
1,0,0,0,0,0,0,0,0,0
1,0,0,0,0,0,0,0,0,0
1,0,0,0,0,0,0,0,0,0
1,0,0,0,0,0,0,0,0,0
1,0,0,0,0,0,0,0,0,0
1,0,0,0,0,0,0,0,0,0
1,0,0,0,0,0,0,0,0,0
1,0,0,0,0,0,0,0,0,0
1,0,0,0,0,0,0,0,0,0
1,0,0,0,0,0,0,0,0,0
1,0,0,0,0,0,0,0,0,0
1,0,0,0,0,0,0,0,0,0
1,0,0,0,0,0,0,0,0,0
1,0,0,0,0,0,0,0,0,0
1,0,0,0,0,0,0,0,0,0
1,0,0,0,0,0,0,0,0,0
1,0,0,0,0,0,0,0,0,0
1,0,0,0,0,0,0,0,0,0
1,0,0,0,0,0,0,0,0,0
1,0,0,0,0,0,0,0,0,0
1,0,0,0,0,0,0,0,0,0
1,0,0,0,0,0,0,0,0,0
1,0,0,0,0,0,0,0,0,0
1,0,0,0,0,0,0,0,0,0
1,0,0,0,0,0,0,0,0,0
1,0,0,0,0,0,0,0,0,0
1,0,0,0,0,0,0,0,0,0
1,0,0,0,0,0,0,0,0,0
1,0,0,0,0,0,0,0,0,0
1,0,0,0,0,0,0,0,0,0
1,0,0,0,0,0,0,0,0,0
1,0,0,0,0,0,0,0,0,0
1,0,0,0,0,0,0,0,0,0
1,0,0,0,0,0,0,0,0,0
1,0,0,0,0,0,0,0,0,0
1,0,0,0,0,0,0,0,0,0
1,0,0,0,0,0,0,0,0,0
1,0,0,0,0,0,0,0,0,0
1,0,0,0,0,0,0,0,0,0
1,0,0,0,0,0,0,0,0,0
1,0,0,0,0,0,0,0,0,0
1,0,0,0,0,0,0,0,0,0
1,0,0,0,0,0,0,0,0,0
1,0,0,0,0,0,0,0,0,0
1,0,0,0,0,0,0,0,0,0
1,0,0,0,0,0,0,0,0,0
1,0,0,0,0,0,0,0,0,0
1,0,0,0,0,0,0,0,0,0
1,0,0,0,0,0,0,0,0,0
1,0,0,0,0,0,0,0,0,0
1,0,0,0,0,0,0,0,0,0
1,0,0,0,0,0,0,0,0,0
1,0,0,0,0,0,0,0,0,0
1,0,0,0,0,0,0,0,0,0
1,0,0,0,0,0,0,0,0,0
1,0,0,0,0,0,0,0,0,0
1,0,0,0,0,0,0,0,0,0
1,0,0,0,0,0,0,0,0,0
1,0,0,0,0,0,0,0,0,0
1,0,0,0,0,0,0,0,0,0
1,0,0,0,0,0,0,0,0,0
1,0,0,0,0,0,0,0,0,0
1,0,0,0,0,0,0,0,0,0
1,0,0,0,0,0,0,0,0,0
1,0,0,0,0,0,0,0,0,0
1,0,0,0,0,0,0,0,0,0
1,0,0,0,0,0,0,0,0,0
1,0,0,0,0,0,0,0,0,0
1,0,0,0,0,0,0,0,0,0
1,0,0,0,0,0,0,0,0,0
1,0,0,0,0,0,0,0,0,0
1,0,0,0,0,0,0,0,0,0
1,0,0,0,0,0,0,0,0,0
1,0,0,0,0,0,0,0,0,0
1,0,0,0,0,0,0,0,0,0
1,0,0,0,0,0,0,0,0,0
1,0,0,0,0,0,0,0,0,0
1,0,0,0,0,0,0,0,0,0
1,0,0,0,0,0,0,0,0,0
1,0,0,0,0,0,0,0,0,0
1,0,0,0,0,0,0,0,0,0
1,0,0,0,0,0,0,0,0,0
1,0,0,0,0,0,0,0,0,0
1,0,0,0,0,0,0,0,0,0
1,0,0,0,0,0,0,0,0,0
1,0,0,0,0,0,0,0,0,0
1,0,0,0,0,0,0,0,0,0
1,0,0,0,0,0,0,0,0,0
1,0,0,0,0,0,0,0,0,0
1,0,0,0,0,0,0,0,0,0
1,0,0,0,0,0,0,0,0,0
1,0,0,0,0,0,0,0,0,0
1,0,0,0,0,0,0,0,0,0
1,0,0,0,0,0,0,0,0,0
1,0,0,0,0,0,0,0,0,0
1,0,0,0,0,0,0,0,0,0
1,0,0,0,0,0,0,0,0,0
1,0,0,0,0,0,0,0,0,0
1,0,0,0,0,0,0,0,0,0
1,0,0,0,0,0,0,0,0,0
1,0,0,0,0,0,0,0,0,0
1,0,0,0,0,0,0,0,0,0
1,0,0,0,0,0,0,0,0,0
1,0,0,0,0,0,0,0,0,0
1,0,0,0,0,0,0,0,0,0
1,0,0,0,0,0,0,0,0,0
1,0,0,0,0,0,0,0,0,0
1,0,0,0,0,0,0,0,0,0
1,0,0,0,0,0,0,0,0,0
1,0,0,0,0,0,0,0,0,0
1,0,0,0,0,0,0,0,0,0
1,0,0,0,0,0,0,0,0,0
1,0,0,0,0,0,0,0,0,0
1,0,0,0,0,0,0,0,0,0
1,0,0,0,0,0,0,0,0,0
1,0,0,0,0,0,0,0,0,0
1,0,0,0,0,0,0,0,0,0
1,0,0,0,0,0,0,0,0,0
1,0,0,0,0,0,0,0,0,0
1,0,0,0,0,0,0,0,0,0
1,0,0,0,0,0,0,0,0,0
1,0,0,0,0,0,0,0,0,0
1,0,0,0,0,0,0,0,0,0
1,0,0,0,0,0,0,0,0,0
1,0,0,0,0,0,0,0,0,0
1,0,0,0,0,0,0,0,0,0
1,0,0,0,0,0,0,0,0,0
1,0,0,0,0,0,0,0,0,0
1,0,0,0,0,0,0,0,0,0
1,0,0,0,0,0,0,0,0,0
1,0,0,0,0,0,0,0,0,0
1,0,0,0,0,0,0,0,0,0
1,0,0,0,0,0,0,0,0,0
1,0,0,0,0,0,0,0,0,0
1,0,0,0,0,0,0,0,0,0
1,0,0,0,0,0,0,0,0,0
1,0,0,0,0,0,0,0,0,0
1,0,0,0,0,0,0,0,0,0
1,0,0,0,0,0,0,0,0,0
1,0,0,0,0,0,0,0,0,0
1,0,0,0,0,0,0,0,0,0
1,0,0,0,0,0,0,0,0,0
1,0,0,0,0,0,0,0,0,0
1,0,0,0,0,0,0,0,0,0
1,0,0,0,0,0,0,0,0,0
1,0,0,0,0,0,0,0,0,0
1,0,0,0,0,0,0,0,0,0
1,0,0,0,0,0,0,0,0,0
1,0,0,0,0,0,0,0,0,0
1,0,0,0,0,0,0,0,0,0
1,0,0,0,0,0,0,0,0,0
1,0,0,0,0,0,0,0,0,0
1,0,0,0,0,0,0,0,0,0
1,0,0,0,0,0,0,0,0,0
1,0,0,0,0,0,0,0,0,0
1,0,0,0,0,0,0,0,0,0
1,0,0,0,0,0,0,0,0,0
1,0,0,0,0,0,0,0,0,0
1,0,0,0,0,0,0,0,0,0
1,0,0,0,0,0,0,0,0,0
1,0,0,0,0,0,0,0,0,0
1,0,0,0,0,0,0,0,0,0
1,0,0,0,0,0,0,0,0,0
1,0,0,0,0,0,0,0,0,0
1,0,0,0,0,0,0,0,0,0
1,0,0,0,0,0,0,0,0,0
1,0,0,0,0,0,0,0,0,0
1,0,0,0,0,0,0,0,0,0
1,0,0,0,0,0,0,0,0,0
1,0,0,0,0,0,0,0,0,0
1,0,0,0,0,0,0,0,0,0
1,0,0,0,0,0,0,0,0,0
1,0,0,0,0,0,0,0,0,0
1,0,0,0,0,0,0,0,0,0
1,0,0,0,0,0,0,0,0,0
1,0,0,0,0,0,0,0,0,0
1,0,0,0,0,0,0,0,0,0
1,0,0,0,0,0,0,0,0,0
1,0,0,0,0,0,0,0,0,0
1,0,0,0,0,0,0,0,0,0
1,0,0,0,0,0,0,0,0,0
1,0,0,0,0,0,0,0,0,0
1,0,0,0,0,0,0,0,0,0
1,0,0,0,0,0,0,0,0,0
1,0,0,0,0,0,0,0,0,0
1,0,0,0,0,0,0,0,0,0
1,0,0,0,0,0,0,0,0,0
1,0,0,0,0,0,0,0,0,0
1,0,0,0,0,0,0,0,0,0
1,0,0,0,0,0,0,0,0,0
1,0,0,0,0,0,0,0,0,0
1,0,0,0,0,0,0,0,0,0
1,0,0,0,0,0,0,0,0,0
1,0,0,0,0,0,0,0,0,0
1,0,0,0,0,0,0,0,0,0
1,0,0,0,0,0,0,0,0,0
1,0,0,0,0,0,0,0,0,0
1,0,0,0,0,0,0,0,0,0
1,0,0,0,0,0,0,0,0,0
1,0,0,0,0,0,0,0,0,0
1,0,0,0,0,0,0,0,0,0
1,0,0,0,0,0,0,0,0,0
1,0,0,0,0,0,0,0,0,0
1,0,0,0,0,0,0,0,0,0
1,0,0,0,0,0,0,0,0,0
1,0,0,0,0,0,0,0,0,0
1,0,0,0,0,0,0,0,0,0
1,0,0,0,0,0,0,0,0,0
1,0,0,0,0,0,0,0,0,0
1,0,0,0,0,0,0,0,0,0
1,0,0,0,0,0,0,0,0,0
1,0,0,0,0,0,0,0,0,0
1,0,0,0,0,0,0,0,0,0
1,0,0,0,0,0,0,0,0,0
1,0,0,0,0,0,0,0,0,0
1,0,0,0,0,0,0,0,0,0
1,0,0,0,0,0,0,0,0,0
1,0,0,0,0,0,0,0,0,0
1,0,0,0,0,0,0,0,0,0
1,0,0,0,0,0,0,0,0,0
1,0,0,0,0,0,0,0,0,0
1,0,0,0,0,0,0,0,0,0
1,0,0,0,0,0,0,0,0,0
1,0,0,0,0,0,0,0,0,0
1,0,0,0,0,0,0,0,0,0
1,0,0,0,0,0,0,0,0,0
1,0,0,0,0,0,0,0,0,0
1,0,0,0,0,0,0,0,0,0
1,0,0,0,0,0,0,0,0,0
1,0,0,0,0,0,0,0,0,0
1,0,0,0,0,0,0,0,0,0
1,0,0,0,0,0,0,0,0,0
1,0,0,0,0,0,0,0,0,0
1,0,0,0,0,0,0,0,0,0
1,0,0,0,0,0,0,0,0,0
1,0,0,0,0,0,0,0,0,0
1,0,0,0,0,0,0,0,0,0
1,0,0,0,0,0,0,0,0,0
1,0,0,0,0,0,0,0,0,0
1,0,0,0,0,0,0,0,0,0
1,0,0,0,0,0,0,0,0,0
1,0,0,0,0,0,0,0,0,0
1,0,0,0,0,0,0,0,0,0
1,0,0,0,0,0,0,0,0,0
1,0,0,0,0,0,0,0,0,0
1,0,0,0,0,0,0,0,0,0
1,0,0,0,0,0,0,0,0,0
1,0,0,0,0,0,0,0,0,0
1,0,0,0,0,0,0,0,0,0
1,0,0,0,0,0,0,0,0,0
1,0,0,0,0,0,0,0,0,0
1,0,0,0,0,0,0,0,0,0
1,0,0,0,0,0,0,0,0,0
1,0,0,0,0,0,0,0,0,0
1,0,0,0,0,0,0,0,0,0
1,0,0,0,0,0,0,0,0,0
1,0,0,0,0,0,0,0,0,0
1,0,0,0,0,0,0,0,0,0
1,0,0,0,0,0,0,0,0,0
1,0,0,0,0,0,0,0,0,0
1,0,0,0,0,0,0,0,0,0
1,0,0,0,0,0,0,0,0,0
1,0,0,0,0,0,0,0,0,0
1,0,0,0,0,0,0,0,0,0
1,0,0,0,0,0,0,0,0,0
1,0,0,0,0,0,0,0,0,0
1,0,0,0,0,0,0,0,0,0
1,0,0,0,0,0,0,0,0,0
1,0,0,0,0,0,0,0,0,0
1,0,0,0,0,0,0,0,0,0
1,0,0,0,0,0,0,0,0,0
1,0,0,0,0,0,0,0,0,0
1,0,0,0,0,0,0,0,0,0
1,0,0,0,0,0,0,0,0,0
1,0,0,0,0,0,0,0,0,0
1,0,0,0,0,0,0,0,0,0
1,0,0,0,0,0,0,0,0,0
1,0,0,0,0,0,0,0,0,0
1,0,0,0,0,0,0,0,0,0
1,0,0,0,0,0,0,0,0,0
1,0,0,0,0,0,0,0,0,0
1,0,0,0,0,0,0,0,0,0
1,0,0,0,0,0,0,0,0,0
1,0,0,0,0,0,0,0,0,0
1,0,0,0,0,0,0,0,0,0
1,0,0,0,0,0,0,0,0,0
1,0,0,0,0,0,0,0,0,0
1,0,0,0,0,0,0,0,0,0
1,0,0,0,0,0,0,0,0,0
1,0,0,0,0,0,0,0,0,0
1,0,0,0,0,0,0,0,0,0
1,0,0,0,0,0,0,0,0,0
1,0,0,0,0,0,0,0,0,0
1,0,0,0,0,0,0,0,0,0
1,0,0,0,0,0,0,0,0,0
1,0,0,0,0,0,0,0,0,0
1,0,0,0,0,0,0,0,0,0
1,0,0,0,0,0,0,0,0,0
1,0,0,0,0,0,0,0,0,0
1,0,0,0,0,0,0,0,0,0
1,0,0,0,0,0,0,0,0,0
1,0,0,0,0,0,0,0,0,0
1,0,0,0,0,0,0,0,0,0
1,0,0,0,0,0,0,0,0,0
1,0,0,0,0,0,0,0,0,0
1,0,0,0,0,0,0,0,0,0
1,0,0,0,0,0,0,0,0,0
1,0,0,0,0,0,0,0,0,0
1,0,0,0,0,0,0,0,0,0
1,0,0,0,0,0,0,0,0,0
1,0,0,0,0,0,0,0,0,0
1,0,0,0,0,0,0,0,0,0
1,0,0,0,0,0,0,0,0,0
1,0,0,0,0,0,0,0,0,0
1,0,0,0,0,0,0,0,0,0
1,0,0,0,0,0,0,0,0,0
1,0,0,0,0,0,0,0,0,0
1,0,0,0,0,0,0,0,0,0
1,0,0,0,0,0,0,0,0,0
1,0,0,0,0,0,0,0,0,0
1,0,0,0,0,0,0,0,0,0
1,0,0,0,0,0,0,0,0,0
1,0,0,0,0,0,0,0,0,0
1,0,0,0,0,0,0,0,0,0
1,0,0,0,0,0,0,0,0,0
1,0,0,0,0,0,0,0,0,0
1,0,0,0,0,0,0,0,0,0
1,0,0,0,0,0,0,0,0,0
1,0,0,0,0,0,0,0,0,0
1,0,0,0,0,0,0,0,0,0
1,0,0,0,0,0,0,0,0,0
1,0,0,0,0,0,0,0,0,0
1,0,0,0,0,0,0,0,0,0
1,0,0,0,0,0,0,0,0,0
1,0,0,0,0,0,0,0,0,0
1,0,0,0,0,0,0,0,0,0
1,0,0,0,0,0,0,0,0,0
1,0,0,0,0,0,0,0,0,0
1,0,0,0,0,0,0,0,0,0
1,0,0,0,0,0,0,0,0,0
1,0,0,0,0,0,0,0,0,0
1,0,0,0,0,0,0,0,0,0
1,0,0,0,0,0,0,0,0,0
1,0,0,0,0,0,0,0,0,0
1,0,0,0,0,0,0,0,0,0
1,0,0,0,0,0,0,0,0,0
1,0,0,0,0,0,0,0,0,0
1,0,0,0,0,0,0,0,0,0
1,0,0,0,0,0,0,0,0,0
1,0,0,0,0,0,0,0,0,0
1,0,0,0,0,0,0,0,0,0
1,0,0,0,0,0,0,0,0,0
1,0,0,0,0,0,0,0,0,0
1,0,0,0,0,0,0,0,0,0
1,0,0,0,0,0,0,0,0,0
1,0,0,0,0,0,0,0,0,0
1,0,0,0,0,0,0,0,0,0
1,0,0,0,0,0,0,0,0,0
1,0,0,0,0,0,0,0,0,0
1,0,0,0,0,0,0,0,0,0
1,0,0,0,0,0,0,0,0,0
1,0,0,0,0,0,0,0,0,0
1,0,0,0,0,0,0,0,0,0
1,0,0,0,0,0,0,0,0,0
1,0,0,0,0,0,0,0,0,0
1,0,0,0,0,0,0,0,0,0
1,0,0,0,0,0,0,0,0,0
1,0,0,0,0,0,0,0,0,0
1,0,0,0,0,0,0,0,0,0
1,0,0,0,0,0,0,0,0,0
1,0,0,0,0,0,0,0,0,0
1,0,0,0,0,0,0,0,0,0
1,0,0,0,0,0,0,0,0,0
1,0,0,0,0,0,0,0,0,0
1,0,0,0,0,0,0,0,0,0
1,0,0,0,0,0,0,0,0,0
1,0,0,0,0,0,0,0,0,0
1,0,0,0,0,0,0,0,0,0
1,0,0,0,0,0,0,0,0,0
1,0,0,0,0,0,0,0,0,0
1,0,0,0,0,0,0,0,0,0
1,0,0,0,0,0,0,0,0,0
1,0,0,0,0,0,0,0,0,0
1,0,0,0,0,0,0,0,0,0
1,0,0,0,0,0,0,0,0,0
1,0,0,0,0,0,0,0,0,0
1,0,0,0,0,0,0,0,0,0
1,0,0,0,0,0,0,0,0,0
1,0,0,0,0,0,0,0,0,0
1,0,0,0,0,0,0,0,0,0
1,0,0,0,0,0,0,0,0,0
1,0,0,0,0,0,0,0,0,0
1,0,0,0,0,0,0,0,0,0
1,0,0,0,0,0,0,0,0,0
1,0,0,0,0,0,0,0,0,0
1,0,0,0,0,0,0,0,0,0
1,0,0,0,0,0,0,0,0,0
1,0,0,0,0,0,0,0,0,0
1,0,0,0,0,0,0,0,0,0
1,0,0,0,0,0,0,0,0,0
1,0,0,0,0,0,0,0,0,0
1,0,0,0,0,0,0,0,0,0
1,0,0,0,0,0,0,0,0,0
1,0,0,0,0,0,0,0,0,0
1,0,0,0,0,0,0,0,0,0
1,0,0,0,0,0,0,0,0,0
1,0,0,0,0,0,0,0,0,0
1,0,0,0,0,0,0,0,0,0
1,0,0,0,0,0,0,0,0,0
1,0,0,0,0,0,0,0,0,0
1,0,0,0,0,0,0,0,0,0
1,0,0,0,0,0,0,0,0,0
1,0,0,0,0,0,0,0,0,0
1,0,0,0,0,0,0,0,0,0
1,0,0,0,0,0,0,0,0,0
1,0,0,0,0,0,0,0,0,0
1,0,0,0,0,0,0,0,0,0
1,0,0,0,0,0,0,0,0,0
1,0,0,0,0,0,0,0,0,0
1,0,0,0,0,0,0,0,0,0
1,0,0,0,0,0,0,0,0,0
1,0,0,0,0,0,0,0,0,0
1,0,0,0,0,0,0,0,0,0
1,0,0,0,0,0,0,0,0,0
1,0,0,0,0,0,0,0,0,0
1,0,0,0,0,0,0,0,0,0
1,0,0,0,0,0,0,0,0,0
1,0,0,0,0,0,0,0,0,0
1,0,0,0,0,0,0,0,0,0
1,0,0,0,0,0,0,0,0,0
1,0,0,0,0,0,0,0,0,0
1,0,0,0,0,0,0,0,0,0
1,0,0,0,0,0,0,0,0,0
1,0,0,0,0,0,0,0,0,0
1,0,0,0,0,0,0,0,0,0
1,0,0,0,0,0,0,0,0,0
1,0,0,0,0,0,0,0,0,0
1,0,0,0,0,0,0,0,0,0
1,0,0,0,0,0,0,0,0,0
1,0,0,0,0,0,0,0,0,0
1,0,0,0,0,0,0,0,0,0
1,0,0,0,0,0,0,0,0,0
1,0,0,0,0,0,0,0,0,0
1,0,0,0,0,0,0,0,0,0
1,0,0,0,0,0,0,0,0,0
1,0,0,0,0,0,0,0,0,0
1,0,0,0,0,0,0,0,0,0
1,0,0,0,0,0,0,0,0,0
1,0,0,0,0,0,0,0,0,0
1,0,0,0,0,0,0,0,0,0
1,0,0,0,0,0,0,0,0,0
1,0,0,0,0,0,0,0,0,0
1,0,0,0,0,0,0,0,0,0
1,0,0,0,0,0,0,0,0,0
1,0,0,0,0,0,0,0,0,0
1,0,0,0,0,0,0,0,0,0
1,0,0,0,0,0,0,0,0,0
1,0,0,0,0,0,0,0,0,0
1,0,0,0,0,0,0,0,0,0
1,0,0,0,0,0,0,0,0,0
1,0,0,0,0,0,0,0,0,0
1,0,0,0,0,0,0,0,0,0
1,0,0,0,0,0,0,0,0,0
1,0,0,0,0,0,0,0,0,0
1,0,0,0,0,0,0,0,0,0
1,0,0,0,0,0,0,0,0,0
1,0,0,0,0,0,0,0,0,0
1,0,0,0,0,0,0,0,0,0
1,0,0,0,0,0,0,0,0,0
1,0,0,0,0,0,0,0,0,0
1,0,0,0,0,0,0,0,0,0
1,0,0,0,0,0,0,0,0,0
1,0,0,0,0,0,0,0,0,0
1,0,0,0,0,0,0,0,0,0
1,0,0,0,0,0,0,0,0,0
1,0,0,0,0,0,0,0,0,0
1,0,0,0,0,0,0,0,0,0
1,0,0,0,0,0,0,0,0,0
1,0,0,0,0,0,0,0,0,0
1,0,0,0,0,0,0,0,0,0
1,0,0,0,0,0,0,0,0,0
1,0,0,0,0,0,0,0,0,0
1,0,0,0,0,0,0,0,0,0
1,0,0,0,0,0,0,0,0,0
1,0,0,0,0,0,0,0,0,0
1,0,0,0,0,0,0,0,0,0
1,0,0,0,0,0,0,0,0,0
1,0,0,0,0,0,0,0,0,0
1,0,0,0,0,0,0,0,0,0
1,0,0,0,0,0,0,0,0,0
1,0,0,0,0,0,0,0,0,0
1,0,0,0,0,0,0,0,0,0
1,0,0,0,0,0,0,0,0,0
1,0,0,0,0,0,0,0,0,0
1,0,0,0,0,0,0,0,0,0
1,0,0,0,0,0,0,0,0,0
1,0,0,0,0,0,0,0,0,0
1,0,0,0,0,0,0,0,0,0
1,0,0,0,0,0,0,0,0,0
1,0,0,0,0,0,0,0,0,0
1,0,0,0,0,0,0,0,0,0
1,0,0,0,0,0,0,0,0,0
1,0,0,0,0,0,0,0,0,0
1,0,0,0,0,0,0,0,0,0
1,0,0,0,0,0,0,0,0,0
1,0,0,0,0,0,0,0,0,0
1,0,0,0,0,0,0,0,0,0
1,0,0,0,0,0,0,0,0,0
1,0,0,0,0,0,0,0,0,0
1,0,0,0,0,0,0,0,0,0
1,0,0,0,0,0,0,0,0,0
1,0,0,0,0,0,0,0,0,0
1,0,0,0,0,0,0,0,0,0
1,0,0,0,0,0,0,0,0,0
1,0,0,0,0,0,0,0,0,0
1,0,0,0,0,0,0,0,0,0
1,0,0,0,0,0,0,0,0,0
1,0,0,0,0,0,0,0,0,0
1,0,0,0,0,0,0,0,0,0
1,0,0,0,0,0,0,0,0,0
1,0,0,0,0,0,0,0,0,0
1,0,0,0,0,0,0,0,0,0
1,0,0,0,0,0,0,0,0,0
1,0,0,0,0,0,0,0,0,0
1,0,0,0,0,0,0,0,0,0
1,0,0,0,0,0,0,0,0,0
1,0,0,0,0,0,0,0,0,0
1,0,0,0,0,0,0,0,0,0
1,0,0,0,0,0,0,0,0,0
1,0,0,0,0,0,0,0,0,0
1,0,0,0,0,0,0,0,0,0
1,0,0,0,0,0,0,0,0,0
1,0,0,0,0,0,0,0,0,0
1,0,0,0,0,0,0,0,0,0
1,0,0,0,0,0,0,0,0,0
1,0,0,0,0,0,0,0,0,0
1,0,0,0,0,0,0,0,0,0
1,0,0,0,0,0,0,0,0,0
1,0,0,0,0,0,0,0,0,0
1,0,0,0,0,0,0,0,0,0
1,0,0,0,0,0,0,0,0,0
1,0,0,0,0,0,0,0,0,0
1,0,0,0,0,0,0,0,0,0
1,0,0,0,0,0,0,0,0,0
1,0,0,0,0,0,0,0,0,0
1,0,0,0,0,0,0,0,0,0
1,0,0,0,0,0,0,0,0,0
1,0,0,0,0,0,0,0,0,0
1,0,0,0,0,0,0,0,0,0
1,0,0,0,0,0,0,0,0,0
1,0,0,0,0,0,0,0,0,0
1,0,0,0,0,0,0,0,0,0
1,0,0,0,0,0,0,0,0,0
1,0,0,0,0,0,0,0,0,0
1,0,0,0,0,0,0,0,0,0
1,0,0,0,0,0,0,0,0,0
1,0,0,0,0,0,0,0,0,0
1,0,0,0,0,0,0,0,0,0
1,0,0,0,0,0,0,0,0,0
1,0,0,0,0,0,0,0,0,0
1,0,0,0,0,0,0,0,0,0
1,0,0,0,0,0,0,0,0,0
1,0,0,0,0,0,0,0,0,0
1,0,0,0,0,0,0,0,0,0
1,0,0,0,0,0,0,0,0,0
1,0,0,0,0,0,0,0,0,0
1,0,0,0,0,0,0,0,0,0
1,0,0,0,0,0,0,0,0,0
1,0,0,0,0,0,0,0,0,0
1,0,0,0,0,0,0,0,0,0
1,0,0,0,0,0,0,0,0,0
1,0,0,0,0,0,0,0,0,0
1,0,0,0,0,0,0,0,0,0
1,0,0,0,0,0,0,0,0,0
1,0,0,0,0,0,0,0,0,0
1,0,0,0,0,0,0,0,0,0
1,0,0,0,0,0,0,0,0,0
1,0,0,0,0,0,0,0,0,0
1,0,0,0,0,0,0,0,0,0
1,0,0,0,0,0,0,0,0,0
1,0,0,0,0,0,0,0,0,0
1,0,0,0,0,0,0,0,0,0
1,0,0,0,0,0,0,0,0,0
1,0,0,0,0,0,0,0,0,0
1,0,0,0,0,0,0,0,0,0
1,0,0,0,0,0,0,0,0,0
1,0,0,0,0,0,0,0,0,0
1,0,0,0,0,0,0,0,0,0
1,0,0,0,0,0,0,0,0,0
1,0,0,0,0,0,0,0,0,0
1,0,0,0,0,0,0,0,0,0
1,0,0,0,0,0,0,0,0,0
1,0,0,0,0,0,0,0,0,0
1,0,0,0,0,0,0,0,0,0
1,0,0,0,0,0,0,0,0,0
1,0,0,0,0,0,0,0,0,0
1,0,0,0,0,0,0,0,0,0
1,0,0,0,0,0,0,0,0,0
1,0,0,0,0,0,0,0,0,0
1,0,0,0,0,0,0,0,0,0
1,0,0,0,0,0,0,0,0,0
1,0,0,0,0,0,0,0,0,0
1,0,0,0,0,0,0,0,0,0
1,0,0,0,0,0,0,0,0,0
1,0,0,0,0,0,0,0,0,0
1,0,0,0,0,0,0,0,0,0
1,0,0,0,0,0,0,0,0,0
1,0,0,0,0,0,0,0,0,0
1,0,0,0,0,0,0,0,0,0
1,0,0,0,0,0,0,0,0,0
1,0,0,0,0,0,0,0,0,0
1,0,0,0,0,0,0,0,0,0
1,0,0,0,0,0,0,0,0,0
1,0,0,0,0,0,0,0,0,0
1,0,0,0,0,0,0,0,0,0
1,0,0,0,0,0,0,0,0,0
1,0,0,0,0,0,0,0,0,0
1,0,0,0,0,0,0,0,0,0
1,0,0,0,0,0,0,0,0,0
1,0,0,0,0,0,0,0,0,0
1,0,0,0,0,0,0,0,0,0
1,0,0,0,0,0,0,0,0,0
1,0,0,0,0,0,0,0,0,0
1,0,0,0,0,0,0,0,0,0
1,0,0,0,0,0,0,0,0,0
1,0,0,0,0,0,0,0,0,0
1,0,0,0,0,0,0,0,0,0
1,0,0,0,0,0,0,0,0,0
1,0,0,0,0,0,0,0,0,0
1,0,0,0,0,0,0,0,0,0
1,0,0,0,0,0,0,0,0,0
1,0,0,0,0,0,0,0,0,0
1,0,0,0,0,0,0,0,0,0
1,0,0,0,0,0,0,0,0,0
1,0,0,0,0,0,0,0,0,0
1,0,0,0,0,0,0,0,0,0
1,0,0,0,0,0,0,0,0,0
1,0,0,0,0,0,0,0,0,0
1,0,0,0,0,0,0,0,0,0
1,0,0,0,0,0,0,0,0,0
1,0,0,0,0,0,0,0,0,0
1,0,0,0,0,0,0,0,0,0
1,0,0,0,0,0,0,0,0,0
1,0,0,0,0,0,0,0,0,0
1,0,0,0,0,0,0,0,0,0
1,0,0,0,0,0,0,0,0,0
1,0,0,0,0,0,0,0,0,0
1,0,0,0,0,0,0,0,0,0
1,0,0,0,0,0,0,0,0,0
1,0,0,0,0,0,0,0,0,0
1,0,0,0,0,0,0,0,0,0
1,0,0,0,0,0,0,0,0,0
1,0,0,0,0,0,0,0,0,0
1,0,0,0,0,0,0,0,0,0
1,0,0,0,0,0,0,0,0,0
1,0,0,0,0,0,0,0,0,0
1,0,0,0,0,0,0,0,0,0
1,0,0,0,0,0,0,0,0,0
1,0,0,0,0,0,0,0,0,0
1,0,0,0,0,0,0,0,0,0
1,0,0,0,0,0,0,0,0,0
1,0,0,0,0,0,0,0,0,0
1,0,0,0,0,0,0,0,0,0
1,0,0,0,0,0,0,0,0,0
1,0,0,0,0,0,0,0,0,0
1,0,0,0,0,0,0,0,0,0
1,0,0,0,0,0,0,0,0,0
1,0,0,0,0,0,0,0,0,0
1,0,0,0,0,0,0,0,0,0
1,0,0,0,0,0,0,0,0,0
1,0,0,0,0,0,0,0,0,0
1,0,0,0,0,0,0,0,0,0
1,0,0,0,0,0,0,0,0,0
1,0,0,0,0,0,0,0,0,0
1,0,0,0,0,0,0,0,0,0
1,0,0,0,0,0,0,0,0,0
1,0,0,0,0,0,0,0,0,0
1,0,0,0,0,0,0,0,0,0
1,0,0,0,0,0,0,0,0,0
1,0,0,0,0,0,0,0,0,0
1,0,0,0,0,0,0,0,0,0
1,0,0,0,0,0,0,0,0,0
1,0,0,0,0,0,0,0,0,0
1,0,0,0,0,0,0,0,0,0
1,0,0,0,0,0,0,0,0,0
1,0,0,0,0,0,0,0,0,0
1,0,0,0,0,0,0,0,0,0
1,0,0,0,0,0,0,0,0,0
1,0,0,0,0,0,0,0,0,0
1,0,0,0,0,0,0,0,0,0
1,0,0,0,0,0,0,0,0,0
1,0,0,0,0,0,0,0,0,0
1,0,0,0,0,0,0,0,0,0
1,0,0,0,0,0,0,0,0,0
1,0,0,0,0,0,0,0,0,0
1,0,0,0,0,0,0,0,0,0
1,0,0,0,0,0,0,0,0,0
1,0,0,0,0,0,0,0,0,0
1,0,0,0,0,0,0,0,0,0
1,0,0,0,0,0,0,0,0,0
1,0,0,0,0,0,0,0,0,0
1,0,0,0,0,0,0,0,0,0
1,0,0,0,0,0,0,0,0,0
1,0,0,0,0,0,0,0,0,0
1,0,0,0,0,0,0,0,0,0
1,0,0,0,0,0,0,0,0,0
1,0,0,0,0,0,0,0,0,0
1,0,0,0,0,0,0,0,0,0
1,0,0,0,0,0,0,0,0,0
1,0,0,0,0,0,0,0,0,0
1,0,0,0,0,0,0,0,0,0
1,0,0,0,0,0,0,0,0,0
1,0,0,0,0,0,0,0,0,0
1,0,0,0,0,0,0,0,0,0
1,0,0,0,0,0,0,0,0,0
1,0,0,0,0,0,0,0,0,0
1,0,0,0,0,0,0,0,0,0
1,0,0,0,0,0,0,0,0,0
1,0,0,0,0,0,0,0,0,0
1,0,0,0,0,0,0,0,0,0
1,0,0,0,0,0,0,0,0,0
1,0,0,0,0,0,0,0,0,0
1,0,0,0,0,0,0,0,0,0
1,0,0,0,0,0,0,0,0,0
1,0,0,0,0,0,0,0,0,0
1,0,0,0,0,0,0,0,0,0
1,0,0,0,0,0,0,0,0,0
1,0,0,0,0,0,0,0,0,0
1,0,0,0,0,0,0,0,0,0
1,0,0,0,0,0,0,0,0,0
1,0,0,0,0,0,0,0,0,0
1,0,0,0,0,0,0,0,0,0
1,0,0,0,0,0,0,0,0,0
1,0,0,0,0,0,0,0,0,0
1,0,0,0,0,0,0,0,0,0
1,0,0,0,0,0,0,0,0,0
1,0,0,0,0,0,0,0,0,0
1,0,0,0,0,0,0,0,0,0
1,0,0,0,0,0,0,0,0,0
1,0,0,0,0,0,0,0,0,0
1,0,0,0,0,0,0,0,0,0
1,0,0,0,0,0,0,0,0,0
1,0,0,0,0,0,0,0,0,0
1,0,0,0,0,0,0,0,0,0
1,0,0,0,0,0,0,0,0,0
1,0,0,0,0,0,0,0,0,0
1,0,0,0,0,0,0,0,0,0
1,0,0,0,0,0,0,0,0,0
1,0,0,0,0,0,0,0,0,0
1,0,0,0,0,0,0,0,0,0
1,0,0,0,0,0,0,0,0,0
1,0,0,0,0,0,0,0,0,0
1,0,0,0,0,0,0,0,0,0
1,0,0,0,0,0,0,0,0,0
1,0,0,0,0,0,0,0,0,0
1,0,0,0,0,0,0,0,0,0
1,0,0,0,0,0,0,0,0,0
1,0,0,0,0,0,0,0,0,0
1,0,0,0,0,0,0,0,0,0
1,0,0,0,0,0,0,0,0,0
1,0,0,0,0,0,0,0,0,0
1,0,0,0,0,0,0,0,0,0
1,0,0,0,0,0,0,0,0,0
1,0,0,0,0,0,0,0,0,0
1,0,0,0,0,0,0,0,0,0
1,0,0,0,0,0,0,0,0,0
1,0,0,0,0,0,0,0,0,0
1,0,0,0,0,0,0,0,0,0
1,0,0,0,0,0,0,0,0,0
1,0,0,0,0,0,0,0,0,0
1,0,0,0,0,0,0,0,0,0
1,0,0,0,0,0,0,0,0,0
1,0,0,0,0,0,0,0,0,0
1,0,0,0,0,0,0,0,0,0
1,0,0,0,0,0,0,0,0,0
1,0,0,0,0,0,0,0,0,0
1,0,0,0,0,0,0,0,0,0
1,0,0,0,0,0,0,0,0,0
1,0,0,0,0,0,0,0,0,0
1,0,0,0,0,0,0,0,0,0
1,0,0,0,0,0,0,0,0,0
1,0,0,0,0,0,0,0,0,0
1,0,0,0,0,0,0,0,0,0
1,0,0,0,0,0,0,0,0,0
1,0,0,0,0,0,0,0,0,0
1,0,0,0,0,0,0,0,0,0
1,0,0,0,0,0,0,0,0,0
1,0,0,0,0,0,0,0,0,0
1,0,0,0,0,0,0,0,0,0
1,0,0,0,0,0,0,0,0,0
1,0,0,0,0,0,0,0,0,0
1,0,0,0,0,0,0,0,0,0
1,0,0,0,0,0,0,0,0,0
1,0,0,0,0,0,0,0,0,0
1,0,0,0,0,0,0,0,0,0
1,0,0,0,0,0,0,0,0,0
1,0,0,0,0,0,0,0,0,0
1,0,0,0,0,0,0,0,0,0
1,0,0,0,0,0,0,0,0,0
1,0,0,0,0,0,0,0,0,0
1,0,0,0,0,0,0,0,0,0
1,0,0,0,0,0,0,0,0,0
1,0,0,0,0,0,0,0,0,0
1,0,0,0,0,0,0,0,0,0
1,0,0,0,0,0,0,0,0,0
1,0,0,0,0,0,0,0,0,0
1,0,0,0,0,0,0,0,0,0
1,0,0,0,0,0,0,0,0,0
1,0,0,0,0,0,0,0,0,0
1,0,0,0,0,0,0,0,0,0
1,0,0,0,0,0,0,0,0,0
1,0,0,0,0,0,0,0,0,0
1,0,0,0,0,0,0,0,0,0
1,0,0,0,0,0,0,0,0,0
1,0,0,0,0,0,0,0,0,0
1,0,0,0,0,0,0,0,0,0
1,0,0,0,0,0,0,0,0,0
1,0,0,0,0,0,0,0,0,0
1,0,0,0,0,0,0,0,0,0
1,0,0,0,0,0,0,0,0,0
1,0,0,0,0,0,0,0,0,0
1,0,0,0,0,0,0,0,0,0
1,0,0,0,0,0,0,0,0,0
1,0,0,0,0,0,0,0,0,0
1,0,0,0,0,0,0,0,0,0
1,0,0,0,0,0,0,0,0,0
1,0,0,0,0,0,0,0,0,0
1,0,0,0,0,0,0,0,0,0
1,0,0,0,0,0,0,0,0,0
1,0,0,0,0,0,0,0,0,0
1,0,0,0,0,0,0,0,0,0
1,0,0,0,0,0,0,0,0,0
1,0,0,0,0,0,0,0,0,0
1,0,0,0,0,0,0,0,0,0
1,0,0,0,0,0,0,0,0,0
1,0,0,0,0,0,0,0,0,0
1,0,0,0,0,0,0,0,0,0
1,0,0,0,0,0,0,0,0,0
1,0,0,0,0,0,0,0,0,0
1,0,0,0,0,0,0,0,0,0
1,0,0,0,0,0,0,0,0,0
1,0,0,0,0,0,0,0,0,0
1,0,0,0,0,0,0,0,0,0
1,0,0,0,0,0,0,0,0,0
1,0,0,0,0,0,0,0,0,0
1,0,0,0,0,0,0,0,0,0
1,0,0,0,0,0,0,0,0,0
1,0,0,0,0,0,0,0,0,0
1,0,0,0,0,0,0,0,0,0
1,0,0,0,0,0,0,0,0,0
1,0,0,0,0,0,0,0,0,0
1,0,0,0,0,0,0,0,0,0
1,0,0,0,0,0,0,0,0,0
1,0,0,0,0,0,0,0,0,0
1,0,0,0,0,0,0,0,0,0
1,0,0,0,0,0,0,0,0,0
1,0,0,0,0,0,0,0,0,0
1,0,0,0,0,0,0,0,0,0
1,0,0,0,0,0,0,0,0,0
1,0,0,0,0,0,0,0,0,0
1,0,0,0,0,0,0,0,0,0
1,0,0,0,0,0,0,0,0,0
1,0,0,0,0,0,0,0,0,0
1,0,0,0,0,0,0,0,0,0
1,0,0,0,0,0,0,0,0,0
1,0,0,0,0,0,0,0,0,0
1,0,0,0,0,0,0,0,0,0
1,0,0,0,0,0,0,0,0,0
1,0,0,0,0,0,0,0,0,0
1,0,0,0,0,0,0,0,0,0
1,0,0,0,0,0,0,0,0,0
1,0,0,0,0,0,0,0,0,0
1,0,0,0,0,0,0,0,0,0
1,0,0,0,0,0,0,0,0,0
1,0,0,0,0,0,0,0,0,0
1,0,0,0,0,0,0,0,0,0
1,0,0,0,0,0,0,0,0,0
1,0,0,0,0,0,0,0,0,0
1,0,0,0,0,0,0,0,0,0
1,0,0,0,0,0,0,0,0,0
1,0,0,0,0,0,0,0,0,0
1,0,0,0,0,0,0,0,0,0
1,0,0,0,0,0,0,0,0,0
1,0,0,0,0,0,0,0,0,0
1,0,0,0,0,0,0,0,0,0
1,0,0,0,0,0,0,0,0,0
1,0,0,0,0,0,0,0,0,0
1,0,0,0,0,0,0,0,0,0
1,0,0,0,0,0,0,0,0,0
1,0,0,0,0,0,0,0,0,0
1,0,0,0,0,0,0,0,0,0
1,0,0,0,0,0,0,0,0,0
1,0,0,0,0,0,0,0,0,0
1,0,0,0,0,0,0,0,0,0
1,0,0,0,0,0,0,0,0,0
1,0,0,0,0,0,0,0,0,0
1,0,0,0,0,0,0,0,0,0
1,0,0,0,0,0,0,0,0,0
1,0,0,0,0,0,0,0,0,0
1,0,0,0,0,0,0,0,0,0
1,0,0,0,0,0,0,0,0,0
1,0,0,0,0,0,0,0,0,0
1,0,0,0,0,0,0,0,0,0
1,0,0,0,0,0,0,0,0,0
1,0,0,0,0,0,0,0,0,0
1,0,0,0,0,0,0,0,0,0
1,0,0,0,0,0,0,0,0,0
1,0,0,0,0,0,0,0,0,0
1,0,0,0,0,0,0,0,0,0
1,0,0,0,0,0,0,0,0,0
1,0,0,0,0,0,0,0,0,0
1,0,0,0,0,0,0,0,0,0
1,0,0,0,0,0,0,0,0,0
1,0,0,0,0,0,0,0,0,0
1,0,0,0,0,0,0,0,0,0
1,0,0,0,0,0,0,0,0,0
1,0,0,0,0,0,0,0,0,0
1,0,0,0,0,0,0,0,0,0
1,0,0,0,0,0,0,0,0,0
1,0,0,0,0,0,0,0,0,0
1,0,0,0,0,0,0,0,0,0
1,0,0,0,0,0,0,0,0,0
1,0,0,0,0,0,0,0,0,0
1,0,0,0,0,0,0,0,0,0
1,0,0,0,0,0,0,0,0,0
1,0,0,0,0,0,0,0,0,0
1,0,0,0,0,0,0,0,0,0
1,0,0,0,0,0,0,0,0,0
1,0,0,0,0,0,0,0,0,0
1,0,0,0,0,0,0,0,0,0
1,0,0,0,0,0,0,0,0,0
1,0,0,0,0,0,0,0,0,0
1,0,0,0,0,0,0,0,0,0
1,0,0,0,0,0,0,0,0,0
1,0,0,0,0,0,0,0,0,0
1,0,0,0,0,0,0,0,0,0
1,0,0,0,0,0,0,0,0,0
1,0,0,0,0,0,0,0,0,0
1,0,0,0,0,0,0,0,0,0
1,0,0,0,0,0,0,0,0,0
1,0,0,0,0,0,0,0,0,0
1,0,0,0,0,0,0,0,0,0
1,0,0,0,0,0,0,0,0,0
1,0,0,0,0,0,0,0,0,0
1,0,0,0,0,0,0,0,0,0
1,0,0,0,0,0,0,0,0,0
1,0,0,0,0,0,0,0,0,0
1,0,0,0,0,0,0,0,0,0
1,0,0,0,0,0,0,0,0,0
1,0,0,0,0,0,0,0,0,0
1,0,0,0,0,0,0,0,0,0
1,0,0,0,0,0,0,0,0,0
1,0,0,0,0,0,0,0,0,0
1,0,0,0,0,0,0,0,0,0
1,0,0,0,0,0,0,0,0,0
1,0,0,0,0,0,0,0,0,0
1,0,0,0,0,0,0,0,0,0
1,0,0,0,0,0,0,0,0,0
1,0,0,0,0,0,0,0,0,0
1,0,0,0,0,0,0,0,0,0
1,0,0,0,0,0,0,0,0,0
1,0,0,0,0,0,0,0,0,0
1,0,0,0,0,0,0,0,0,0
1,0,0,0,0,0,0,0,0,0
1,0,0,0,0,0,0,0,0,0
1,0,0,0,0,0,0,0,0,0
1,0,0,0,0,0,0,0,0,0
1,0,0,0,0,0,0,0,0,0
1,0,0,0,0,0,0,0,0,0
1,0,0,0,0,0,0,0,0,0
1,0,0,0,0,0,0,0,0,0
1,0,0,0,0,0,0,0,0,0
1,0,0,0,0,0,0,0,0,0
1,0,0,0,0,0,0,0,0,0
1,0,0,0,0,0,0,0,0,0
1,0,0,0,0,0,0,0,0,0
1,0,0,0,0,0,0,0,0,0
1,0,0,0,0,0,0,0,0,0
1,0,0,0,0,0,0,0,0,0
1,0,0,0,0,0,0,0,0,0
1,0,0,0,0,0,0,0,0,0
1,0,0,0,0,0,0,0,0,0
1,0,0,0,0,0,0,0,0,0
1,0,0,0,0,0,0,0,0,0
1,0,0,0,0,0,0,0,0,0
1,0,0,0,0,0,0,0,0,0
1,0,0,0,0,0,0,0,0,0
1,0,0,0,0,0,0,0,0,0
1,0,0,0,0,0,0,0,0,0
1,0,0,0,0,0,0,0,0,0
1,0,0,0,0,0,0,0,0,0
1,0,0,0,0,0,0,0,0,0
1,0,0,0,0,0,0,0,0,0
1,0,0,0,0,0,0,0,0,0
1,0,0,0,0,0,0,0,0,0
1,0,0,0,0,0,0,0,0,0
1,0,0,0,0,0,0,0,0,0
1,0,0,0,0,0,0,0,0,0
1,0,0,0,0,0,0,0,0,0
1,0,0,0,0,0,0,0,0,0
1,0,0,0,0,0,0,0,0,0
1,0,0,0,0,0,0,0,0,0
1,0,0,0,0,0,0,0,0,0
1,0,0,0,0,0,0,0,0,0
1,0,0,0,0,0,0,0,0,0
1,0,0,0,0,0,0,0,0,0
1,0,0,0,0,0,0,0,0,0
1,0,0,0,0,0,0,0,0,0
1,0,0,0,0,0,0,0,0,0
1,0,0,0,0,0,0,0,0,0
1,0,0,0,0,0,0,0,0,0
1,0,0,0,0,0,0,0,0,0
1,0,0,0,0,0,0,0,0,0
1,0,0,0,0,0,0,0,0,0
1,0,0,0,0,0,0,0,0,0
1,0,0,0,0,0,0,0,0,0
1,0,0,0,0,0,0,0,0,0
1,0,0,0,0,0,0,0,0,0
1,0,0,0,0,0,0,0,0,0
1,0,0,0,0,0,0,0,0,0
1,0,0,0,0,0,0,0,0,0
1,0,0,0,0,0,0,0,0,0
1,0,0,0,0,0,0,0,0,0
1,0,0,0,0,0,0,0,0,0
1,0,0,0,0,0,0,0,0,0
1,0,0,0,0,0,0,0,0,0
1,0,0,0,0,0,0,0,0,0
1,0,0,0,0,0,0,0,0,0
1,0,0,0,0,0,0,0,0,0
1,0,0,0,0,0,0,0,0,0
1,0,0,0,0,0,0,0,0,0
1,0,0,0,0,0,0,0,0,0
1,0,0,0,0,0,0,0,0,0
1,0,0,0,0,0,0,0,0,0
1,0,0,0,0,0,0,0,0,0
1,0,0,0,0,0,0,0,0,0
1,0,0,0,0,0,0,0,0,0
1,0,0,0,0,0,0,0,0,0
1,0,0,0,0,0,0,0,0,0
1,0,0,0,0,0,0,0,0,0
1,0,0,0,0,0,0,0,0,0
1,0,0,0,0,0,0,0,0,0
1,0,0,0,0,0,0,0,0,0
1,0,0,0,0,0,0,0,0,0
1,0,0,0,0,0,0,0,0,0
1,0,0,0,0,0,0,0,0,0
1,0,0,0,0,0,0,0,0,0
1,0,0,0,0,0,0,0,0,0
1,0,0,0,0,0,0,0,0,0
1,0,0,0,0,0,0,0,0,0
1,0,0,0,0,0,0,0,0,0
1,0,0,0,0,0,0,0,0,0
1,0,0,0,0,0,0,0,0,0
1,0,0,0,0,0,0,0,0,0
1,0,0,0,0,0,0,0,0,0
1,0,0,0,0,0,0,0,0,0
1,0,0,0,0,0,0,0,0,0
1,0,0,0,0,0,0,0,0,0
1,0,0,0,0,0,0,0,0,0
1,0,0,0,0,0,0,0,0,0
1,0,0,0,0,0,0,0,0,0
1,0,0,0,0,0,0,0,0,0
1,0,0,0,0,0,0,0,0,0
1,0,0,0,0,0,0,0,0,0
1,0,0,0,0,0,0,0,0,0
1,0,0,0,0,0,0,0,0,0
1,0,0,0,0,0,0,0,0,0
1,0,0,0,0,0,0,0,0,0
1,0,0,0,0,0,0,0,0,0
1,0,0,0,0,0,0,0,0,0
1,0,0,0,0,0,0,0,0,0
1,0,0,0,0,0,0,0,0,0
1,0,0,0,0,0,0,0,0,0
1,0,0,0,0,0,0,0,0,0
1,0,0,0,0,0,0,0,0,0
1,0,0,0,0,0,0,0,0,0
1,0,0,0,0,0,0,0,0,0
1,0,0,0,0,0,0,0,0,0
1,0,0,0,0,0,0,0,0,0
1,0,0,0,0,0,0,0,0,0
1,0,0,0,0,0,0,0,0,0
1,0,0,0,0,0,0,0,0,0
1,0,0,0,0,0,0,0,0,0
1,0,0,0,0,0,0,0,0,0
1,0,0,0,0,0,0,0,0,0
1,0,0,0,0,0,0,0,0,0
1,0,0,0,0,0,0,0,0,0
1,0,0,0,0,0,0,0,0,0
1,0,0,0,0,0,0,0,0,0
1,0,0,0,0,0,0,0,0,0
1,0,0,0,0,0,0,0,0,0
1,0,0,0,0,0,0,0,0,0
1,0,0,0,0,0,0,0,0,0
1,0,0,0,0,0,0,0,0,0
1,0,0,0,0,0,0,0,0,0
1,0,0,0,0,0,0,0,0,0
1,0,0,0,0,0,0,0,0,0
1,0,0,0,0,0,0,0,0,0
1,0,0,0,0,0,0,0,0,0
1,0,0,0,0,0,0,0,0,0
1,0,0,0,0,0,0,0,0,0
1,0,0,0,0,0,0,0,0,0
1,0,0,0,0,0,0,0,0,0
1,0,0,0,0,0,0,0,0,0
1,0,0,0,0,0,0,0,0,0
1,0,0,0,0,0,0,0,0,0
1,0,0,0,0,0,0,0,0,0
1,0,0,0,0,0,0,0,0,0
1,0,0,0,0,0,0,0,0,0
1,0,0,0,0,0,0,0,0,0
1,0,0,0,0,0,0,0,0,0
1,0,0,0,0,0,0,0,0,0
1,0,0,0,0,0,0,0,0,0
1,0,0,0,0,0,0,0,0,0
1,0,0,0,0,0,0,0,0,0
1,0,0,0,0,0,0,0,0,0
1,0,0,0,0,0,0,0,0,0
1,0,0,0,0,0,0,0,0,0
1,0,0,0,0,0,0,0,0,0
1,0,0,0,0,0,0,0,0,0
1,0,0,0,0,0,0,0,0,0
1,0,0,0,0,0,0,0,0,0
1,0,0,0,0,0,0,0,0,0
1,0,0,0,0,0,0,0,0,0
1,0,0,0,0,0,0,0,0,0
1,0,0,0,0,0,0,0,0,0
1,0,0,0,0,0,0,0,0,0
1,0,0,0,0,0,0,0,0,0
1,0,0,0,0,0,0,0,0,0
1,0,0,0,0,0,0,0,0,0
1,0,0,0,0,0,0,0,0,0
1,0,0,0,0,0,0,0,0,0
1,0,0,0,0,0,0,0,0,0
1,0,0,0,0,0,0,0,0,0
1,0,0,0,0,0,0,0,0,0
1,0,0,0,0,0,0,0,0,0
1,0,0,0,0,0,0,0,0,0
1,0,0,0,0,0,0,0,0,0
1,0,0,0,0,0,0,0,0,0
1,0,0,0,0,0,0,0,0,0
1,0,0,0,0,0,0,0,0,0
1,0,0,0,0,0,0,0,0,0
1,0,0,0,0,0,0,0,0,0
1,0,0,0,0,0,0,0,0,0
1,0,0,0,0,0,0,0,0,0
1,0,0,0,0,0,0,0,0,0
1,0,0,0,0,0,0,0,0,0
1,0,0,0,0,0,0,0,0,0
1,0,0,0,0,0,0,0,0,0
1,0,0,0,0,0,0,0,0,0
1,0,0,0,0,0,0,0,0,0
1,0,0,0,0,0,0,0,0,0
1,0,0,0,0,0,0,0,0,0
1,0,0,0,0,0,0,0,0,0
1,0,0,0,0,0,0,0,0,0
1,0,0,0,0,0,0,0,0,0
1,0,0,0,0,0,0,0,0,0
1,0,0,0,0,0,0,0,0,0
1,0,0,0,0,0,0,0,0,0
1,0,0,0,0,0,0,0,0,0
1,0,0,0,0,0,0,0,0,0
1,0,0,0,0,0,0,0,0,0
1,0,0,0,0,0,0,0,0,0
1,0,0,0,0,0,0,0,0,0
1,0,0,0,0,0,0,0,0,0
1,0,0,0,0,0,0,0,0,0
1,0,0,0,0,0,0,0,0,0
1,0,0,0,0,0,0,0,0,0
1,0,0,0,0,0,0,0,0,0
1,0,0,0,0,0,0,0,0,0
1,0,0,0,0,0,0,0,0,0
1,0,0,0,0,0,0,0,0,0
1,0,0,0,0,0,0,0,0,0
1,0,0,0,0,0,0,0,0,0
1,0,0,0,0,0,0,0,0,0
1,0,0,0,0,0,0,0,0,0
1,0,0,0,0,0,0,0,0,0
1,0,0,0,0,0,0,0,0,0
1,0,0,0,0,0,0,0,0,0
1,0,0,0,0,0,0,0,0,0
1,0,0,0,0,0,0,0,0,0
1,0,0,0,0,0,0,0,0,0
1,0,0,0,0,0,0,0,0,0
1,0,0,0,0,0,0,0,0,0
1,0,0,0,0,0,0,0,0,0
1,0,0,0,0,0,0,0,0,0
1,0,0,0,0,0,0,0,0,0
1,0,0,0,0,0,0,0,0,0
1,0,0,0,0,0,0,0,0,0
1,0,0,0,0,0,0,0,0,0
1,0,0,0,0,0,0,0,0,0
1,0,0,0,0,0,0,0,0,0
1,0,0,0,0,0,0,0,0,0
1,0,0,0,0,0,0,0,0,0
1,0,0,0,0,0,0,0,0,0
1,0,0,0,0,0,0,0,0,0
1,0,0,0,0,0,0,0,0,0
1,0,0,0,0,0,0,0,0,0
1,0,0,0,0,0,0,0,0,0
1,0,0,0,0,0,0,0,0,0
1,0,0,0,0,0,0,0,0,0
1,0,0,0,0,0,0,0,0,0
1,0,0,0,0,0,0,0,0,0
1,0,0,0,0,0,0,0,0,0
1,0,0,0,0,0,0,0,0,0
1,0,0,0,0,0,0,0,0,0
1,0,0,0,0,0,0,0,0,0
1,0,0,0,0,0,0,0,0,0
1,0,0,0,0,0,0,0,0,0
1,0,0,0,0,0,0,0,0,0
1,0,0,0,0,0,0,0,0,0
1,0,0,0,0,0,0,0,0,0
1,0,0,0,0,0,0,0,0,0
1,0,0,0,0,0,0,0,0,0
1,0,0,0,0,0,0,0,0,0
1,0,0,0,0,0,0,0,0,0
1,0,0,0,0,0,0,0,0,0
1,0,0,0,0,0,0,0,0,0
1,0,0,0,0,0,0,0,0,0
1,0,0,0,0,0,0,0,0,0
1,0,0,0,0,0,0,0,0,0
1,0,0,0,0,0,0,0,0,0
1,0,0,0,0,0,0,0,0,0
1,0,0,0,0,0,0,0,0,0
1,0,0,0,0,0,0,0,0,0
1,0,0,0,0,0,0,0,0,0
1,0,0,0,0,0,0,0,0,0
1,0,0,0,0,0,0,0,0,0
1,0,0,0,0,0,0,0,0,0
1,0,0,0,0,0,0,0,0,0
1,0,0,0,0,0,0,0,0,0
1,0,0,0,0,0,0,0,0,0
1,0,0,0,0,0,0,0,0,0
1,0,0,0,0,0,0,0,0,0
1,0,0,0,0,0,0,0,0,0
1,0,0,0,0,0,0,0,0,0
1,0,0,0,0,0,0,0,0,0
1,0,0,0,0,0,0,0,0,0
1,0,0,0,0,0,0,0,0,0
1,0,0,0,0,0,0,0,0,0
1,0,0,0,0,0,0,0,0,0
1,0,0,0,0,0,0,0,0,0
1,0,0,0,0,0,0,0,0,0
1,0,0,0,0,0,0,0,0,0
1,0,0,0,0,0,0,0,0,0
1,0,0,0,0,0,0,0,0,0
1,0,0,0,0,0,0,0,0,0
1,0,0,0,0,0,0,0,0,0
1,0,0,0,0,0,0,0,0,0
1,0,0,0,0,0,0,0,0,0
1,0,0,0,0,0,0,0,0,0
1,0,0,0,0,0,0,0,0,0
1,0,0,0,0,0,0,0,0,0
1,0,0,0,0,0,0,0,0,0
1,0,0,0,0,0,0,0,0,0
1,0,0,0,0,0,0,0,0,0
1,0,0,0,0,0,0,0,0,0
1,0,0,0,0,0,0,0,0,0
1,0,0,0,0,0,0,0,0,0
1,0,0,0,0,0,0,0,0,0
1,0,0,0,0,0,0,0,0,0
1,0,0,0,0,0,0,0,0,0
1,0,0,0,0,0,0,0,0,0
1,0,0,0,0,0,0,0,0,0
1,0,0,0,0,0,0,0,0,0
1,0,0,0,0,0,0,0,0,0
1,0,0,0,0,0,0,0,0,0
1,0,0,0,0,0,0,0,0,0
1,0,0,0,0,0,0,0,0,0
1,0,0,0,0,0,0,0,0,0
1,0,0,0,0,0,0,0,0,0
1,0,0,0,0,0,0,0,0,0
1,0,0,0,0,0,0,0,0,0
1,0,0,0,0,0,0,0,0,0
1,0,0,0,0,0,0,0,0,0
1,0,0,0,0,0,0,0,0,0
1,0,0,0,0,0,0,0,0,0
1,0,0,0,0,0,0,0,0,0
1,0,0,0,0,0,0,0,0,0
1,0,0,0,0,0,0,0,0,0
1,0,0,0,0,0,0,0,0,0
1,0,0,0,0,0,0,0,0,0
1,0,0,0,0,0,0,0,0,0
1,0,0,0,0,0,0,0,0,0
1,0,0,0,0,0,0,0,0,0
1,0,0,0,0,0,0,0,0,0
1,0,0,0,0,0,0,0,0,0
1,0,0,0,0,0,0,0,0,0
1,0,0,0,0,0,0,0,0,0
1,0,0,0,0,0,0,0,0,0
1,0,0,0,0,0,0,0,0,0
1,0,0,0,0,0,0,0,0,0
1,0,0,0,0,0,0,0,0,0
1,0,0,0,0,0,0,0,0,0
1,0,0,0,0,0,0,0,0,0
1,0,0,0,0,0,0,0,0,0
1,0,0,0,0,0,0,0,0,0
1,0,0,0,0,0,0,0,0,0
1,0,0,0,0,0,0,0,0,0
1,0,0,0,0,0,0,0,0,0
1,0,0,0,0,0,0,0,0,0
1,0,0,0,0,0,0,0,0,0
1,0,0,0,0,0,0,0,0,0
1,0,0,0,0,0,0,0,0,0
1,0,0,0,0,0,0,0,0,0
1,0,0,0,0,0,0,0,0,0
1,0,0,0,0,0,0,0,0,0
1,0,0,0,0,0,0,0,0,0
1,0,0,0,0,0,0,0,0,0
1,0,0,0,0,0,0,0,0,0
1,0,0,0,0,0,0,0,0,0
1,0,0,0,0,0,0,0,0,0
1,0,0,0,0,0,0,0,0,0
1,0,0,0,0,0,0,0,0,0
1,0,0,0,0,0,0,0,0,0
1,0,0,0,0,0,0,0,0,0
1,0,0,0,0,0,0,0,0,0
1,0,0,0,0,0,0,0,0,0
1,0,0,0,0,0,0,0,0,0
1,0,0,0,0,0,0,0,0,0
1,0,0,0,0,0,0,0,0,0
1,0,0,0,0,0,0,0,0,0
1,0,0,0,0,0,0,0,0,0
1,0,0,0,0,0,0,0,0,0
1,0,0,0,0,0,0,0,0,0
1,0,0,0,0,0,0,0,0,0
1,0,0,0,0,0,0,0,0,0
1,0,0,0,0,0,0,0,0,0
1,0,0,0,0,0,0,0,0,0
1,0,0,0,0,0,0,0,0,0
1,0,0,0,0,0,0,0,0,0
1,0,0,0,0,0,0,0,0,0
1,0,0,0,0,0,0,0,0,0
1,0,0,0,0,0,0,0,0,0
1,0,0,0,0,0,0,0,0,0
1,0,0,0,0,0,0,0,0,0
1,0,0,0,0,0,0,0,0,0
1,0,0,0,0,0,0,0,0,0
1,0,0,0,0,0,0,0,0,0
1,0,0,0,0,0,0,0,0,0
1,0,0,0,0,0,0,0,0,0
1,0,0,0,0,0,0,0,0,0
1,0,0,0,0,0,0,0,0,0
1,0,0,0,0,0,0,0,0,0
1,0,0,0,0,0,0,0,0,0
1,0,0,0,0,0,0,0,0,0
1,0,0,0,0,0,0,0,0,0
1,0,0,0,0,0,0,0,0,0
1,0,0,0,0,0,0,0,0,0
1,0,0,0,0,0,0,0,0,0
1,0,0,0,0,0,0,0,0,0
1,0,0,0,0,0,0,0,0,0
1,0,0,0,0,0,0,0,0,0
1,0,0,0,0,0,0,0,0,0
1,0,0,0,0,0,0,0,0,0
1,0,0,0,0,0,0,0,0,0
1,0,0,0,0,0,0,0,0,0
1,0,0,0,0,0,0,0,0,0
1,0,0,0,0,0,0,0,0,0
1,0,0,0,0,0,0,0,0,0
1,0,0,0,0,0,0,0,0,0
1,0,0,0,0,0,0,0,0,0
1,0,0,0,0,0,0,0,0,0
1,0,0,0,0,0,0,0,0,0
1,0,0,0,0,0,0,0,0,0
1,0,0,0,0,0,0,0,0,0
1,0,0,0,0,0,0,0,0,0
1,0,0,0,0,0,0,0,0,0
1,0,0,0,0,0,0,0,0,0
1,0,0,0,0,0,0,0,0,0
1,0,0,0,0,0,0,0,0,0
1,0,0,0,0,0,0,0,0,0
1,0,0,0,0,0,0,0,0,0
1,0,0,0,0,0,0,0,0,0
1,0,0,0,0,0,0,0,0,0
1,0,0,0,0,0,0,0,0,0
1,0,0,0,0,0,0,0,0,0
1,0,0,0,0,0,0,0,0,0
1,0,0,0,0,0,0,0,0,0
1,0,0,0,0,0,0,0,0,0
1,0,0,0,0,0,0,0,0,0
1,0,0,0,0,0,0,0,0,0
1,0,0,0,0,0,0,0,0,0
1,0,0,0,0,0,0,0,0,0
1,0,0,0,0,0,0,0,0,0
1,0,0,0,0,0,0,0,0,0
1,0,0,0,0,0,0,0,0,0
1,0,0,0,0,0,0,0,0,0
1,0,0,0,0,0,0,0,0,0
1,0,0,0,0,0,0,0,0,0
1,0,0,0,0,0,0,0,0,0
1,0,0,0,0,0,0,0,0,0
1,0,0,0,0,0,0,0,0,0
1,0,0,0,0,0,0,0,0,0
1,0,0,0,0,0,0,0,0,0
1,0,0,0,0,0,0,0,0,0
1,0,0,0,0,0,0,0,0,0
1,0,0,0,0,0,0,0,0,0
1,0,0,0,0,0,0,0,0,0
1,0,0,0,0,0,0,0,0,0
1,0,0,0,0,0,0,0,0,0
1,0,0,0,0,0,0,0,0,0
1,0,0,0,0,0,0,0,0,0
1,0,0,0,0,0,0,0,0,0
1,0,0,0,0,0,0,0,0,0
1,0,0,0,0,0,0,0,0,0
1,0,0,0,0,0,0,0,0,0
1,0,0,0,0,0,0,0,0,0
1,0,0,0,0,0,0,0,0,0
1,0,0,0,0,0,0,0,0,0
1,0,0,0,0,0,0,0,0,0
1,0,0,0,0,0,0,0,0,0
1,0,0,0,0,0,0,0,0,0
1,0,0,0,0,0,0,0,0,0
1,0,0,0,0,0,0,0,0,0
1,0,0,0,0,0,0,0,0,0
1,0,0,0,0,0,0,0,0,0
1,0,0,0,0,0,0,0,0,0
1,0,0,0,0,0,0,0,0,0
1,0,0,0,0,0,0,0,0,0
1,0,0,0,0,0,0,0,0,0
1,0,0,0,0,0,0,0,0,0
1,0,0,0,0,0,0,0,0,0
1,0,0,0,0,0,0,0,0,0
1,0,0,0,0,0,0,0,0,0
1,0,0,0,0,0,0,0,0,0
1,0,0,0,0,0,0,0,0,0
1,0,0,0,0,0,0,0,0,0
1,0,0,0,0,0,0,0,0,0
1,0,0,0,0,0,0,0,0,0
1,0,0,0,0,0,0,0,0,0
1,0,0,0,0,0,0,0,0,0
1,0,0,0,0,0,0,0,0,0
1,0,0,0,0,0,0,0,0,0
1,0,0,0,0,0,0,0,0,0
1,0,0,0,0,0,0,0,0,0
1,0,0,0,0,0,0,0,0,0
1,0,0,0,0,0,0,0,0,0
1,0,0,0,0,0,0,0,0,0
1,0,0,0,0,0,0,0,0,0
1,0,0,0,0,0,0,0,0,0
1,0,0,0,0,0,0,0,0,0
1,0,0,0,0,0,0,0,0,0
1,0,0,0,0,0,0,0,0,0
1,0,0,0,0,0,0,0,0,0
1,0,0,0,0,0,0,0,0,0
1,0,0,0,0,0,0,0,0,0
1,0,0,0,0,0,0,0,0,0
1,0,0,0,0,0,0,0,0,0
1,0,0,0,0,0,0,0,0,0
1,0,0,0,0,0,0,0,0,0
1,0,0,0,0,0,0,0,0,0
1,0,0,0,0,0,0,0,0,0
1,0,0,0,0,0,0,0,0,0
1,0,0,0,0,0,0,0,0,0
1,0,0,0,0,0,0,0,0,0
1,0,0,0,0,0,0,0,0,0
1,0,0,0,0,0,0,0,0,0
1,0,0,0,0,0,0,0,0,0
1,0,0,0,0,0,0,0,0,0
1,0,0,0,0,0,0,0,0,0
1,0,0,0,0,0,0,0,0,0
1,0,0,0,0,0,0,0,0,0
1,0,0,0,0,0,0,0,0,0
1,0,0,0,0,0,0,0,0,0
1,0,0,0,0,0,0,0,0,0
1,0,0,0,0,0,0,0,0,0
1,0,0,0,0,0,0,0,0,0
1,0,0,0,0,0,0,0,0,0
1,0,0,0,0,0,0,0,0,0
1,0,0,0,0,0,0,0,0,0
1,0,0,0,0,0,0,0,0,0
1,0,0,0,0,0,0,0,0,0
1,0,0,0,0,0,0,0,0,0
1,0,0,0,0,0,0,0,0,0
1,0,0,0,0,0,0,0,0,0
1,0,0,0,0,0,0,0,0,0
1,0,0,0,0,0,0,0,0,0
1,0,0,0,0,0,0,0,0,0
1,0,0,0,0,0,0,0,0,0
1,0,0,0,0,0,0,0,0,0
1,0,0,0,0,0,0,0,0,0
1,0,0,0,0,0,0,0,0,0
1,0,0,0,0,0,0,0,0,0
1,0,0,0,0,0,0,0,0,0
1,0,0,0,0,0,0,0,0,0
1,0,0,0,0,0,0,0,0,0
1,0,0,0,0,0,0,0,0,0
1,0,0,0,0,0,0,0,0,0
1,0,0,0,0,0,0,0,0,0
1,0,0,0,0,0,0,0,0,0
1,0,0,0,0,0,0,0,0,0
1,0,0,0,0,0,0,0,0,0
1,0,0,0,0,0,0,0,0,0
1,0,0,0,0,0,0,0,0,0
1,0,0,0,0,0,0,0,0,0
1,0,0,0,0,0,0,0,0,0
1,0,0,0,0,0,0,0,0,0
1,0,0,0,0,0,0,0,0,0
1,0,0,0,0,0,0,0,0,0
1,0,0,0,0,0,0,0,0,0
1,0,0,0,0,0,0,0,0,0
1,0,0,0,0,0,0,0,0,0
1,0,0,0,0,0,0,0,0,0
1,0,0,0,0,0,0,0,0,0
1,0,0,0,0,0,0,0,0,0
1,0,0,0,0,0,0,0,0,0
1,0,0,0,0,0,0,0,0,0
1,0,0,0,0,0,0,0,0,0
1,0,0,0,0,0,0,0,0,0
1,0,0,0,0,0,0,0,0,0
1,0,0,0,0,0,0,0,0,0
1,0,0,0,0,0,0,0,0,0
1,0,0,0,0,0,0,0,0,0
1,0,0,0,0,0,0,0,0,0
1,0,0,0,0,0,0,0,0,0
1,0,0,0,0,0,0,0,0,0
1,0,0,0,0,0,0,0,0,0
1,0,0,0,0,0,0,0,0,0
1,0,0,0,0,0,0,0,0,0
1,0,0,0,0,0,0,0,0,0
1,0,0,0,0,0,0,0,0,0
1,0,0,0,0,0,0,0,0,0
1,0,0,0,0,0,0,0,0,0
1,0,0,0,0,0,0,0,0,0
1,0,0,0,0,0,0,0,0,0
1,0,0,0,0,0,0,0,0,0
1,0,0,0,0,0,0,0,0,0
1,0,0,0,0,0,0,0,0,0
1,0,0,0,0,0,0,0,0,0
1,0,0,0,0,0,0,0,0,0
1,0,0,0,0,0,0,0,0,0
1,0,0,0,0,0,0,0,0,0
1,0,0,0,0,0,0,0,0,0
1,0,0,0,0,0,0,0,0,0
1,0,0,0,0,0,0,0,0,0
1,0,0,0,0,0,0,0,0,0
1,0,0,0,0,0,0,0,0,0
1,0,0,0,0,0,0,0,0,0
1,0,0,0,0,0,0,0,0,0
1,0,0,0,0,0,0,0,0,0
1,0,0,0,0,0,0,0,0,0
1,0,0,0,0,0,0,0,0,0
1,0,0,0,0,0,0,0,0,0
1,0,0,0,0,0,0,0,0,0
1,0,0,0,0,0,0,0,0,0
1,0,0,0,0,0,0,0,0,0
1,0,0,0,0,0,0,0,0,0
1,0,0,0,0,0,0,0,0,0
1,0,0,0,0,0,0,0,0,0
1,0,0,0,0,0,0,0,0,0
1,0,0,0,0,0,0,0,0,0
1,0,0,0,0,0,0,0,0,0
1,0,0,0,0,0,0,0,0,0
1,0,0,0,0,0,0,0,0,0
1,0,0,0,0,0,0,0,0,0
1,0,0,0,0,0,0,0,0,0
1,0,0,0,0,0,0,0,0,0
1,0,0,0,0,0,0,0,0,0
1,0,0,0,0,0,0,0,0,0
1,0,0,0,0,0,0,0,0,0
1,0,0,0,0,0,0,0,0,0
1,0,0,0,0,0,0,0,0,0
1,0,0,0,0,0,0,0,0,0
1,0,0,0,0,0,0,0,0,0
1,0,0,0,0,0,0,0,0,0
1,0,0,0,0,0,0,0,0,0
1,0,0,0,0,0,0,0,0,0
1,0,0,0,0,0,0,0,0,0
1,0,0,0,0,0,0,0,0,0
1,0,0,0,0,0,0,0,0,0
1,0,0,0,0,0,0,0,0,0
1,0,0,0,0,0,0,0,0,0
1,0,0,0,0,0,0,0,0,0
1,0,0,0,0,0,0,0,0,0
1,0,0,0,0,0,0,0,0,0
1,0,0,0,0,0,0,0,0,0
1,0,0,0,0,0,0,0,0,0
1,0,0,0,0,0,0,0,0,0
1,0,0,0,0,0,0,0,0,0
1,0,0,0,0,0,0,0,0,0
1,0,0,0,0,0,0,0,0,0
1,0,0,0,0,0,0,0,0,0
1,0,0,0,0,0,0,0,0,0
1,0,0,0,0,0,0,0,0,0
1,0,0,0,0,0,0,0,0,0
1,0,0,0,0,0,0,0,0,0
1,0,0,0,0,0,0,0,0,0
1,0,0,0,0,0,0,0,0,0
1,0,0,0,0,0,0,0,0,0
1,0,0,0,0,0,0,0,0,0
1,0,0,0,0,0,0,0,0,0
1,0,0,0,0,0,0,0,0,0
1,0,0,0,0,0,0,0,0,0
1,0,0,0,0,0,0,0,0,0
1,0,0,0,0,0,0,0,0,0
1,0,0,0,0,0,0,0,0,0
1,0,0,0,0,0,0,0,0,0
1,0,0,0,0,0,0,0,0,0
1,0,0,0,0,0,0,0,0,0
1,0,0,0,0,0,0,0,0,0
1,0,0,0,0,0,0,0,0,0
1,0,0,0,0,0,0,0,0,0
1,0,0,0,0,0,0,0,0,0
1,0,0,0,0,0,0,0,0,0
1,0,0,0,0,0,0,0,0,0
1,0,0,0,0,0,0,0,0,0
1,0,0,0,0,0,0,0,0,0
1,0,0,0,0,0,0,0,0,0
1,0,0,0,0,0,0,0,0,0
1,0,0,0,0,0,0,0,0,0
1,0,0,0,0,0,0,0,0,0
1,0,0,0,0,0,0,0,0,0
1,0,0,0,0,0,0,0,0,0
1,0,0,0,0,0,0,0,0,0
1,0,0,0,0,0,0,0,0,0
1,0,0,0,0,0,0,0,0,0
1,0,0,0,0,0,0,0,0,0
1,0,0,0,0,0,0,0,0,0
1,0,0,0,0,0,0,0,0,0
1,0,0,0,0,0,0,0,0,0
1,0,0,0,0,0,0,0,0,0
1,0,0,0,0,0,0,0,0,0
1,0,0,0,0,0,0,0,0,0
1,0,0,0,0,0,0,0,0,0
1,0,0,0,0,0,0,0,0,0
1,0,0,0,0,0,0,0,0,0
1,0,0,0,0,0,0,0,0,0
1,0,0,0,0,0,0,0,0,0
1,0,0,0,0,0,0,0,0,0
1,0,0,0,0,0,0,0,0,0
1,0,0,0,0,0,0,0,0,0
1,0,0,0,0,0,0,0,0,0
1,0,0,0,0,0,0,0,0,0
1,0,0,0,0,0,0,0,0,0
1,0,0,0,0,0,0,0,0,0
1,0,0,0,0,0,0,0,0,0
1,0,0,0,0,0,0,0,0,0
1,0,0,0,0,0,0,0,0,0
1,0,0,0,0,0,0,0,0,0
1,0,0,0,0,0,0,0,0,0
1,0,0,0,0,0,0,0,0,0
1,0,0,0,0,0,0,0,0,0
1,0,0,0,0,0,0,0,0,0
1,0,0,0,0,0,0,0,0,0
1,0,0,0,0,0,0,0,0,0
1,0,0,0,0,0,0,0,0,0
1,0,0,0,0,0,0,0,0,0
1,0,0,0,0,0,0,0,0,0
1,0,0,0,0,0,0,0,0,0
1,0,0,0,0,0,0,0,0,0
1,0,0,0,0,0,0,0,0,0
1,0,0,0,0,0,0,0,0,0
1,0,0,0,0,0,0,0,0,0
1,0,0,0,0,0,0,0,0,0
1,0,0,0,0,0,0,0,0,0
1,0,0,0,0,0,0,0,0,0
1,0,0,0,0,0,0,0,0,0
1,0,0,0,0,0,0,0,0,0
1,0,0,0,0,0,0,0,0,0
1,0,0,0,0,0,0,0,0,0
1,0,0,0,0,0,0,0,0,0
1,0,0,0,0,0,0,0,0,0
1,0,0,0,0,0,0,0,0,0
1,0,0,0,0,0,0,0,0,0
1,0,0,0,0,0,0,0,0,0
1,0,0,0,0,0,0,0,0,0
1,0,0,0,0,0,0,0,0,0
1,0,0,0,0,0,0,0,0,0
1,0,0,0,0,0,0,0,0,0
1,0,0,0,0,0,0,0,0,0
1,0,0,0,0,0,0,0,0,0
1,0,0,0,0,0,0,0,0,0
1,0,0,0,0,0,0,0,0,0
1,0,0,0,0,0,0,0,0,0
1,0,0,0,0,0,0,0,0,0
1,0,0,0,0,0,0,0,0,0
1,0,0,0,0,0,0,0,0,0
1,0,0,0,0,0,0,0,0,0
1,0,0,0,0,0,0,0,0,0
1,0,0,0,0,0,0,0,0,0
1,0,0,0,0,0,0,0,0,0
1,0,0,0,0,0,0,0,0,0
1,0,0,0,0,0,0,0,0,0
1,0,0,0,0,0,0,0,0,0
1,0,0,0,0,0,0,0,0,0
1,0,0,0,0,0,0,0,0,0
1,0,0,0,0,0,0,0,0,0
1,0,0,0,0,0,0,0,0,0
1,0,0,0,0,0,0,0,0,0
1,0,0,0,0,0,0,0,0,0
1,0,0,0,0,0,0,0,0,0
1,0,0,0,0,0,0,0,0,0
1,0,0,0,0,0,0,0,0,0
1,0,0,0,0,0,0,0,0,0
1,0,0,0,0,0,0,0,0,0
1,0,0,0,0,0,0,0,0,0
1,0,0,0,0,0,0,0,0,0
1,0,0,0,0,0,0,0,0,0
1,0,0,0,0,0,0,0,0,0
1,0,0,0,0,0,0,0,0,0
1,0,0,0,0,0,0,0,0,0
1,0,0,0,0,0,0,0,0,0
1,0,0,0,0,0,0,0,0,0
1,0,0,0,0,0,0,0,0,0
1,0,0,0,0,0,0,0,0,0
1,0,0,0,0,0,0,0,0,0
1,0,0,0,0,0,0,0,0,0
1,0,0,0,0,0,0,0,0,0
1,0,0,0,0,0,0,0,0,0
1,0,0,0,0,0,0,0,0,0
1,0,0,0,0,0,0,0,0,0
1,0,0,0,0,0,0,0,0,0
1,0,0,0,0,0,0,0,0,0
1,0,0,0,0,0,0,0,0,0
1,0,0,0,0,0,0,0,0,0
1,0,0,0,0,0,0,0,0,0
1,0,0,0,0,0,0,0,0,0
1,0,0,0,0,0,0,0,0,0
1,0,0,0,0,0,0,0,0,0
1,0,0,0,0,0,0,0,0,0
1,0,0,0,0,0,0,0,0,0
1,0,0,0,0,0,0,0,0,0
1,0,0,0,0,0,0,0,0,0
1,0,0,0,0,0,0,0,0,0
1,0,0,0,0,0,0,0,0,0
1,0,0,0,0,0,0,0,0,0
1,0,0,0,0,0,0,0,0,0
1,0,0,0,0,0,0,0,0,0
1,0,0,0,0,0,0,0,0,0
1,0,0,0,0,0,0,0,0,0
1,0,0,0,0,0,0,0,0,0
1,0,0,0,0,0,0,0,0,0
1,0,0,0,0,0,0,0,0,0
1,0,0,0,0,0,0,0,0,0
1,0,0,0,0,0,0,0,0,0
1,0,0,0,0,0,0,0,0,0
1,0,0,0,0,0,0,0,0,0
1,0,0,0,0,0,0,0,0,0
1,0,0,0,0,0,0,0,0,0
1,0,0,0,0,0,0,0,0,0
1,0,0,0,0,0,0,0,0,0
1,0,0,0,0,0,0,0,0,0
1,0,0,0,0,0,0,0,0,0
1,0,0,0,0,0,0,0,0,0
1,0,0,0,0,0,0,0,0,0
1,0,0,0,0,0,0,0,0,0
1,0,0,0,0,0,0,0,0,0
1,0,0,0,0,0,0,0,0,0
1,0,0,0,0,0,0,0,0,0
1,0,0,0,0,0,0,0,0,0
1,0,0,0,0,0,0,0,0,0
1,0,0,0,0,0,0,0,0,0
1,0,0,0,0,0,0,0,0,0
1,0,0,0,0,0,0,0,0,0
1,0,0,0,0,0,0,0,0,0
1,0,0,0,0,0,0,0,0,0
1,0,0,0,0,0,0,0,0,0
1,0,0,0,0,0,0,0,0,0
1,0,0,0,0,0,0,0,0,0
1,0,0,0,0,0,0,0,0,0
1,0,0,0,0,0,0,0,0,0
1,0,0,0,0,0,0,0,0,0
1,0,0,0,0,0,0,0,0,0
1,0,0,0,0,0,0,0,0,0
1,0,0,0,0,0,0,0,0,0
1,0,0,0,0,0,0,0,0,0
1,0,0,0,0,0,0,0,0,0
1,0,0,0,0,0,0,0,0,0
1,0,0,0,0,0,0,0,0,0
1,0,0,0,0,0,0,0,0,0
1,0,0,0,0,0,0,0,0,0
1,0,0,0,0,0,0,0,0,0
1,0,0,0,0,0,0,0,0,0
1,0,0,0,0,0,0,0,0,0
1,0,0,0,0,0,0,0,0,0
1,0,0,0,0,0,0,0,0,0
1,0,0,0,0,0,0,0,0,0
1,0,0,0,0,0,0,0,0,0
1,0,0,0,0,0,0,0,0,0
1,0,0,0,0,0,0,0,0,0
1,0,0,0,0,0,0,0,0,0
1,0,0,0,0,0,0,0,0,0
1,0,0,0,0,0,0,0,0,0
1,0,0,0,0,0,0,0,0,0
1,0,0,0,0,0,0,0,0,0
1,0,0,0,0,0,0,0,0,0
1,0,0,0,0,0,0,0,0,0
1,0,0,0,0,0,0,0,0,0
1,0,0,0,0,0,0,0,0,0
1,0,0,0,0,0,0,0,0,0
1,0,0,0,0,0,0,0,0,0
1,0,0,0,0,0,0,0,0,0
1,0,0,0,0,0,0,0,0,0
1,0,0,0,0,0,0,0,0,0
1,0,0,0,0,0,0,0,0,0
1,0,0,0,0,0,0,0,0,0
1,0,0,0,0,0,0,0,0,0
1,0,0,0,0,0,0,0,0,0
1,0,0,0,0,0,0,0,0,0
1,0,0,0,0,0,0,0,0,0
1,0,0,0,0,0,0,0,0,0
1,0,0,0,0,0,0,0,0,0
1,0,0,0,0,0,0,0,0,0
1,0,0,0,0,0,0,0,0,0
1,0,0,0,0,0,0,0,0,0
1,0,0,0,0,0,0,0,0,0
1,0,0,0,0,0,0,0,0,0
1,0,0,0,0,0,0,0,0,0
1,0,0,0,0,0,0,0,0,0
1,0,0,0,0,0,0,0,0,0
1,0,0,0,0,0,0,0,0,0
1,0,0,0,0,0,0,0,0,0
1,0,0,0,0,0,0,0,0,0
1,0,0,0,0,0,0,0,0,0
1,0,0,0,0,0,0,0,0,0
1,0,0,0,0,0,0,0,0,0
1,0,0,0,0,0,0,0,0,0
1,0,0,0,0,0,0,0,0,0
1,0,0,0,0,0,0,0,0,0
1,0,0,0,0,0,0,0,0,0
1,0,0,0,0,0,0,0,0,0
1,0,0,0,0,0,0,0,0,0
1,0,0,0,0,0,0,0,0,0
1,0,0,0,0,0,0,0,0,0
1,0,0,0,0,0,0,0,0,0
1,0,0,0,0,0,0,0,0,0
1,0,0,0,0,0,0,0,0,0
1,0,0,0,0,0,0,0,0,0
1,0,0,0,0,0,0,0,0,0
1,0,0,0,0,0,0,0,0,0
1,0,0,0,0,0,0,0,0,0
1,0,0,0,0,0,0,0,0,0
1,0,0,0,0,0,0,0,0,0
1,0,0,0,0,0,0,0,0,0
1,0,0,0,0,0,0,0,0,0
1,0,0,0,0,0,0,0,0,0
1,0,0,0,0,0,0,0,0,0
1,0,0,0,0,0,0,0,0,0
1,0,0,0,0,0,0,0,0,0
1,0,0,0,0,0,0,0,0,0
1,0,0,0,0,0,0,0,0,0
1,0,0,0,0,0,0,0,0,0
1,0,0,0,0,0,0,0,0,0
1,0,0,0,0,0,0,0,0,0
1,0,0,0,0,0,0,0,0,0
1,0,0,0,0,0,0,0,0,0
1,0,0,0,0,0,0,0,0,0
1,0,0,0,0,0,0,0,0,0
1,0,0,0,0,0,0,0,0,0
1,0,0,0,0,0,0,0,0,0
1,0,0,0,0,0,0,0,0,0
1,0,0,0,0,0,0,0,0,0
1,0,0,0,0,0,0,0,0,0
1,0,0,0,0,0,0,0,0,0
1,0,0,0,0,0,0,0,0,0
1,0,0,0,0,0,0,0,0,0
1,0,0,0,0,0,0,0,0,0
1,0,0,0,0,0,0,0,0,0
1,0,0,0,0,0,0,0,0,0
1,0,0,0,0,0,0,0,0,0
1,0,0,0,0,0,0,0,0,0
1,0,0,0,0,0,0,0,0,0
1,0,0,0,0,0,0,0,0,0
1,0,0,0,0,0,0,0,0,0
1,0,0,0,0,0,0,0,0,0
1,0,0,0,0,0,0,0,0,0
1,0,0,0,0,0,0,0,0,0
1,0,0,0,0,0,0,0,0,0
1,0,0,0,0,0,0,0,0,0
1,0,0,0,0,0,0,0,0,0
1,0,0,0,0,0,0,0,0,0
1,0,0,0,0,0,0,0,0,0
1,0,0,0,0,0,0,0,0,0
1,0,0,0,0,0,0,0,0,0
1,0,0,0,0,0,0,0,0,0
1,0,0,0,0,0,0,0,0,0
1,0,0,0,0,0,0,0,0,0
1,0,0,0,0,0,0,0,0,0
1,0,0,0,0,0,0,0,0,0
1,0,0,0,0,0,0,0,0,0
1,0,0,0,0,0,0,0,0,0
1,0,0,0,0,0,0,0,0,0
1,0,0,0,0,0,0,0,0,0
1,0,0,0,0,0,0,0,0,0
1,0,0,0,0,0,0,0,0,0
1,0,0,0,0,0,0,0,0,0
1,0,0,0,0,0,0,0,0,0
1,0,0,0,0,0,0,0,0,0
1,0,0,0,0,0,0,0,0,0
1,0,0,0,0,0,0,0,0,0
1,0,0,0,0,0,0,0,0,0
1,0,0,0,0,0,0,0,0,0
1,0,0,0,0,0,0,0,0,0
1,0,0,0,0,0,0,0,0,0
1,0,0,0,0,0,0,0,0,0
1,0,0,0,0,0,0,0,0,0
1,0,0,0,0,0,0,0,0,0
1,0,0,0,0,0,0,0,0,0
1,0,0,0,0,0,0,0,0,0
1,0,0,0,0,0,0,0,0,0
1,0,0,0,0,0,0,0,0,0
1,0,0,0,0,0,0,0,0,0
1,0,0,0,0,0,0,0,0,0
1,0,0,0,0,0,0,0,0,0
1,0,0,0,0,0,0,0,0,0
1,0,0,0,0,0,0,0,0,0
1,0,0,0,0,0,0,0,0,0
1,0,0,0,0,0,0,0,0,0
1,0,0,0,0,0,0,0,0,0
1,0,0,0,0,0,0,0,0,0
1,0,0,0,0,0,0,0,0,0
1,0,0,0,0,0,0,0,0,0
1,0,0,0,0,0,0,0,0,0
1,0,0,0,0,0,0,0,0,0
1,0,0,0,0,0,0,0,0,0
1,0,0,0,0,0,0,0,0,0
1,0,0,0,0,0,0,0,0,0
1,0,0,0,0,0,0,0,0,0
1,0,0,0,0,0,0,0,0,0
1,0,0,0,0,0,0,0,0,0
1,0,0,0,0,0,0,0,0,0
1,0,0,0,0,0,0,0,0,0
1,0,0,0,0,0,0,0,0,0
1,0,0,0,0,0,0,0,0,0
1,0,0,0,0,0,0,0,0,0
1,0,0,0,0,0,0,0,0,0
1,0,0,0,0,0,0,0,0,0
1,0,0,0,0,0,0,0,0,0
1,0,0,0,0,0,0,0,0,0
1,0,0,0,0,0,0,0,0,0
1,0,0,0,0,0,0,0,0,0
1,0,0,0,0,0,0,0,0,0
1,0,0,0,0,0,0,0,0,0
1,0,0,0,0,0,0,0,0,0
1,0,0,0,0,0,0,0,0,0
1,0,0,0,0,0,0,0,0,0
1,0,0,0,0,0,0,0,0,0
1,0,0,0,0,0,0,0,0,0
1,0,0,0,0,0,0,0,0,0
1,0,0,0,0,0,0,0,0,0
1,0,0,0,0,0,0,0,0,0
1,0,0,0,0,0,0,0,0,0
1,0,0,0,0,0,0,0,0,0
1,0,0,0,0,0,0,0,0,0
1,0,0,0,0,0,0,0,0,0
1,0,0,0,0,0,0,0,0,0
1,0,0,0,0,0,0,0,0,0
1,0,0,0,0,0,0,0,0,0
1,0,0,0,0,0,0,0,0,0
1,0,0,0,0,0,0,0,0,0
1,0,0,0,0,0,0,0,0,0
1,0,0,0,0,0,0,0,0,0
1,0,0,0,0,0,0,0,0,0
1,0,0,0,0,0,0,0,0,0
1,0,0,0,0,0,0,0,0,0
1,0,0,0,0,0,0,0,0,0
1,0,0,0,0,0,0,0,0,0
1,0,0,0,0,0,0,0,0,0
1,0,0,0,0,0,0,0,0,0
1,0,0,0,0,0,0,0,0,0
1,0,0,0,0,0,0,0,0,0
1,0,0,0,0,0,0,0,0,0
1,0,0,0,0,0,0,0,0,0
1,0,0,0,0,0,0,0,0,0
1,0,0,0,0,0,0,0,0,0
1,0,0,0,0,0,0,0,0,0
1,0,0,0,0,0,0,0,0,0
1,0,0,0,0,0,0,0,0,0
1,0,0,0,0,0,0,0,0,0
1,0,0,0,0,0,0,0,0,0
1,0,0,0,0,0,0,0,0,0
1,0,0,0,0,0,0,0,0,0
1,0,0,0,0,0,0,0,0,0
1,0,0,0,0,0,0,0,0,0
1,0,0,0,0,0,0,0,0,0
1,0,0,0,0,0,0,0,0,0
1,0,0,0,0,0,0,0,0,0
1,0,0,0,0,0,0,0,0,0
1,0,0,0,0,0,0,0,0,0
1,0,0,0,0,0,0,0,0,0
1,0,0,0,0,0,0,0,0,0
1,0,0,0,0,0,0,0,0,0
1,0,0,0,0,0,0,0,0,0
1,0,0,0,0,0,0,0,0,0
1,0,0,0,0,0,0,0,0,0
1,0,0,0,0,0,0,0,0,0
1,0,0,0,0,0,0,0,0,0
1,0,0,0,0,0,0,0,0,0
1,0,0,0,0,0,0,0,0,0
1,0,0,0,0,0,0,0,0,0
1,0,0,0,0,0,0,0,0,0
1,0,0,0,0,0,0,0,0,0
1,0,0,0,0,0,0,0,0,0
1,0,0,0,0,0,0,0,0,0
1,0,0,0,0,0,0,0,0,0
1,0,0,0,0,0,0,0,0,0
1,0,0,0,0,0,0,0,0,0
1,0,0,0,0,0,0,0,0,0
1,0,0,0,0,0,0,0,0,0
1,0,0,0,0,0,0,0,0,0
1,0,0,0,0,0,0,0,0,0
1,0,0,0,0,0,0,0,0,0
1,0,0,0,0,0,0,0,0,0
1,0,0,0,0,0,0,0,0,0
1,0,0,0,0,0,0,0,0,0
1,0,0,0,0,0,0,0,0,0
1,0,0,0,0,0,0,0,0,0
1,0,0,0,0,0,0,0,0,0
1,0,0,0,0,0,0,0,0,0
1,0,0,0,0,0,0,0,0,0
1,0,0,0,0,0,0,0,0,0
1,0,0,0,0,0,0,0,0,0
1,0,0,0,0,0,0,0,0,0
1,0,0,0,0,0,0,0,0,0
1,0,0,0,0,0,0,0,0,0
1,0,0,0,0,0,0,0,0,0
1,0,0,0,0,0,0,0,0,0
1,0,0,0,0,0,0,0,0,0
1,0,0,0,0,0,0,0,0,0
1,0,0,0,0,0,0,0,0,0
1,0,0,0,0,0,0,0,0,0
1,0,0,0,0,0,0,0,0,0
1,0,0,0,0,0,0,0,0,0
1,0,0,0,0,0,0,0,0,0
1,0,0,0,0,0,0,0,0,0
1,0,0,0,0,0,0,0,0,0
1,0,0,0,0,0,0,0,0,0
1,0,0,0,0,0,0,0,0,0
1,0,0,0,0,0,0,0,0,0
1,0,0,0,0,0,0,0,0,0
1,0,0,0,0,0,0,0,0,0
1,0,0,0,0,0,0,0,0,0
1,0,0,0,0,0,0,0,0,0
1,0,0,0,0,0,0,0,0,0
1,0,0,0,0,0,0,0,0,0
1,0,0,0,0,0,0,0,0,0
1,0,0,0,0,0,0,0,0,0
1,0,0,0,0,0,0,0,0,0
1,0,0,0,0,0,0,0,0,0
1,0,0,0,0,0,0,0,0,0
1,0,0,0,0,0,0,0,0,0
1,0,0,0,0,0,0,0,0,0
1,0,0,0,0,0,0,0,0,0
1,0,0,0,0,0,0,0,0,0
1,0,0,0,0,0,0,0,0,0
1,0,0,0,0,0,0,0,0,0
1,0,0,0,0,0,0,0,0,0
1,0,0,0,0,0,0,0,0,0
1,0,0,0,0,0,0,0,0,0
1,0,0,0,0,0,0,0,0,0
1,0,0,0,0,0,0,0,0,0
1,0,0,0,0,0,0,0,0,0
1,0,0,0,0,0,0,0,0,0
1,0,0,0,0,0,0,0,0,0
1,0,0,0,0,0,0,0,0,0
1,0,0,0,0,0,0,0,0,0
1,0,0,0,0,0,0,0,0,0
1,0,0,0,0,0,0,0,0,0
1,0,0,0,0,0,0,0,0,0
1,0,0,0,0,0,0,0,0,0
1,0,0,0,0,0,0,0,0,0
1,0,0,0,0,0,0,0,0,0
1,0,0,0,0,0,0,0,0,0
1,0,0,0,0,0,0,0,0,0
1,0,0,0,0,0,0,0,0,0
1,0,0,0,0,0,0,0,0,0
1,0,0,0,0,0,0,0,0,0
1,0,0,0,0,0,0,0,0,0
1,0,0,0,0,0,0,0,0,0
1,0,0,0,0,0,0,0,0,0
1,0,0,0,0,0,0,0,0,0
1,0,0,0,0,0,0,0,0,0
1,0,0,0,0,0,0,0,0,0
1,0,0,0,0,0,0,0,0,0
1,0,0,0,0,0,0,0,0,0
1,0,0,0,0,0,0,0,0,0
1,0,0,0,0,0,0,0,0,0
1,0,0,0,0,0,0,0,0,0
1,0,0,0,0,0,0,0,0,0
1,0,0,0,0,0,0,0,0,0
1,0,0,0,0,0,0,0,0,0
1,0,0,0,0,0,0,0,0,0
1,0,0,0,0,0,0,0,0,0
1,0,0,0,0,0,0,0,0,0
1,0,0,0,0,0,0,0,0,0
1,0,0,0,0,0,0,0,0,0
1,0,0,0,0,0,0,0,0,0
1,0,0,0,0,0,0,0,0,0
1,0,0,0,0,0,0,0,0,0
1,0,0,0,0,0,0,0,0,0
1,0,0,0,0,0,0,0,0,0
1,0,0,0,0,0,0,0,0,0
1,0,0,0,0,0,0,0,0,0
1,0,0,0,0,0,0,0,0,0
1,0,0,0,0,0,0,0,0,0
1,0,0,0,0,0,0,0,0,0
1,0,0,0,0,0,0,0,0,0
1,0,0,0,0,0,0,0,0,0
1,0,0,0,0,0,0,0,0,0
1,0,0,0,0,0,0,0,0,0
1,0,0,0,0,0,0,0,0,0
1,0,0,0,0,0,0,0,0,0
1,0,0,0,0,0,0,0,0,0
1,0,0,0,0,0,0,0,0,0
1,0,0,0,0,0,0,0,0,0
1,0,0,0,0,0,0,0,0,0
1,0,0,0,0,0,0,0,0,0
1,0,0,0,0,0,0,0,0,0
1,0,0,0,0,0,0,0,0,0
1,0,0,0,0,0,0,0,0,0
1,0,0,0,0,0,0,0,0,0
1,0,0,0,0,0,0,0,0,0
1,0,0,0,0,0,0,0,0,0
1,0,0,0,0,0,0,0,0,0
1,0,0,0,0,0,0,0,0,0
1,0,0,0,0,0,0,0,0,0
1,0,0,0,0,0,0,0,0,0
1,0,0,0,0,0,0,0,0,0
1,0,0,0,0,0,0,0,0,0
1,0,0,0,0,0,0,0,0,0
1,0,0,0,0,0,0,0,0,0
1,0,0,0,0,0,0,0,0,0
1,0,0,0,0,0,0,0,0,0
1,0,0,0,0,0,0,0,0,0
1,0,0,0,0,0,0,0,0,0
1,0,0,0,0,0,0,0,0,0
1,0,0,0,0,0,0,0,0,0
1,0,0,0,0,0,0,0,0,0
1,0,0,0,0,0,0,0,0,0
1,0,0,0,0,0,0,0,0,0
1,0,0,0,0,0,0,0,0,0
1,0,0,0,0,0,0,0,0,0
1,0,0,0,0,0,0,0,0,0
1,0,0,0,0,0,0,0,0,0
1,0,0,0,0,0,0,0,0,0
1,0,0,0,0,0,0,0,0,0
1,0,0,0,0,0,0,0,0,0
1,0,0,0,0,0,0,0,0,0
1,0,0,0,0,0,0,0,0,0
1,0,0,0,0,0,0,0,0,0
1,0,0,0,0,0,0,0,0,0
1,0,0,0,0,0,0,0,0,0
1,0,0,0,0,0,0,0,0,0
1,0,0,0,0,0,0,0,0,0
1,0,0,0,0,0,0,0,0,0
1,0,0,0,0,0,0,0,0,0
1,0,0,0,0,0,0,0,0,0
1,0,0,0,0,0,0,0,0,0
1,0,0,0,0,0,0,0,0,0
1,0,0,0,0,0,0,0,0,0
1,0,0,0,0,0,0,0,0,0
1,0,0,0,0,0,0,0,0,0
1,0,0,0,0,0,0,0,0,0
1,0,0,0,0,0,0,0,0,0
1,0,0,0,0,0,0,0,0,0
1,0,0,0,0,0,0,0,0,0
1,0,0,0,0,0,0,0,0,0
1,0,0,0,0,0,0,0,0,0
1,0,0,0,0,0,0,0,0,0
1,0,0,0,0,0,0,0,0,0
1,0,0,0,0,0,0,0,0,0
1,0,0,0,0,0,0,0,0,0
1,0,0,0,0,0,0,0,0,0
1,0,0,0,0,0,0,0,0,0
1,0,0,0,0,0,0,0,0,0
1,0,0,0,0,0,0,0,0,0
1,0,0,0,0,0,0,0,0,0
1,0,0,0,0,0,0,0,0,0
1,0,0,0,0,0,0,0,0,0
1,0,0,0,0,0,0,0,0,0
1,0,0,0,0,0,0,0,0,0
1,0,0,0,0,0,0,0,0,0
1,0,0,0,0,0,0,0,0,0
1,0,0,0,0,0,0,0,0,0
1,0,0,0,0,0,0,0,0,0
1,0,0,0,0,0,0,0,0,0
1,0,0,0,0,0,0,0,0,0
1,0,0,0,0,0,0,0,0,0
1,0,0,0,0,0,0,0,0,0
1,0,0,0,0,0,0,0,0,0
1,0,0,0,0,0,0,0,0,0
1,0,0,0,0,0,0,0,0,0
1,0,0,0,0,0,0,0,0,0
1,0,0,0,0,0,0,0,0,0
1,0,0,0,0,0,0,0,0,0
1,0,0,0,0,0,0,0,0,0
1,0,0,0,0,0,0,0,0,0
1,0,0,0,0,0,0,0,0,0
1,0,0,0,0,0,0,0,0,0
1,0,0,0,0,0,0,0,0,0
1,0,0,0,0,0,0,0,0,0
1,0,0,0,0,0,0,0,0,0
1,0,0,0,0,0,0,0,0,0
1,0,0,0,0,0,0,0,0,0
1,0,0,0,0,0,0,0,0,0
1,0,0,0,0,0,0,0,0,0
1,0,0,0,0,0,0,0,0,0
1,0,0,0,0,0,0,0,0,0
1,0,0,0,0,0,0,0,0,0
1,0,0,0,0,0,0,0,0,0
1,0,0,0,0,0,0,0,0,0
1,0,0,0,0,0,0,0,0,0
1,0,0,0,0,0,0,0,0,0
1,0,0,0,0,0,0,0,0,0
1,0,0,0,0,0,0,0,0,0
1,0,0,0,0,0,0,0,0,0
1,0,0,0,0,0,0,0,0,0
1,0,0,0,0,0,0,0,0,0
1,0,0,0,0,0,0,0,0,0
1,0,0,0,0,0,0,0,0,0
1,0,0,0,0,0,0,0,0,0
1,0,0,0,0,0,0,0,0,0
1,0,0,0,0,0,0,0,0,0
1,0,0,0,0,0,0,0,0,0
1,0,0,0,0,0,0,0,0,0
1,0,0,0,0,0,0,0,0,0
1,0,0,0,0,0,0,0,0,0
1,0,0,0,0,0,0,0,0,0
1,0,0,0,0,0,0,0,0,0
1,0,0,0,0,0,0,0,0,0
1,0,0,0,0,0,0,0,0,0
1,0,0,0,0,0,0,0,0,0
1,0,0,0,0,0,0,0,0,0
1,0,0,0,0,0,0,0,0,0
1,0,0,0,0,0,0,0,0,0
1,0,0,0,0,0,0,0,0,0
1,0,0,0,0,0,0,0,0,0
1,0,0,0,0,0,0,0,0,0
1,0,0,0,0,0,0,0,0,0
1,0,0,0,0,0,0,0,0,0
1,0,0,0,0,0,0,0,0,0
1,0,0,0,0,0,0,0,0,0
1,0,0,0,0,0,0,0,0,0
1,0,0,0,0,0,0,0,0,0
1,0,0,0,0,0,0,0,0,0
1,0,0,0,0,0,0,0,0,0
1,0,0,0,0,0,0,0,0,0
1,0,0,0,0,0,0,0,0,0
1,0,0,0,0,0,0,0,0,0
1,0,0,0,0,0,0,0,0,0
1,0,0,0,0,0,0,0,0,0
1,0,0,0,0,0,0,0,0,0
1,0,0,0,0,0,0,0,0,0
1,0,0,0,0,0,0,0,0,0
1,0,0,0,0,0,0,0,0,0
1,0,0,0,0,0,0,0,0,0
1,0,0,0,0,0,0,0,0,0
1,0,0,0,0,0,0,0,0,0
1,0,0,0,0,0,0,0,0,0
1,0,0,0,0,0,0,0,0,0
1,0,0,0,0,0,0,0,0,0
1,0,0,0,0,0,0,0,0,0
1,0,0,0,0,0,0,0,0,0
1,0,0,0,0,0,0,0,0,0
1,0,0,0,0,0,0,0,0,0
1,0,0,0,0,0,0,0,0,0
1,0,0,0,0,0,0,0,0,0
1,0,0,0,0,0,0,0,0,0
1,0,0,0,0,0,0,0,0,0
1,0,0,0,0,0,0,0,0,0
1,0,0,0,0,0,0,0,0,0
1,0,0,0,0,0,0,0,0,0
1,0,0,0,0,0,0,0,0,0
1,0,0,0,0,0,0,0,0,0
1,0,0,0,0,0,0,0,0,0
1,0,0,0,0,0,0,0,0,0
1,0,0,0,0,0,0,0,0,0
1,0,0,0,0,0,0,0,0,0
1,0,0,0,0,0,0,0,0,0
1,0,0,0,0,0,0,0,0,0
1,0,0,0,0,0,0,0,0,0
1,0,0,0,0,0,0,0,0,0
1,0,0,0,0,0,0,0,0,0
1,0,0,0,0,0,0,0,0,0
1,0,0,0,0,0,0,0,0,0
1,0,0,0,0,0,0,0,0,0
1,0,0,0,0,0,0,0,0,0
1,0,0,0,0,0,0,0,0,0
1,0,0,0,0,0,0,0,0,0
1,0,0,0,0,0,0,0,0,0
1,0,0,0,0,0,0,0,0,0
1,0,0,0,0,0,0,0,0,0
1,0,0,0,0,0,0,0,0,0
1,0,0,0,0,0,0,0,0,0
1,0,0,0,0,0,0,0,0,0
1,0,0,0,0,0,0,0,0,0
1,0,0,0,0,0,0,0,0,0
1,0,0,0,0,0,0,0,0,0
1,0,0,0,0,0,0,0,0,0
1,0,0,0,0,0,0,0,0,0
1,0,0,0,0,0,0,0,0,0
1,0,0,0,0,0,0,0,0,0
1,0,0,0,0,0,0,0,0,0
1,0,0,0,0,0,0,0,0,0
1,0,0,0,0,0,0,0,0,0
1,0,0,0,0,0,0,0,0,0
1,0,0,0,0,0,0,0,0,0
1,0,0,0,0,0,0,0,0,0
1,0,0,0,0,0,0,0,0,0
1,0,0,0,0,0,0,0,0,0
1,0,0,0,0,0,0,0,0,0
1,0,0,0,0,0,0,0,0,0
1,0,0,0,0,0,0,0,0,0
1,0,0,0,0,0,0,0,0,0
1,0,0,0,0,0,0,0,0,0
1,0,0,0,0,0,0,0,0,0
1,0,0,0,0,0,0,0,0,0
1,0,0,0,0,0,0,0,0,0
1,0,0,0,0,0,0,0,0,0
1,0,0,0,0,0,0,0,0,0
1,0,0,0,0,0,0,0,0,0
1,0,0,0,0,0,0,0,0,0
1,0,0,0,0,0,0,0,0,0
1,0,0,0,0,0,0,0,0,0
1,0,0,0,0,0,0,0,0,0
1,0,0,0,0,0,0,0,0,0
1,0,0,0,0,0,0,0,0,0
1,0,0,0,0,0,0,0,0,0
1,0,0,0,0,0,0,0,0,0
1,0,0,0,0,0,0,0,0,0
1,0,0,0,0,0,0,0,0,0
1,0,0,0,0,0,0,0,0,0
1,0,0,0,0,0,0,0,0,0
1,0,0,0,0,0,0,0,0,0
1,0,0,0,0,0,0,0,0,0
1,0,0,0,0,0,0,0,0,0
1,0,0,0,0,0,0,0,0,0
1,0,0,0,0,0,0,0,0,0
1,0,0,0,0,0,0,0,0,0
1,0,0,0,0,0,0,0,0,0
1,0,0,0,0,0,0,0,0,0
1,0,0,0,0,0,0,0,0,0
1,0,0,0,0,0,0,0,0,0
1,0,0,0,0,0,0,0,0,0
1,0,0,0,0,0,0,0,0,0
1,0,0,0,0,0,0,0,0,0
1,0,0,0,0,0,0,0,0,0
1,0,0,0,0,0,0,0,0,0
1,0,0,0,0,0,0,0,0,0
1,0,0,0,0,0,0,0,0,0
1,0,0,0,0,0,0,0,0,0
1,0,0,0,0,0,0,0,0,0
1,0,0,0,0,0,0,0,0,0
1,0,0,0,0,0,0,0,0,0
1,0,0,0,0,0,0,0,0,0
1,0,0,0,0,0,0,0,0,0
1,0,0,0,0,0,0,0,0,0
1,0,0,0,0,0,0,0,0,0
1,0,0,0,0,0,0,0,0,0
1,0,0,0,0,0,0,0,0,0
1,0,0,0,0,0,0,0,0,0
1,0,0,0,0,0,0,0,0,0
1,0,0,0,0,0,0,0,0,0
1,0,0,0,0,0,0,0,0,0
1,0,0,0,0,0,0,0,0,0
1,0,0,0,0,0,0,0,0,0
1,0,0,0,0,0,0,0,0,0
1,0,0,0,0,0,0,0,0,0
1,0,0,0,0,0,0,0,0,0
1,0,0,0,0,0,0,0,0,0
1,0,0,0,0,0,0,0,0,0
1,0,0,0,0,0,0,0,0,0
1,0,0,0,0,0,0,0,0,0
1,0,0,0,0,0,0,0,0,0
1,0,0,0,0,0,0,0,0,0
1,0,0,0,0,0,0,0,0,0
1,0,0,0,0,0,0,0,0,0
1,0,0,0,0,0,0,0,0,0
1,0,0,0,0,0,0,0,0,0
1,0,0,0,0,0,0,0,0,0
1,0,0,0,0,0,0,0,0,0
1,0,0,0,0,0,0,0,0,0
1,0,0,0,0,0,0,0,0,0
1,0,0,0,0,0,0,0,0,0
1,0,0,0,0,0,0,0,0,0
1,0,0,0,0,0,0,0,0,0
1,0,0,0,0,0,0,0,0,0
1,0,0,0,0,0,0,0,0,0
1,0,0,0,0,0,0,0,0,0
1,0,0,0,0,0,0,0,0,0
1,0,0,0,0,0,0,0,0,0
1,0,0,0,0,0,0,0,0,0
1,0,0,0,0,0,0,0,0,0
1,0,0,0,0,0,0,0,0,0
1,0,0,0,0,0,0,0,0,0
1,0,0,0,0,0,0,0,0,0
1,0,0,0,0,0,0,0,0,0
1,0,0,0,0,0,0,0,0,0
1,0,0,0,0,0,0,0,0,0
1,0,0,0,0,0,0,0,0,0
1,0,0,0,0,0,0,0,0,0
1,0,0,0,0,0,0,0,0,0
1,0,0,0,0,0,0,0,0,0
1,0,0,0,0,0,0,0,0,0
1,0,0,0,0,0,0,0,0,0
1,0,0,0,0,0,0,0,0,0
1,0,0,0,0,0,0,0,0,0
1,0,0,0,0,0,0,0,0,0
1,0,0,0,0,0,0,0,0,0
1,0,0,0,0,0,0,0,0,0
1,0,0,0,0,0,0,0,0,0
1,0,0,0,0,0,0,0,0,0
1,0,0,0,0,0,0,0,0,0
1,0,0,0,0,0,0,0,0,0
1,0,0,0,0,0,0,0,0,0
1,0,0,0,0,0,0,0,0,0
1,0,0,0,0,0,0,0,0,0
1,0,0,0,0,0,0,0,0,0
1,0,0,0,0,0,0,0,0,0
1,0,0,0,0,0,0,0,0,0
1,0,0,0,0,0,0,0,0,0
1,0,0,0,0,0,0,0,0,0
1,0,0,0,0,0,0,0,0,0
1,0,0,0,0,0,0,0,0,0
1,0,0,0,0,0,0,0,0,0
1,0,0,0,0,0,0,0,0,0
1,0,0,0,0,0,0,0,0,0
1,0,0,0,0,0,0,0,0,0
1,0,0,0,0,0,0,0,0,0
1,0,0,0,0,0,0,0,0,0
1,0,0,0,0,0,0,0,0,0
1,0,0,0,0,0,0,0,0,0
1,0,0,0,0,0,0,0,0,0
1,0,0,0,0,0,0,0,0,0
1,0,0,0,0,0,0,0,0,0
1,0,0,0,0,0,0,0,0,0
1,0,0,0,0,0,0,0,0,0
1,0,0,0,0,0,0,0,0,0
1,0,0,0,0,0,0,0,0,0
1,0,0,0,0,0,0,0,0,0
1,0,0,0,0,0,0,0,0,0
1,0,0,0,0,0,0,0,0,0
1,0,0,0,0,0,0,0,0,0
1,0,0,0,0,0,0,0,0,0
1,0,0,0,0,0,0,0,0,0
1,0,0,0,0,0,0,0,0,0
1,0,0,0,0,0,0,0,0,0
1,0,0,0,0,0,0,0,0,0
1,0,0,0,0,0,0,0,0,0
1,0,0,0,0,0,0,0,0,0
1,0,0,0,0,0,0,0,0,0
1,0,0,0,0,0,0,0,0,0
1,0,0,0,0,0,0,0,0,0
1,0,0,0,0,0,0,0,0,0
1,0,0,0,0,0,0,0,0,0
1,0,0,0,0,0,0,0,0,0
1,0,0,0,0,0,0,0,0,0
1,0,0,0,0,0,0,0,0,0
1,0,0,0,0,0,0,0,0,0
1,0,0,0,0,0,0,0,0,0
1,0,0,0,0,0,0,0,0,0
1,0,0,0,0,0,0,0,0,0
1,0,0,0,0,0,0,0,0,0
1,0,0,0,0,0,0,0,0,0
1,0,0,0,0,0,0,0,0,0
1,0,0,0,0,0,0,0,0,0
1,0,0,0,0,0,0,0,0,0
1,0,0,0,0,0,0,0,0,0
1,0,0,0,0,0,0,0,0,0
1,0,0,0,0,0,0,0,0,0
1,0,0,0,0,0,0,0,0,0
1,0,0,0,0,0,0,0,0,0
1,0,0,0,0,0,0,0,0,0
1,0,0,0,0,0,0,0,0,0
1,0,0,0,0,0,0,0,0,0
1,0,0,0,0,0,0,0,0,0
1,0,0,0,0,0,0,0,0,0
1,0,0,0,0,0,0,0,0,0
1,0,0,0,0,0,0,0,0,0
1,0,0,0,0,0,0,0,0,0
1,0,0,0,0,0,0,0,0,0
1,0,0,0,0,0,0,0,0,0
1,0,0,0,0,0,0,0,0,0
1,0,0,0,0,0,0,0,0,0
1,0,0,0,0,0,0,0,0,0
1,0,0,0,0,0,0,0,0,0
1,0,0,0,0,0,0,0,0,0
1,0,0,0,0,0,0,0,0,0
1,0,0,0,0,0,0,0,0,0
1,0,0,0,0,0,0,0,0,0
1,0,0,0,0,0,0,0,0,0
1,0,0,0,0,0,0,0,0,0
1,0,0,0,0,0,0,0,0,0
1,0,0,0,0,0,0,0,0,0
1,0,0,0,0,0,0,0,0,0
1,0,0,0,0,0,0,0,0,0
1,0,0,0,0,0,0,0,0,0
1,0,0,0,0,0,0,0,0,0
1,0,0,0,0,0,0,0,0,0
1,0,0,0,0,0,0,0,0,0
1,0,0,0,0,0,0,0,0,0
1,0,0,0,0,0,0,0,0,0
1,0,0,0,0,0,0,0,0,0
1,0,0,0,0,0,0,0,0,0
1,0,0,0,0,0,0,0,0,0
1,0,0,0,0,0,0,0,0,0
1,0,0,0,0,0,0,0,0,0
1,0,0,0,0,0,0,0,0,0
1,0,0,0,0,0,0,0,0,0
1,0,0,0,0,0,0,0,0,0
1,0,0,0,0,0,0,0,0,0
1,0,0,0,0,0,0,0,0,0
1,0,0,0,0,0,0,0,0,0
1,0,0,0,0,0,0,0,0,0
1,0,0,0,0,0,0,0,0,0
1,0,0,0,0,0,0,0,0,0
1,0,0,0,0,0,0,0,0,0
1,0,0,0,0,0,0,0,0,0
1,0,0,0,0,0,0,0,0,0
1,0,0,0,0,0,0,0,0,0
1,0,0,0,0,0,0,0,0,0
1,0,0,0,0,0,0,0,0,0
1,0,0,0,0,0,0,0,0,0
1,0,0,0,0,0,0,0,0,0
1,0,0,0,0,0,0,0,0,0
1,0,0,0,0,0,0,0,0,0
1,0,0,0,0,0,0,0,0,0
1,0,0,0,0,0,0,0,0,0
1,0,0,0,0,0,0,0,0,0
1,0,0,0,0,0,0,0,0,0
1,0,0,0,0,0,0,0,0,0
1,0,0,0,0,0,0,0,0,0
1,0,0,0,0,0,0,0,0,0
1,0,0,0,0,0,0,0,0,0
1,0,0,0,0,0,0,0,0,0
1,0,0,0,0,0,0,0,0,0
1,0,0,0,0,0,0,0,0,0
1,0,0,0,0,0,0,0,0,0
1,0,0,0,0,0,0,0,0,0
1,0,0,0,0,0,0,0,0,0
1,0,0,0,0,0,0,0,0,0
1,0,0,0,0,0,0,0,0,0
1,0,0,0,0,0,0,0,0,0
1,0,0,0,0,0,0,0,0,0
1,0,0,0,0,0,0,0,0,0
1,0,0,0,0,0,0,0,0,0
1,0,0,0,0,0,0,0,0,0
1,0,0,0,0,0,0,0,0,0
1,0,0,0,0,0,0,0,0,0
1,0,0,0,0,0,0,0,0,0
1,0,0,0,0,0,0,0,0,0
1,0,0,0,0,0,0,0,0,0
1,0,0,0,0,0,0,0,0,0
1,0,0,0,0,0,0,0,0,0
1,0,0,0,0,0,0,0,0,0
1,0,0,0,0,0,0,0,0,0
1,0,0,0,0,0,0,0,0,0
1,0,0,0,0,0,0,0,0,0
1,0,0,0,0,0,0,0,0,0
1,0,0,0,0,0,0,0,0,0
1,0,0,0,0,0,0,0,0,0
1,0,0,0,0,0,0,0,0,0
1,0,0,0,0,0,0,0,0,0
1,0,0,0,0,0,0,0,0,0
1,0,0,0,0,0,0,0,0,0
1,0,0,0,0,0,0,0,0,0
1,0,0,0,0,0,0,0,0,0
1,0,0,0,0,0,0,0,0,0
1,0,0,0,0,0,0,0,0,0
1,0,0,0,0,0,0,0,0,0
1,0,0,0,0,0,0,0,0,0
1,0,0,0,0,0,0,0,0,0
1,0,0,0,0,0,0,0,0,0
1,0,0,0,0,0,0,0,0,0
1,0,0,0,0,0,0,0,0,0
1,0,0,0,0,0,0,0,0,0
1,0,0,0,0,0,0,0,0,0
1,0,0,0,0,0,0,0,0,0
1,0,0,0,0,0,0,0,0,0
1,0,0,0,0,0,0,0,0,0
1,0,0,0,0,0,0,0,0,0
1,0,0,0,0,0,0,0,0,0
1,0,0,0,0,0,0,0,0,0
1,0,0,0,0,0,0,0,0,0
1,0,0,0,0,0,0,0,0,0
1,0,0,0,0,0,0,0,0,0
1,0,0,0,0,0,0,0,0,0
1,0,0,0,0,0,0,0,0,0
1,0,0,0,0,0,0,0,0,0
1,0,0,0,0,0,0,0,0,0
1,0,0,0,0,0,0,0,0,0
1,0,0,0,0,0,0,0,0,0
1,0,0,0,0,0,0,0,0,0
1,0,0,0,0,0,0,0,0,0
1,0,0,0,0,0,0,0,0,0
1,0,0,0,0,0,0,0,0,0
1,0,0,0,0,0,0,0,0,0
1,0,0,0,0,0,0,0,0,0
1,0,0,0,0,0,0,0,0,0
1,0,0,0,0,0,0,0,0,0
1,0,0,0,0,0,0,0,0,0
1,0,0,0,0,0,0,0,0,0
1,0,0,0,0,0,0,0,0,0
1,0,0,0,0,0,0,0,0,0
1,0,0,0,0,0,0,0,0,0
1,0,0,0,0,0,0,0,0,0
1,0,0,0,0,0,0,0,0,0
1,0,0,0,0,0,0,0,0,0
1,0,0,0,0,0,0,0,0,0
1,0,0,0,0,0,0,0,0,0
1,0,0,0,0,0,0,0,0,0
1,0,0,0,0,0,0,0,0,0
1,0,0,0,0,0,0,0,0,0
1,0,0,0,0,0,0,0,0,0
1,0,0,0,0,0,0,0,0,0
1,0,0,0,0,0,0,0,0,0
1,0,0,0,0,0,0,0,0,0
1,0,0,0,0,0,0,0,0,0
1,0,0,0,0,0,0,0,0,0
1,0,0,0,0,0,0,0,0,0
1,0,0,0,0,0,0,0,0,0
1,0,0,0,0,0,0,0,0,0
1,0,0,0,0,0,0,0,0,0
1,0,0,0,0,0,0,0,0,0
1,0,0,0,0,0,0,0,0,0
1,0,0,0,0,0,0,0,0,0
1,0,0,0,0,0,0,0,0,0
1,0,0,0,0,0,0,0,0,0
1,0,0,0,0,0,0,0,0,0
1,0,0,0,0,0,0,0,0,0
1,0,0,0,0,0,0,0,0,0
1,0,0,0,0,0,0,0,0,0
1,0,0,0,0,0,0,0,0,0
1,0,0,0,0,0,0,0,0,0
1,0,0,0,0,0,0,0,0,0
1,0,0,0,0,0,0,0,0,0
1,0,0,0,0,0,0,0,0,0
1,0,0,0,0,0,0,0,0,0
1,0,0,0,0,0,0,0,0,0
1,0,0,0,0,0,0,0,0,0
1,0,0,0,0,0,0,0,0,0
1,0,0,0,0,0,0,0,0,0
1,0,0,0,0,0,0,0,0,0
1,0,0,0,0,0,0,0,0,0
1,0,0,0,0,0,0,0,0,0
1,0,0,0,0,0,0,0,0,0
1,0,0,0,0,0,0,0,0,0
1,0,0,0,0,0,0,0,0,0
1,0,0,0,0,0,0,0,0,0
1,0,0,0,0,0,0,0,0,0
1,0,0,0,0,0,0,0,0,0
1,0,0,0,0,0,0,0,0,0
1,0,0,0,0,0,0,0,0,0
1,0,0,0,0,0,0,0,0,0
1,0,0,0,0,0,0,0,0,0
1,0,0,0,0,0,0,0,0,0
1,0,0,0,0,0,0,0,0,0
1,0,0,0,0,0,0,0,0,0
1,0,0,0,0,0,0,0,0,0
1,0,0,0,0,0,0,0,0,0
1,0,0,0,0,0,0,0,0,0
1,0,0,0,0,0,0,0,0,0
1,0,0,0,0,0,0,0,0,0
1,0,0,0,0,0,0,0,0,0
1,0,0,0,0,0,0,0,0,0
1,0,0,0,0,0,0,0,0,0
1,0,0,0,0,0,0,0,0,0
1,0,0,0,0,0,0,0,0,0
1,0,0,0,0,0,0,0,0,0
1,0,0,0,0,0,0,0,0,0
1,0,0,0,0,0,0,0,0,0
1,0,0,0,0,0,0,0,0,0
1,0,0,0,0,0,0,0,0,0
1,0,0,0,0,0,0,0,0,0
1,0,0,0,0,0,0,0,0,0
1,0,0,0,0,0,0,0,0,0
1,0,0,0,0,0,0,0,0,0
1,0,0,0,0,0,0,0,0,0
1,0,0,0,0,0,0,0,0,0
1,0,0,0,0,0,0,0,0,0
1,0,0,0,0,0,0,0,0,0
1,0,0,0,0,0,0,0,0,0
1,0,0,0,0,0,0,0,0,0
1,0,0,0,0,0,0,0,0,0
1,0,0,0,0,0,0,0,0,0
1,0,0,0,0,0,0,0,0,0
1,0,0,0,0,0,0,0,0,0
1,0,0,0,0,0,0,0,0,0
1,0,0,0,0,0,0,0,0,0
1,0,0,0,0,0,0,0,0,0
1,0,0,0,0,0,0,0,0,0
1,0,0,0,0,0,0,0,0,0
1,0,0,0,0,0,0,0,0,0
1,0,0,0,0,0,0,0,0,0
1,0,0,0,0,0,0,0,0,0
1,0,0,0,0,0,0,0,0,0
1,0,0,0,0,0,0,0,0,0
1,0,0,0,0,0,0,0,0,0
1,0,0,0,0,0,0,0,0,0
1,0,0,0,0,0,0,0,0,0
1,0,0,0,0,0,0,0,0,0
1,0,0,0,0,0,0,0,0,0
1,0,0,0,0,0,0,0,0,0
1,0,0,0,0,0,0,0,0,0
1,0,0,0,0,0,0,0,0,0
1,0,0,0,0,0,0,0,0,0
1,0,0,0,0,0,0,0,0,0
1,0,0,0,0,0,0,0,0,0
1,0,0,0,0,0,0,0,0,0
1,0,0,0,0,0,0,0,0,0
1,0,0,0,0,0,0,0,0,0
1,0,0,0,0,0,0,0,0,0
1,0,0,0,0,0,0,0,0,0
1,0,0,0,0,0,0,0,0,0
1,0,0,0,0,0,0,0,0,0
1,0,0,0,0,0,0,0,0,0
1,0,0,0,0,0,0,0,0,0
1,0,0,0,0,0,0,0,0,0
1,0,0,0,0,0,0,0,0,0
1,0,0,0,0,0,0,0,0,0
1,0,0,0,0,0,0,0,0,0
1,0,0,0,0,0,0,0,0,0
1,0,0,0,0,0,0,0,0,0
1,0,0,0,0,0,0,0,0,0
1,0,0,0,0,0,0,0,0,0
1,0,0,0,0,0,0,0,0,0
1,0,0,0,0,0,0,0,0,0
1,0,0,0,0,0,0,0,0,0
1,0,0,0,0,0,0,0,0,0
1,0,0,0,0,0,0,0,0,0
1,0,0,0,0,0,0,0,0,0
1,0,0,0,0,0,0,0,0,0
1,0,0,0,0,0,0,0,0,0
1,0,0,0,0,0,0,0,0,0
1,0,0,0,0,0,0,0,0,0
1,0,0,0,0,0,0,0,0,0
1,0,0,0,0,0,0,0,0,0
1,0,0,0,0,0,0,0,0,0
1,0,0,0,0,0,0,0,0,0
1,0,0,0,0,0,0,0,0,0
1,0,0,0,0,0,0,0,0,0
1,0,0,0,0,0,0,0,0,0
1,0,0,0,0,0,0,0,0,0
1,0,0,0,0,0,0,0,0,0
1,0,0,0,0,0,0,0,0,0
1,0,0,0,0,0,0,0,0,0
1,0,0,0,0,0,0,0,0,0
1,0,0,0,0,0,0,0,0,0
1,0,0,0,0,0,0,0,0,0
1,0,0,0,0,0,0,0,0,0
1,0,0,0,0,0,0,0,0,0
1,0,0,0,0,0,0,0,0,0
1,0,0,0,0,0,0,0,0,0
1,0,0,0,0,0,0,0,0,0
1,0,0,0,0,0,0,0,0,0
1,0,0,0,0,0,0,0,0,0
1,0,0,0,0,0,0,0,0,0
1,0,0,0,0,0,0,0,0,0
1,0,0,0,0,0,0,0,0,0
1,0,0,0,0,0,0,0,0,0
1,0,0,0,0,0,0,0,0,0
1,0,0,0,0,0,0,0,0,0
1,0,0,0,0,0,0,0,0,0
1,0,0,0,0,0,0,0,0,0
1,0,0,0,0,0,0,0,0,0
1,0,0,0,0,0,0,0,0,0
1,0,0,0,0,0,0,0,0,0
1,0,0,0,0,0,0,0,0,0
1,0,0,0,0,0,0,0,0,0
1,0,0,0,0,0,0,0,0,0
1,0,0,0,0,0,0,0,0,0
1,0,0,0,0,0,0,0,0,0
1,0,0,0,0,0,0,0,0,0
1,0,0,0,0,0,0,0,0,0
1,0,0,0,0,0,0,0,0,0
1,0,0,0,0,0,0,0,0,0
1,0,0,0,0,0,0,0,0,0
1,0,0,0,0,0,0,0,0,0
1,0,0,0,0,0,0,0,0,0
1,0,0,0,0,0,0,0,0,0
1,0,0,0,0,0,0,0,0,0
1,0,0,0,0,0,0,0,0,0
1,0,0,0,0,0,0,0,0,0
1,0,0,0,0,0,0,0,0,0
1,0,0,0,0,0,0,0,0,0
1,0,0,0,0,0,0,0,0,0
1,0,0,0,0,0,0,0,0,0
1,0,0,0,0,0,0,0,0,0
1,0,0,0,0,0,0,0,0,0
1,0,0,0,0,0,0,0,0,0
1,0,0,0,0,0,0,0,0,0
1,0,0,0,0,0,0,0,0,0
1,0,0,0,0,0,0,0,0,0
1,0,0,0,0,0,0,0,0,0
1,0,0,0,0,0,0,0,0,0
1,0,0,0,0,0,0,0,0,0
1,0,0,0,0,0,0,0,0,0
1,0,0,0,0,0,0,0,0,0
1,0,0,0,0,0,0,0,0,0
1,0,0,0,0,0,0,0,0,0
1,0,0,0,0,0,0,0,0,0
1,0,0,0,0,0,0,0,0,0
1,0,0,0,0,0,0,0,0,0
1,0,0,0,0,0,0,0,0,0
1,0,0,0,0,0,0,0,0,0
1,0,0,0,0,0,0,0,0,0
1,0,0,0,0,0,0,0,0,0
1,0,0,0,0,0,0,0,0,0
1,0,0,0,0,0,0,0,0,0
1,0,0,0,0,0,0,0,0,0
1,0,0,0,0,0,0,0,0,0
1,0,0,0,0,0,0,0,0,0
1,0,0,0,0,0,0,0,0,0
1,0,0,0,0,0,0,0,0,0
1,0,0,0,0,0,0,0,0,0
1,0,0,0,0,0,0,0,0,0
1,0,0,0,0,0,0,0,0,0
1,0,0,0,0,0,0,0,0,0
1,0,0,0,0,0,0,0,0,0
1,0,0,0,0,0,0,0,0,0
1,0,0,0,0,0,0,0,0,0
1,0,0,0,0,0,0,0,0,0
1,0,0,0,0,0,0,0,0,0
1,0,0,0,0,0,0,0,0,0
1,0,0,0,0,0,0,0,0,0
1,0,0,0,0,0,0,0,0,0
1,0,0,0,0,0,0,0,0,0
1,0,0,0,0,0,0,0,0,0
1,0,0,0,0,0,0,0,0,0
1,0,0,0,0,0,0,0,0,0
1,0,0,0,0,0,0,0,0,0
1,0,0,0,0,0,0,0,0,0
1,0,0,0,0,0,0,0,0,0
1,0,0,0,0,0,0,0,0,0
1,0,0,0,0,0,0,0,0,0
1,0,0,0,0,0,0,0,0,0
1,0,0,0,0,0,0,0,0,0
1,0,0,0,0,0,0,0,0,0
1,0,0,0,0,0,0,0,0,0
1,0,0,0,0,0,0,0,0,0
1,0,0,0,0,0,0,0,0,0
1,0,0,0,0,0,0,0,0,0
1,0,0,0,0,0,0,0,0,0
1,0,0,0,0,0,0,0,0,0
1,0,0,0,0,0,0,0,0,0
1,0,0,0,0,0,0,0,0,0
1,0,0,0,0,0,0,0,0,0
1,0,0,0,0,0,0,0,0,0
1,0,0,0,0,0,0,0,0,0
1,0,0,0,0,0,0,0,0,0
1,0,0,0,0,0,0,0,0,0
1,0,0,0,0,0,0,0,0,0
1,0,0,0,0,0,0,0,0,0
1,0,0,0,0,0,0,0,0,0
1,0,0,0,0,0,0,0,0,0
1,0,0,0,0,0,0,0,0,0
1,0,0,0,0,0,0,0,0,0
1,0,0,0,0,0,0,0,0,0
1,0,0,0,0,0,0,0,0,0
1,0,0,0,0,0,0,0,0,0
1,0,0,0,0,0,0,0,0,0
1,0,0,0,0,0,0,0,0,0
1,0,0,0,0,0,0,0,0,0
1,0,0,0,0,0,0,0,0,0
1,0,0,0,0,0,0,0,0,0
1,0,0,0,0,0,0,0,0,0
1,0,0,0,0,0,0,0,0,0
1,0,0,0,0,0,0,0,0,0
1,0,0,0,0,0,0,0,0,0
1,0,0,0,0,0,0,0,0,0
1,0,0,0,0,0,0,0,0,0
1,0,0,0,0,0,0,0,0,0
1,0,0,0,0,0,0,0,0,0
1,0,0,0,0,0,0,0,0,0
1,0,0,0,0,0,0,0,0,0
1,0,0,0,0,0,0,0,0,0
1,0,0,0,0,0,0,0,0,0
1,0,0,0,0,0,0,0,0,0
1,0,0,0,0,0,0,0,0,0
1,0,0,0,0,0,0,0,0,0
1,0,0,0,0,0,0,0,0,0
1,0,0,0,0,0,0,0,0,0
1,0,0,0,0,0,0,0,0,0
1,0,0,0,0,0,0,0,0,0
1,0,0,0,0,0,0,0,0,0
1,0,0,0,0,0,0,0,0,0
1,0,0,0,0,0,0,0,0,0
1,0,0,0,0,0,0,0,0,0
1,0,0,0,0,0,0,0,0,0
1,0,0,0,0,0,0,0,0,0
1,0,0,0,0,0,0,0,0,0
1,0,0,0,0,0,0,0,0,0
1,0,0,0,0,0,0,0,0,0
1,0,0,0,0,0,0,0,0,0
1,0,0,0,0,0,0,0,0,0
1,0,0,0,0,0,0,0,0,0
1,0,0,0,0,0,0,0,0,0
1,0,0,0,0,0,0,0,0,0
1,0,0,0,0,0,0,0,0,0
1,0,0,0,0,0,0,0,0,0
1,0,0,0,0,0,0,0,0,0
1,0,0,0,0,0,0,0,0,0
1,0,0,0,0,0,0,0,0,0
1,0,0,0,0,0,0,0,0,0
1,0,0,0,0,0,0,0,0,0
1,0,0,0,0,0,0,0,0,0
1,0,0,0,0,0,0,0,0,0
1,0,0,0,0,0,0,0,0,0
1,0,0,0,0,0,0,0,0,0
1,0,0,0,0,0,0,0,0,0
1,0,0,0,0,0,0,0,0,0
1,0,0,0,0,0,0,0,0,0
1,0,0,0,0,0,0,0,0,0
1,0,0,0,0,0,0,0,0,0
1,0,0,0,0,0,0,0,0,0
1,0,0,0,0,0,0,0,0,0
1,0,0,0,0,0,0,0,0,0
1,0,0,0,0,0,0,0,0,0
1,0,0,0,0,0,0,0,0,0
1,0,0,0,0,0,0,0,0,0
1,0,0,0,0,0,0,0,0,0
1,0,0,0,0,0,0,0,0,0
1,0,0,0,0,0,0,0,0,0
1,0,0,0,0,0,0,0,0,0
1,0,0,0,0,0,0,0,0,0
1,0,0,0,0,0,0,0,0,0
1,0,0,0,0,0,0,0,0,0
1,0,0,0,0,0,0,0,0,0
1,0,0,0,0,0,0,0,0,0
1,0,0,0,0,0,0,0,0,0
1,0,0,0,0,0,0,0,0,0
1,0,0,0,0,0,0,0,0,0
1,0,0,0,0,0,0,0,0,0
1,0,0,0,0,0,0,0,0,0
1,0,0,0,0,0,0,0,0,0
1,0,0,0,0,0,0,0,0,0
1,0,0,0,0,0,0,0,0,0
1,0,0,0,0,0,0,0,0,0
1,0,0,0,0,0,0,0,0,0
1,0,0,0,0,0,0,0,0,0
1,0,0,0,0,0,0,0,0,0
1,0,0,0,0,0,0,0,0,0
1,0,0,0,0,0,0,0,0,0
1,0,0,0,0,0,0,0,0,0
1,0,0,0,0,0,0,0,0,0
1,0,0,0,0,0,0,0,0,0
1,0,0,0,0,0,0,0,0,0
1,0,0,0,0,0,0,0,0,0
1,0,0,0,0,0,0,0,0,0
1,0,0,0,0,0,0,0,0,0
1,0,0,0,0,0,0,0,0,0
1,0,0,0,0,0,0,0,0,0
1,0,0,0,0,0,0,0,0,0
1,0,0,0,0,0,0,0,0,0
1,0,0,0,0,0,0,0,0,0
1,0,0,0,0,0,0,0,0,0
1,0,0,0,0,0,0,0,0,0
1,0,0,0,0,0,0,0,0,0
1,0,0,0,0,0,0,0,0,0
1,0,0,0,0,0,0,0,0,0
1,0,0,0,0,0,0,0,0,0
1,0,0,0,0,0,0,0,0,0
1,0,0,0,0,0,0,0,0,0
1,0,0,0,0,0,0,0,0,0
1,0,0,0,0,0,0,0,0,0
1,0,0,0,0,0,0,0,0,0
1,0,0,0,0,0,0,0,0,0
1,0,0,0,0,0,0,0,0,0
1,0,0,0,0,0,0,0,0,0
1,0,0,0,0,0,0,0,0,0
1,0,0,0,0,0,0,0,0,0
1,0,0,0,0,0,0,0,0,0
1,0,0,0,0,0,0,0,0,0
1,0,0,0,0,0,0,0,0,0
1,0,0,0,0,0,0,0,0,0
1,0,0,0,0,0,0,0,0,0
1,0,0,0,0,0,0,0,0,0
1,0,0,0,0,0,0,0,0,0
1,0,0,0,0,0,0,0,0,0
1,0,0,0,0,0,0,0,0,0
1,0,0,0,0,0,0,0,0,0
1,0,0,0,0,0,0,0,0,0
1,0,0,0,0,0,0,0,0,0
1,0,0,0,0,0,0,0,0,0
1,0,0,0,0,0,0,0,0,0
1,0,0,0,0,0,0,0,0,0
1,0,0,0,0,0,0,0,0,0
1,0,0,0,0,0,0,0,0,0
1,0,0,0,0,0,0,0,0,0
1,0,0,0,0,0,0,0,0,0
1,0,0,0,0,0,0,0,0,0
1,0,0,0,0,0,0,0,0,0
1,0,0,0,0,0,0,0,0,0
1,0,0,0,0,0,0,0,0,0
1,0,0,0,0,0,0,0,0,0
1,0,0,0,0,0,0,0,0,0
1,0,0,0,0,0,0,0,0,0
1,0,0,0,0,0,0,0,0,0
1,0,0,0,0,0,0,0,0,0
1,0,0,0,0,0,0,0,0,0
1,0,0,0,0,0,0,0,0,0
1,0,0,0,0,0,0,0,0,0
1,0,0,0,0,0,0,0,0,0
1,0,0,0,0,0,0,0,0,0
1,0,0,0,0,0,0,0,0,0
1,0,0,0,0,0,0,0,0,0
1,0,0,0,0,0,0,0,0,0
1,0,0,0,0,0,0,0,0,0
1,0,0,0,0,0,0,0,0,0
1,0,0,0,0,0,0,0,0,0
1,0,0,0,0,0,0,0,0,0
1,0,0,0,0,0,0,0,0,0
1,0,0,0,0,0,0,0,0,0
1,0,0,0,0,0,0,0,0,0
1,0,0,0,0,0,0,0,0,0
1,0,0,0,0,0,0,0,0,0
1,0,0,0,0,0,0,0,0,0
1,0,0,0,0,0,0,0,0,0
1,0,0,0,0,0,0,0,0,0
1,0,0,0,0,0,0,0,0,0
1,0,0,0,0,0,0,0,0,0
1,0,0,0,0,0,0,0,0,0
1,0,0,0,0,0,0,0,0,0
1,0,0,0,0,0,0,0,0,0
1,0,0,0,0,0,0,0,0,0
1,0,0,0,0,0,0,0,0,0
1,0,0,0,0,0,0,0,0,0
1,0,0,0,0,0,0,0,0,0
1,0,0,0,0,0,0,0,0,0
1,0,0,0,0,0,0,0,0,0
1,0,0,0,0,0,0,0,0,0
1,0,0,0,0,0,0,0,0,0
1,0,0,0,0,0,0,0,0,0
1,0,0,0,0,0,0,0,0,0
1,0,0,0,0,0,0,0,0,0
1,0,0,0,0,0,0,0,0,0
1,0,0,0,0,0,0,0,0,0
1,0,0,0,0,0,0,0,0,0
1,0,0,0,0,0,0,0,0,0
1,0,0,0,0,0,0,0,0,0
1,0,0,0,0,0,0,0,0,0
1,0,0,0,0,0,0,0,0,0
1,0,0,0,0,0,0,0,0,0
1,0,0,0,0,0,0,0,0,0
1,0,0,0,0,0,0,0,0,0
1,0,0,0,0,0,0,0,0,0
1,0,0,0,0,0,0,0,0,0
1,0,0,0,0,0,0,0,0,0
1,0,0,0,0,0,0,0,0,0
1,0,0,0,0,0,0,0,0,0
1,0,0,0,0,0,0,0,0,0
1,0,0,0,0,0,0,0,0,0
1,0,0,0,0,0,0,0,0,0
1,0,0,0,0,0,0,0,0,0
1,0,0,0,0,0,0,0,0,0
1,0,0,0,0,0,0,0,0,0
1,0,0,0,0,0,0,0,0,0
1,0,0,0,0,0,0,0,0,0
1,0,0,0,0,0,0,0,0,0
1,0,0,0,0,0,0,0,0,0
1,0,0,0,0,0,0,0,0,0
1,0,0,0,0,0,0,0,0,0
1,0,0,0,0,0,0,0,0,0
1,0,0,0,0,0,0,0,0,0
1,0,0,0,0,0,0,0,0,0
1,0,0,0,0,0,0,0,0,0
1,0,0,0,0,0,0,0,0,0
1,0,0,0,0,0,0,0,0,0
1,0,0,0,0,0,0,0,0,0
1,0,0,0,0,0,0,0,0,0
1,0,0,0,0,0,0,0,0,0
1,0,0,0,0,0,0,0,0,0
1,0,0,0,0,0,0,0,0,0
1,0,0,0,0,0,0,0,0,0
1,0,0,0,0,0,0,0,0,0
1,0,0,0,0,0,0,0,0,0
1,0,0,0,0,0,0,0,0,0
1,0,0,0,0,0,0,0,0,0
1,0,0,0,0,0,0,0,0,0
1,0,0,0,0,0,0,0,0,0
1,0,0,0,0,0,0,0,0,0
1,0,0,0,0,0,0,0,0,0
1,0,0,0,0,0,0,0,0,0
1,0,0,0,0,0,0,0,0,0
1,0,0,0,0,0,0,0,0,0
1,0,0,0,0,0,0,0,0,0
1,0,0,0,0,0,0,0,0,0
1,0,0,0,0,0,0,0,0,0
1,0,0,0,0,0,0,0,0,0
1,0,0,0,0,0,0,0,0,0
1,0,0,0,0,0,0,0,0,0
1,0,0,0,0,0,0,0,0,0
1,0,0,0,0,0,0,0,0,0
1,0,0,0,0,0,0,0,0,0
1,0,0,0,0,0,0,0,0,0
1,0,0,0,0,0,0,0,0,0
1,0,0,0,0,0,0,0,0,0
1,0,0,0,0,0,0,0,0,0
1,0,0,0,0,0,0,0,0,0
1,0,0,0,0,0,0,0,0,0
1,0,0,0,0,0,0,0,0,0
1,0,0,0,0,0,0,0,0,0
1,0,0,0,0,0,0,0,0,0
1,0,0,0,0,0,0,0,0,0
1,0,0,0,0,0,0,0,0,0
1,0,0,0,0,0,0,0,0,0
1,0,0,0,0,0,0,0,0,0
1,0,0,0,0,0,0,0,0,0
1,0,0,0,0,0,0,0,0,0
1,0,0,0,0,0,0,0,0,0
1,0,0,0,0,0,0,0,0,0
1,0,0,0,0,0,0,0,0,0
1,0,0,0,0,0,0,0,0,0
1,0,0,0,0,0,0,0,0,0
1,0,0,0,0,0,0,0,0,0
1,0,0,0,0,0,0,0,0,0
1,0,0,0,0,0,0,0,0,0
1,0,0,0,0,0,0,0,0,0
1,0,0,0,0,0,0,0,0,0
1,0,0,0,0,0,0,0,0,0
1,0,0,0,0,0,0,0,0,0
1,0,0,0,0,0,0,0,0,0
1,0,0,0,0,0,0,0,0,0
1,0,0,0,0,0,0,0,0,0
1,0,0,0,0,0,0,0,0,0
1,0,0,0,0,0,0,0,0,0
1,0,0,0,0,0,0,0,0,0
1,0,0,0,0,0,0,0,0,0
1,0,0,0,0,0,0,0,0,0
1,0,0,0,0,0,0,0,0,0
1,0,0,0,0,0,0,0,0,0
1,0,0,0,0,0,0,0,0,0
1,0,0,0,0,0,0,0,0,0
1,0,0,0,0,0,0,0,0,0
1,0,0,0,0,0,0,0,0,0
1,0,0,0,0,0,0,0,0,0
1,0,0,0,0,0,0,0,0,0
1,0,0,0,0,0,0,0,0,0
1,0,0,0,0,0,0,0,0,0
1,0,0,0,0,0,0,0,0,0
1,0,0,0,0,0,0,0,0,0
1,0,0,0,0,0,0,0,0,0
1,0,0,0,0,0,0,0,0,0
1,0,0,0,0,0,0,0,0,0
1,0,0,0,0,0,0,0,0,0
1,0,0,0,0,0,0,0,0,0
1,0,0,0,0,0,0,0,0,0
1,0,0,0,0,0,0,0,0,0
1,0,0,0,0,0,0,0,0,0
1,0,0,0,0,0,0,0,0,0
1,0,0,0,0,0,0,0,0,0
1,0,0,0,0,0,0,0,0,0
1,0,0,0,0,0,0,0,0,0
1,0,0,0,0,0,0,0,0,0
1,0,0,0,0,0,0,0,0,0
1,0,0,0,0,0,0,0,0,0
1,0,0,0,0,0,0,0,0,0
1,0,0,0,0,0,0,0,0,0
1,0,0,0,0,0,0,0,0,0
1,0,0,0,0,0,0,0,0,0
1,0,0,0,0,0,0,0,0,0
1,0,0,0,0,0,0,0,0,0
1,0,0,0,0,0,0,0,0,0
1,0,0,0,0,0,0,0,0,0
1,0,0,0,0,0,0,0,0,0
1,0,0,0,0,0,0,0,0,0
1,0,0,0,0,0,0,0,0,0
1,0,0,0,0,0,0,0,0,0
1,0,0,0,0,0,0,0,0,0
1,0,0,0,0,0,0,0,0,0
1,0,0,0,0,0,0,0,0,0
1,0,0,0,0,0,0,0,0,0
1,0,0,0,0,0,0,0,0,0
1,0,0,0,0,0,0,0,0,0
1,0,0,0,0,0,0,0,0,0
1,0,0,0,0,0,0,0,0,0
1,0,0,0,0,0,0,0,0,0
1,0,0,0,0,0,0,0,0,0
1,0,0,0,0,0,0,0,0,0
1,0,0,0,0,0,0,0,0,0
1,0,0,0,0,0,0,0,0,0
1,0,0,0,0,0,0,0,0,0
1,0,0,0,0,0,0,0,0,0
1,0,0,0,0,0,0,0,0,0
1,0,0,0,0,0,0,0,0,0
1,0,0,0,0,0,0,0,0,0
1,0,0,0,0,0,0,0,0,0
1,0,0,0,0,0,0,0,0,0
1,0,0,0,0,0,0,0,0,0
1,0,0,0,0,0,0,0,0,0
1,0,0,0,0,0,0,0,0,0
1,0,0,0,0,0,0,0,0,0
1,0,0,0,0,0,0,0,0,0
1,0,0,0,0,0,0,0,0,0
1,0,0,0,0,0,0,0,0,0
1,0,0,0,0,0,0,0,0,0
1,0,0,0,0,0,0,0,0,0
1,0,0,0,0,0,0,0,0,0
1,0,0,0,0,0,0,0,0,0
1,0,0,0,0,0,0,0,0,0
1,0,0,0,0,0,0,0,0,0
1,0,0,0,0,0,0,0,0,0
1,0,0,0,0,0,0,0,0,0
1,0,0,0,0,0,0,0,0,0
1,0,0,0,0,0,0,0,0,0
1,0,0,0,0,0,0,0,0,0
1,0,0,0,0,0,0,0,0,0
1,0,0,0,0,0,0,0,0,0
1,0,0,0,0,0,0,0,0,0
1,0,0,0,0,0,0,0,0,0
1,0,0,0,0,0,0,0,0,0
1,0,0,0,0,0,0,0,0,0
1,0,0,0,0,0,0,0,0,0
1,0,0,0,0,0,0,0,0,0
1,0,0,0,0,0,0,0,0,0
1,0,0,0,0,0,0,0,0,0
1,0,0,0,0,0,0,0,0,0
1,0,0,0,0,0,0,0,0,0
1,0,0,0,0,0,0,0,0,0
1,0,0,0,0,0,0,0,0,0
1,0,0,0,0,0,0,0,0,0
1,0,0,0,0,0,0,0,0,0
1,0,0,0,0,0,0,0,0,0
1,0,0,0,0,0,0,0,0,0
1,0,0,0,0,0,0,0,0,0
1,0,0,0,0,0,0,0,0,0
1,0,0,0,0,0,0,0,0,0
1,0,0,0,0,0,0,0,0,0
1,0,0,0,0,0,0,0,0,0
1,0,0,0,0,0,0,0,0,0
1,0,0,0,0,0,0,0,0,0
1,0,0,0,0,0,0,0,0,0
1,0,0,0,0,0,0,0,0,0
1,0,0,0,0,0,0,0,0,0
1,0,0,0,0,0,0,0,0,0
1,0,0,0,0,0,0,0,0,0
1,0,0,0,0,0,0,0,0,0
1,0,0,0,0,0,0,0,0,0
1,0,0,0,0,0,0,0,0,0
1,0,0,0,0,0,0,0,0,0
1,0,0,0,0,0,0,0,0,0
1,0,0,0,0,0,0,0,0,0
1,0,0,0,0,0,0,0,0,0
1,0,0,0,0,0,0,0,0,0
1,0,0,0,0,0,0,0,0,0
1,0,0,0,0,0,0,0,0,0
1,0,0,0,0,0,0,0,0,0
1,0,0,0,0,0,0,0,0,0
1,0,0,0,0,0,0,0,0,0
1,0,0,0,0,0,0,0,0,0
1,0,0,0,0,0,0,0,0,0
1,0,0,0,0,0,0,0,0,0
1,0,0,0,0,0,0,0,0,0
1,0,0,0,0,0,0,0,0,0
1,0,0,0,0,0,0,0,0,0
1,0,0,0,0,0,0,0,0,0
1,0,0,0,0,0,0,0,0,0
1,0,0,0,0,0,0,0,0,0
1,0,0,0,0,0,0,0,0,0
1,0,0,0,0,0,0,0,0,0
1,0,0,0,0,0,0,0,0,0
1,0,0,0,0,0,0,0,0,0
1,0,0,0,0,0,0,0,0,0
1,0,0,0,0,0,0,0,0,0
1,0,0,0,0,0,0,0,0,0
1,0,0,0,0,0,0,0,0,0
1,0,0,0,0,0,0,0,0,0
1,0,0,0,0,0,0,0,0,0
1,0,0,0,0,0,0,0,0,0
1,0,0,0,0,0,0,0,0,0
1,0,0,0,0,0,0,0,0,0
1,0,0,0,0,0,0,0,0,0
1,0,0,0,0,0,0,0,0,0
1,0,0,0,0,0,0,0,0,0
1,0,0,0,0,0,0,0,0,0
1,0,0,0,0,0,0,0,0,0
1,0,0,0,0,0,0,0,0,0
1,0,0,0,0,0,0,0,0,0
1,0,0,0,0,0,0,0,0,0
1,0,0,0,0,0,0,0,0,0
1,0,0,0,0,0,0,0,0,0
1,0,0,0,0,0,0,0,0,0
1,0,0,0,0,0,0,0,0,0
1,0,0,0,0,0,0,0,0,0
1,0,0,0,0,0,0,0,0,0
1,0,0,0,0,0,0,0,0,0
1,0,0,0,0,0,0,0,0,0
1,0,0,0,0,0,0,0,0,0
1,0,0,0,0,0,0,0,0,0
1,0,0,0,0,0,0,0,0,0
1,0,0,0,0,0,0,0,0,0
1,0,0,0,0,0,0,0,0,0
1,0,0,0,0,0,0,0,0,0
1,0,0,0,0,0,0,0,0,0
1,0,0,0,0,0,0,0,0,0
1,0,0,0,0,0,0,0,0,0
1,0,0,0,0,0,0,0,0,0
1,0,0,0,0,0,0,0,0,0
1,0,0,0,0,0,0,0,0,0
1,0,0,0,0,0,0,0,0,0
1,0,0,0,0,0,0,0,0,0
1,0,0,0,0,0,0,0,0,0
1,0,0,0,0,0,0,0,0,0
1,0,0,0,0,0,0,0,0,0
1,0,0,0,0,0,0,0,0,0
1,0,0,0,0,0,0,0,0,0
1,0,0,0,0,0,0,0,0,0
1,0,0,0,0,0,0,0,0,0
1,0,0,0,0,0,0,0,0,0
1,0,0,0,0,0,0,0,0,0
1,0,0,0,0,0,0,0,0,0
1,0,0,0,0,0,0,0,0,0
1,0,0,0,0,0,0,0,0,0
1,0,0,0,0,0,0,0,0,0
1,0,0,0,0,0,0,0,0,0
1,0,0,0,0,0,0,0,0,0
1,0,0,0,0,0,0,0,0,0
1,0,0,0,0,0,0,0,0,0
1,0,0,0,0,0,0,0,0,0
1,0,0,0,0,0,0,0,0,0
1,0,0,0,0,0,0,0,0,0
1,0,0,0,0,0,0,0,0,0
1,0,0,0,0,0,0,0,0,0
1,0,0,0,0,0,0,0,0,0
1,0,0,0,0,0,0,0,0,0
1,0,0,0,0,0,0,0,0,0
1,0,0,0,0,0,0,0,0,0
1,0,0,0,0,0,0,0,0,0
1,0,0,0,0,0,0,0,0,0
1,0,0,0,0,0,0,0,0,0
1,0,0,0,0,0,0,0,0,0
1,0,0,0,0,0,0,0,0,0
1,0,0,0,0,0,0,0,0,0
1,0,0,0,0,0,0,0,0,0
1,0,0,0,0,0,0,0,0,0
1,0,0,0,0,0,0,0,0,0
1,0,0,0,0,0,0,0,0,0
1,0,0,0,0,0,0,0,0,0
1,0,0,0,0,0,0,0,0,0
1,0,0,0,0,0,0,0,0,0
1,0,0,0,0,0,0,0,0,0
1,0,0,0,0,0,0,0,0,0
1,0,0,0,0,0,0,0,0,0
1,0,0,0,0,0,0,0,0,0
1,0,0,0,0,0,0,0,0,0
1,0,0,0,0,0,0,0,0,0
1,0,0,0,0,0,0,0,0,0
1,0,0,0,0,0,0,0,0,0
1,0,0,0,0,0,0,0,0,0
1,0,0,0,0,0,0,0,0,0
1,0,0,0,0,0,0,0,0,0
1,0,0,0,0,0,0,0,0,0
1,0,0,0,0,0,0,0,0,0
1,0,0,0,0,0,0,0,0,0
1,0,0,0,0,0,0,0,0,0
1,0,0,0,0,0,0,0,0,0
1,0,0,0,0,0,0,0,0,0
1,0,0,0,0,0,0,0,0,0
1,0,0,0,0,0,0,0,0,0
1,0,0,0,0,0,0,0,0,0
1,0,0,0,0,0,0,0,0,0
1,0,0,0,0,0,0,0,0,0
1,0,0,0,0,0,0,0,0,0
1,0,0,0,0,0,0,0,0,0
1,0,0,0,0,0,0,0,0,0
1,0,0,0,0,0,0,0,0,0
1,0,0,0,0,0,0,0,0,0
1,0,0,0,0,0,0,0,0,0
1,0,0,0,0,0,0,0,0,0
1,0,0,0,0,0,0,0,0,0
1,0,0,0,0,0,0,0,0,0
1,0,0,0,0,0,0,0,0,0
1,0,0,0,0,0,0,0,0,0
1,0,0,0,0,0,0,0,0,0
1,0,0,0,0,0,0,0,0,0
1,0,0,0,0,0,0,0,0,0
1,0,0,0,0,0,0,0,0,0
1,0,0,0,0,0,0,0,0,0
1,0,0,0,0,0,0,0,0,0
1,0,0,0,0,0,0,0,0,0
1,0,0,0,0,0,0,0,0,0
1,0,0,0,0,0,0,0,0,0
1,0,0,0,0,0,0,0,0,0
1,0,0,0,0,0,0,0,0,0
1,0,0,0,0,0,0,0,0,0
1,0,0,0,0,0,0,0,0,0
1,0,0,0,0,0,0,0,0,0
1,0,0,0,0,0,0,0,0,0
1,0,0,0,0,0,0,0,0,0
1,0,0,0,0,0,0,0,0,0
1,0,0,0,0,0,0,0,0,0
1,0,0,0,0,0,0,0,0,0
1,0,0,0,0,0,0,0,0,0
1,0,0,0,0,0,0,0,0,0
1,0,0,0,0,0,0,0,0,0
1,0,0,0,0,0,0,0,0,0
1,0,0,0,0,0,0,0,0,0
1,0,0,0,0,0,0,0,0,0
1,0,0,0,0,0,0,0,0,0
1,0,0,0,0,0,0,0,0,0
1,0,0,0,0,0,0,0,0,0
1,0,0,0,0,0,0,0,0,0
1,0,0,0,0,0,0,0,0,0
1,0,0,0,0,0,0,0,0,0
1,0,0,0,0,0,0,0,0,0
1,0,0,0,0,0,0,0,0,0
1,0,0,0,0,0,0,0,0,0
1,0,0,0,0,0,0,0,0,0
1,0,0,0,0,0,0,0,0,0
1,0,0,0,0,0,0,0,0,0
1,0,0,0,0,0,0,0,0,0
1,0,0,0,0,0,0,0,0,0
1,0,0,0,0,0,0,0,0,0
1,0,0,0,0,0,0,0,0,0
1,0,0,0,0,0,0,0,0,0
1,0,0,0,0,0,0,0,0,0
1,0,0,0,0,0,0,0,0,0
1,0,0,0,0,0,0,0,0,0
1,0,0,0,0,0,0,0,0,0
1,0,0,0,0,0,0,0,0,0
1,0,0,0,0,0,0,0,0,0
1,0,0,0,0,0,0,0,0,0
1,0,0,0,0,0,0,0,0,0
1,0,0,0,0,0,0,0,0,0
1,0,0,0,0,0,0,0,0,0
1,0,0,0,0,0,0,0,0,0
1,0,0,0,0,0,0,0,0,0
1,0,0,0,0,0,0,0,0,0
1,0,0,0,0,0,0,0,0,0
1,0,0,0,0,0,0,0,0,0
1,0,0,0,0,0,0,0,0,0
1,0,0,0,0,0,0,0,0,0
1,0,0,0,0,0,0,0,0,0
1,0,0,0,0,0,0,0,0,0
1,0,0,0,0,0,0,0,0,0
1,0,0,0,0,0,0,0,0,0
1,0,0,0,0,0,0,0,0,0
1,0,0,0,0,0,0,0,0,0
1,0,0,0,0,0,0,0,0,0
1,0,0,0,0,0,0,0,0,0
1,0,0,0,0,0,0,0,0,0
1,0,0,0,0,0,0,0,0,0
1,0,0,0,0,0,0,0,0,0
1,0,0,0,0,0,0,0,0,0
1,0,0,0,0,0,0,0,0,0
1,0,0,0,0,0,0,0,0,0
1,0,0,0,0,0,0,0,0,0
1,0,0,0,0,0,0,0,0,0
1,0,0,0,0,0,0,0,0,0
1,0,0,0,0,0,0,0,0,0
1,0,0,0,0,0,0,0,0,0
1,0,0,0,0,0,0,0,0,0
1,0,0,0,0,0,0,0,0,0
1,0,0,0,0,0,0,0,0,0
1,0,0,0,0,0,0,0,0,0
1,0,0,0,0,0,0,0,0,0
1,0,0,0,0,0,0,0,0,0
1,0,0,0,0,0,0,0,0,0
1,0,0,0,0,0,0,0,0,0
1,0,0,0,0,0,0,0,0,0
1,0,0,0,0,0,0,0,0,0
1,0,0,0,0,0,0,0,0,0
1,0,0,0,0,0,0,0,0,0
1,0,0,0,0,0,0,0,0,0
1,0,0,0,0,0,0,0,0,0
1,0,0,0,0,0,0,0,0,0
1,0,0,0,0,0,0,0,0,0
1,0,0,0,0,0,0,0,0,0
1,0,0,0,0,0,0,0,0,0
1,0,0,0,0,0,0,0,0,0
1,0,0,0,0,0,0,0,0,0
1,0,0,0,0,0,0,0,0,0
1,0,0,0,0,0,0,0,0,0
1,0,0,0,0,0,0,0,0,0
1,0,0,0,0,0,0,0,0,0
1,0,0,0,0,0,0,0,0,0
1,0,0,0,0,0,0,0,0,0
1,0,0,0,0,0,0,0,0,0
1,0,0,0,0,0,0,0,0,0
1,0,0,0,0,0,0,0,0,0
1,0,0,0,0,0,0,0,0,0
1,0,0,0,0,0,0,0,0,0
1,0,0,0,0,0,0,0,0,0
1,0,0,0,0,0,0,0,0,0
1,0,0,0,0,0,0,0,0,0
1,0,0,0,0,0,0,0,0,0
1,0,0,0,0,0,0,0,0,0
1,0,0,0,0,0,0,0,0,0
1,0,0,0,0,0,0,0,0,0
1,0,0,0,0,0,0,0,0,0
1,0,0,0,0,0,0,0,0,0
1,0,0,0,0,0,0,0,0,0
1,0,0,0,0,0,0,0,0,0
1,0,0,0,0,0,0,0,0,0
1,0,0,0,0,0,0,0,0,0
1,0,0,0,0,0,0,0,0,0
1,0,0,0,0,0,0,0,0,0
1,0,0,0,0,0,0,0,0,0
1,0,0,0,0,0,0,0,0,0
1,0,0,0,0,0,0,0,0,0
1,0,0,0,0,0,0,0,0,0
1,0,0,0,0,0,0,0,0,0
1,0,0,0,0,0,0,0,0,0
1,0,0,0,0,0,0,0,0,0
1,0,0,0,0,0,0,0,0,0
1,0,0,0,0,0,0,0,0,0
1,0,0,0,0,0,0,0,0,0
1,0,0,0,0,0,0,0,0,0
1,0,0,0,0,0,0,0,0,0
1,0,0,0,0,0,0,0,0,0
1,0,0,0,0,0,0,0,0,0
1,0,0,0,0,0,0,0,0,0
1,0,0,0,0,0,0,0,0,0
1,0,0,0,0,0,0,0,0,0
1,0,0,0,0,0,0,0,0,0
1,0,0,0,0,0,0,0,0,0
1,0,0,0,0,0,0,0,0,0
1,0,0,0,0,0,0,0,0,0
1,0,0,0,0,0,0,0,0,0
1,0,0,0,0,0,0,0,0,0
1,0,0,0,0,0,0,0,0,0
1,0,0,0,0,0,0,0,0,0
1,0,0,0,0,0,0,0,0,0
1,0,0,0,0,0,0,0,0,0
1,0,0,0,0,0,0,0,0,0
1,0,0,0,0,0,0,0,0,0
1,0,0,0,0,0,0,0,0,0
1,0,0,0,0,0,0,0,0,0
1,0,0,0,0,0,0,0,0,0
1,0,0,0,0,0,0,0,0,0
1,0,0,0,0,0,0,0,0,0
1,0,0,0,0,0,0,0,0,0
1,0,0,0,0,0,0,0,0,0
1,0,0,0,0,0,0,0,0,0
1,0,0,0,0,0,0,0,0,0
1,0,0,0,0,0,0,0,0,0
1,0,0,0,0,0,0,0,0,0
1,0,0,0,0,0,0,0,0,0
1,0,0,0,0,0,0,0,0,0
1,0,0,0,0,0,0,0,0,0
1,0,0,0,0,0,0,0,0,0
1,0,0,0,0,0,0,0,0,0
1,0,0,0,0,0,0,0,0,0
1,0,0,0,0,0,0,0,0,0
1,0,0,0,0,0,0,0,0,0
1,0,0,0,0,0,0,0,0,0
1,0,0,0,0,0,0,0,0,0
1,0,0,0,0,0,0,0,0,0
1,0,0,0,0,0,0,0,0,0
1,0,0,0,0,0,0,0,0,0
1,0,0,0,0,0,0,0,0,0
1,0,0,0,0,0,0,0,0,0
1,0,0,0,0,0,0,0,0,0
1,0,0,0,0,0,0,0,0,0
1,0,0,0,0,0,0,0,0,0
1,0,0,0,0,0,0,0,0,0
1,0,0,0,0,0,0,0,0,0
1,0,0,0,0,0,0,0,0,0
1,0,0,0,0,0,0,0,0,0
1,0,0,0,0,0,0,0,0,0
1,0,0,0,0,0,0,0,0,0
1,0,0,0,0,0,0,0,0,0
1,0,0,0,0,0,0,0,0,0
1,0,0,0,0,0,0,0,0,0
1,0,0,0,0,0,0,0,0,0
1,0,0,0,0,0,0,0,0,0
1,0,0,0,0,0,0,0,0,0
1,0,0,0,0,0,0,0,0,0
1,0,0,0,0,0,0,0,0,0
1,0,0,0,0,0,0,0,0,0
1,0,0,0,0,0,0,0,0,0
1,0,0,0,0,0,0,0,0,0
1,0,0,0,0,0,0,0,0,0
1,0,0,0,0,0,0,0,0,0
1,0,0,0,0,0,0,0,0,0
1,0,0,0,0,0,0,0,0,0
1,0,0,0,0,0,0,0,0,0
1,0,0,0,0,0,0,0,0,0
1,0,0,0,0,0,0,0,0,0
1,0,0,0,0,0,0,0,0,0
1,0,0,0,0,0,0,0,0,0
1,0,0,0,0,0,0,0,0,0
1,0,0,0,0,0,0,0,0,0
1,0,0,0,0,0,0,0,0,0
1,0,0,0,0,0,0,0,0,0
1,0,0,0,0,0,0,0,0,0
1,0,0,0,0,0,0,0,0,0
1,0,0,0,0,0,0,0,0,0
1,0,0,0,0,0,0,0,0,0
1,0,0,0,0,0,0,0,0,0
1,0,0,0,0,0,0,0,0,0
1,0,0,0,0,0,0,0,0,0
1,0,0,0,0,0,0,0,0,0
1,0,0,0,0,0,0,0,0,0
1,0,0,0,0,0,0,0,0,0
1,0,0,0,0,0,0,0,0,0
1,0,0,0,0,0,0,0,0,0
1,0,0,0,0,0,0,0,0,0
1,0,0,0,0,0,0,0,0,0
1,0,0,0,0,0,0,0,0,0
1,0,0,0,0,0,0,0,0,0
1,0,0,0,0,0,0,0,0,0
1,0,0,0,0,0,0,0,0,0
1,0,0,0,0,0,0,0,0,0
1,0,0,0,0,0,0,0,0,0
1,0,0,0,0,0,0,0,0,0
1,0,0,0,0,0,0,0,0,0
1,0,0,0,0,0,0,0,0,0
1,0,0,0,0,0,0,0,0,0
1,0,0,0,0,0,0,0,0,0
1,0,0,0,0,0,0,0,0,0
1,0,0,0,0,0,0,0,0,0
1,0,0,0,0,0,0,0,0,0
1,0,0,0,0,0,0,0,0,0
1,0,0,0,0,0,0,0,0,0
1,0,0,0,0,0,0,0,0,0
1,0,0,0,0,0,0,0,0,0
1,0,0,0,0,0,0,0,0,0
1,0,0,0,0,0,0,0,0,0
1,0,0,0,0,0,0,0,0,0
1,0,0,0,0,0,0,0,0,0
1,0,0,0,0,0,0,0,0,0
1,0,0,0,0,0,0,0,0,0
1,0,0,0,0,0,0,0,0,0
1,0,0,0,0,0,0,0,0,0
1,0,0,0,0,0,0,0,0,0
1,0,0,0,0,0,0,0,0,0
1,0,0,0,0,0,0,0,0,0
1,0,0,0,0,0,0,0,0,0
1,0,0,0,0,0,0,0,0,0
1,0,0,0,0,0,0,0,0,0
1,0,0,0,0,0,0,0,0,0
1,0,0,0,0,0,0,0,0,0
1,0,0,0,0,0,0,0,0,0
1,0,0,0,0,0,0,0,0,0
1,0,0,0,0,0,0,0,0,0
1,0,0,0,0,0,0,0,0,0
1,0,0,0,0,0,0,0,0,0
1,0,0,0,0,0,0,0,0,0
1,0,0,0,0,0,0,0,0,0
1,0,0,0,0,0,0,0,0,0
1,0,0,0,0,0,0,0,0,0
1,0,0,0,0,0,0,0,0,0
1,0,0,0,0,0,0,0,0,0
1,0,0,0,0,0,0,0,0,0
1,0,0,0,0,0,0,0,0,0
1,0,0,0,0,0,0,0,0,0
1,0,0,0,0,0,0,0,0,0
1,0,0,0,0,0,0,0,0,0
1,0,0,0,0,0,0,0,0,0
1,0,0,0,0,0,0,0,0,0
1,0,0,0,0,0,0,0,0,0
1,0,0,0,0,0,0,0,0,0
1,0,0,0,0,0,0,0,0,0
1,0,0,0,0,0,0,0,0,0
1,0,0,0,0,0,0,0,0,0
1,0,0,0,0,0,0,0,0,0
1,0,0,0,0,0,0,0,0,0
1,0,0,0,0,0,0,0,0,0
1,0,0,0,0,0,0,0,0,0
1,0,0,0,0,0,0,0,0,0
1,0,0,0,0,0,0,0,0,0
1,0,0,0,0,0,0,0,0,0
1,0,0,0,0,0,0,0,0,0
1,0,0,0,0,0,0,0,0,0
1,0,0,0,0,0,0,0,0,0
1,0,0,0,0,0,0,0,0,0
1,0,0,0,0,0,0,0,0,0
1,0,0,0,0,0,0,0,0,0
1,0,0,0,0,0,0,0,0,0
1,0,0,0,0,0,0,0,0,0
1,0,0,0,0,0,0,0,0,0
1,0,0,0,0,0,0,0,0,0
1,0,0,0,0,0,0,0,0,0
1,0,0,0,0,0,0,0,0,0
1,0,0,0,0,0,0,0,0,0
1,0,0,0,0,0,0,0,0,0
1,0,0,0,0,0,0,0,0,0
1,0,0,0,0,0,0,0,0,0
1,0,0,0,0,0,0,0,0,0
1,0,0,0,0,0,0,0,0,0
1,0,0,0,0,0,0,0,0,0
1,0,0,0,0,0,0,0,0,0
1,0,0,0,0,0,0,0,0,0
1,0,0,0,0,0,0,0,0,0
1,0,0,0,0,0,0,0,0,0
1,0,0,0,0,0,0,0,0,0
1,0,0,0,0,0,0,0,0,0
1,0,0,0,0,0,0,0,0,0
1,0,0,0,0,0,0,0,0,0
1,0,0,0,0,0,0,0,0,0
1,0,0,0,0,0,0,0,0,0
1,0,0,0,0,0,0,0,0,0
1,0,0,0,0,0,0,0,0,0
1,0,0,0,0,0,0,0,0,0
1,0,0,0,0,0,0,0,0,0
1,0,0,0,0,0,0,0,0,0
1,0,0,0,0,0,0,0,0,0
1,0,0,0,0,0,0,0,0,0
1,0,0,0,0,0,0,0,0,0
1,0,0,0,0,0,0,0,0,0
1,0,0,0,0,0,0,0,0,0
1,0,0,0,0,0,0,0,0,0
1,0,0,0,0,0,0,0,0,0
1,0,0,0,0,0,0,0,0,0
1,0,0,0,0,0,0,0,0,0
1,0,0,0,0,0,0,0,0,0
1,0,0,0,0,0,0,0,0,0
1,0,0,0,0,0,0,0,0,0
1,0,0,0,0,0,0,0,0,0
1,0,0,0,0,0,0,0,0,0
1,0,0,0,0,0,0,0,0,0
1,0,0,0,0,0,0,0,0,0
1,0,0,0,0,0,0,0,0,0
1,0,0,0,0,0,0,0,0,0
1,0,0,0,0,0,0,0,0,0
1,0,0,0,0,0,0,0,0,0
1,0,0,0,0,0,0,0,0,0
1,0,0,0,0,0,0,0,0,0
1,0,0,0,0,0,0,0,0,0
1,0,0,0,0,0,0,0,0,0
1,0,0,0,0,0,0,0,0,0
1,0,0,0,0,0,0,0,0,0
1,0,0,0,0,0,0,0,0,0
1,0,0,0,0,0,0,0,0,0
1,0,0,0,0,0,0,0,0,0
1,0,0,0,0,0,0,0,0,0
1,0,0,0,0,0,0,0,0,0
1,0,0,0,0,0,0,0,0,0
1,0,0,0,0,0,0,0,0,0
1,0,0,0,0,0,0,0,0,0
1,0,0,0,0,0,0,0,0,0
1,0,0,0,0,0,0,0,0,0
1,0,0,0,0,0,0,0,0,0
1,0,0,0,0,0,0,0,0,0
1,0,0,0,0,0,0,0,0,0
1,0,0,0,0,0,0,0,0,0
1,0,0,0,0,0,0,0,0,0
1,0,0,0,0,0,0,0,0,0
1,0,0,0,0,0,0,0,0,0
1,0,0,0,0,0,0,0,0,0
1,0,0,0,0,0,0,0,0,0
1,0,0,0,0,0,0,0,0,0
1,0,0,0,0,0,0,0,0,0
1,0,0,0,0,0,0,0,0,0
1,0,0,0,0,0,0,0,0,0
1,0,0,0,0,0,0,0,0,0
1,0,0,0,0,0,0,0,0,0
1,0,0,0,0,0,0,0,0,0
1,0,0,0,0,0,0,0,0,0
1,0,0,0,0,0,0,0,0,0
1,0,0,0,0,0,0,0,0,0
1,0,0,0,0,0,0,0,0,0
1,0,0,0,0,0,0,0,0,0
1,0,0,0,0,0,0,0,0,0
1,0,0,0,0,0,0,0,0,0
1,0,0,0,0,0,0,0,0,0
1,0,0,0,0,0,0,0,0,0
1,0,0,0,0,0,0,0,0,0
1,0,0,0,0,0,0,0,0,0
1,0,0,0,0,0,0,0,0,0
1,0,0,0,0,0,0,0,0,0
1,0,0,0,0,0,0,0,0,0
1,0,0,0,0,0,0,0,0,0
1,0,0,0,0,0,0,0,0,0
1,0,0,0,0,0,0,0,0,0
1,0,0,0,0,0,0,0,0,0
1,0,0,0,0,0,0,0,0,0
1,0,0,0,0,0,0,0,0,0
1,0,0,0,0,0,0,0,0,0
1,0,0,0,0,0,0,0,0,0
1,0,0,0,0,0,0,0,0,0
1,0,0,0,0,0,0,0,0,0
1,0,0,0,0,0,0,0,0,0
1,0,0,0,0,0,0,0,0,0
1,0,0,0,0,0,0,0,0,0
1,0,0,0,0,0,0,0,0,0
1,0,0,0,0,0,0,0,0,0
1,0,0,0,0,0,0,0,0,0
1,0,0,0,0,0,0,0,0,0
1,0,0,0,0,0,0,0,0,0
1,0,0,0,0,0,0,0,0,0
1,0,0,0,0,0,0,0,0,0
1,0,0,0,0,0,0,0,0,0
1,0,0,0,0,0,0,0,0,0
1,0,0,0,0,0,0,0,0,0
1,0,0,0,0,0,0,0,0,0
1,0,0,0,0,0,0,0,0,0
1,0,0,0,0,0,0,0,0,0
1,0,0,0,0,0,0,0,0,0
1,0,0,0,0,0,0,0,0,0
1,0,0,0,0,0,0,0,0,0
1,0,0,0,0,0,0,0,0,0
1,0,0,0,0,0,0,0,0,0
1,0,0,0,0,0,0,0,0,0
1,0,0,0,0,0,0,0,0,0
1,0,0,0,0,0,0,0,0,0
1,0,0,0,0,0,0,0,0,0
1,0,0,0,0,0,0,0,0,0
1,0,0,0,0,0,0,0,0,0
1,0,0,0,0,0,0,0,0,0
1,0,0,0,0,0,0,0,0,0
1,0,0,0,0,0,0,0,0,0
1,0,0,0,0,0,0,0,0,0
1,0,0,0,0,0,0,0,0,0
1,0,0,0,0,0,0,0,0,0
1,0,0,0,0,0,0,0,0,0
1,0,0,0,0,0,0,0,0,0
1,0,0,0,0,0,0,0,0,0
1,0,0,0,0,0,0,0,0,0
1,0,0,0,0,0,0,0,0,0
1,0,0,0,0,0,0,0,0,0
1,0,0,0,0,0,0,0,0,0
1,0,0,0,0,0,0,0,0,0
1,0,0,0,0,0,0,0,0,0
1,0,0,0,0,0,0,0,0,0
1,0,0,0,0,0,0,0,0,0
1,0,0,0,0,0,0,0,0,0
1,0,0,0,0,0,0,0,0,0
1,0,0,0,0,0,0,0,0,0
1,0,0,0,0,0,0,0,0,0
1,0,0,0,0,0,0,0,0,0
1,0,0,0,0,0,0,0,0,0
1,0,0,0,0,0,0,0,0,0
1,0,0,0,0,0,0,0,0,0
1,0,0,0,0,0,0,0,0,0
1,0,0,0,0,0,0,0,0,0
1,0,0,0,0,0,0,0,0,0
1,0,0,0,0,0,0,0,0,0
1,0,0,0,0,0,0,0,0,0
1,0,0,0,0,0,0,0,0,0
1,0,0,0,0,0,0,0,0,0
1,0,0,0,0,0,0,0,0,0
1,0,0,0,0,0,0,0,0,0
1,0,0,0,0,0,0,0,0,0
1,0,0,0,0,0,0,0,0,0
1,0,0,0,0,0,0,0,0,0
1,0,0,0,0,0,0,0,0,0
1,0,0,0,0,0,0,0,0,0
1,0,0,0,0,0,0,0,0,0
1,0,0,0,0,0,0,0,0,0
1,0,0,0,0,0,0,0,0,0
1,0,0,0,0,0,0,0,0,0
1,0,0,0,0,0,0,0,0,0
1,0,0,0,0,0,0,0,0,0
1,0,0,0,0,0,0,0,0,0
1,0,0,0,0,0,0,0,0,0
1,0,0,0,0,0,0,0,0,0
1,0,0,0,0,0,0,0,0,0
1,0,0,0,0,0,0,0,0,0
1,0,0,0,0,0,0,0,0,0
1,0,0,0,0,0,0,0,0,0
1,0,0,0,0,0,0,0,0,0
1,0,0,0,0,0,0,0,0,0
1,0,0,0,0,0,0,0,0,0
1,0,0,0,0,0,0,0,0,0
1,0,0,0,0,0,0,0,0,0
1,0,0,0,0,0,0,0,0,0
1,0,0,0,0,0,0,0,0,0
1,0,0,0,0,0,0,0,0,0
1,0,0,0,0,0,0,0,0,0
1,0,0,0,0,0,0,0,0,0
1,0,0,0,0,0,0,0,0,0
1,0,0,0,0,0,0,0,0,0
1,0,0,0,0,0,0,0,0,0
1,0,0,0,0,0,0,0,0,0
1,0,0,0,0,0,0,0,0,0
1,0,0,0,0,0,0,0,0,0
1,0,0,0,0,0,0,0,0,0
1,0,0,0,0,0,0,0,0,0
1,0,0,0,0,0,0,0,0,0
1,0,0,0,0,0,0,0,0,0
1,0,0,0,0,0,0,0,0,0
1,0,0,0,0,0,0,0,0,0
1,0,0,0,0,0,0,0,0,0
1,0,0,0,0,0,0,0,0,0
1,0,0,0,0,0,0,0,0,0
1,0,0,0,0,0,0,0,0,0
1,0,0,0,0,0,0,0,0,0
1,0,0,0,0,0,0,0,0,0
1,0,0,0,0,0,0,0,0,0
1,0,0,0,0,0,0,0,0,0
1,0,0,0,0,0,0,0,0,0
1,0,0,0,0,0,0,0,0,0
1,0,0,0,0,0,0,0,0,0
1,0,0,0,0,0,0,0,0,0
1,0,0,0,0,0,0,0,0,0
1,0,0,0,0,0,0,0,0,0
1,0,0,0,0,0,0,0,0,0
1,0,0,0,0,0,0,0,0,0
1,0,0,0,0,0,0,0,0,0
1,0,0,0,0,0,0,0,0,0
1,0,0,0,0,0,0,0,0,0
1,0,0,0,0,0,0,0,0,0
1,0,0,0,0,0,0,0,0,0
1,0,0,0,0,0,0,0,0,0
1,0,0,0,0,0,0,0,0,0
1,0,0,0,0,0,0,0,0,0
1,0,0,0,0,0,0,0,0,0
1,0,0,0,0,0,0,0,0,0
1,0,0,0,0,0,0,0,0,0
1,0,0,0,0,0,0,0,0,0
1,0,0,0,0,0,0,0,0,0
1,0,0,0,0,0,0,0,0,0
1,0,0,0,0,0,0,0,0,0
1,0,0,0,0,0,0,0,0,0
1,0,0,0,0,0,0,0,0,0
1,0,0,0,0,0,0,0,0,0
1,0,0,0,0,0,0,0,0,0
1,0,0,0,0,0,0,0,0,0
1,0,0,0,0,0,0,0,0,0
1,0,0,0,0,0,0,0,0,0
1,0,0,0,0,0,0,0,0,0
1,0,0,0,0,0,0,0,0,0
1,0,0,0,0,0,0,0,0,0
1,0,0,0,0,0,0,0,0,0
1,0,0,0,0,0,0,0,0,0
1,0,0,0,0,0,0,0,0,0
1,0,0,0,0,0,0,0,0,0
1,0,0,0,0,0,0,0,0,0
1,0,0,0,0,0,0,0,0,0
1,0,0,0,0,0,0,0,0,0
1,0,0,0,0,0,0,0,0,0
1,0,0,0,0,0,0,0,0,0
1,0,0,0,0,0,0,0,0,0
1,0,0,0,0,0,0,0,0,0
1,0,0,0,0,0,0,0,0,0
1,0,0,0,0,0,0,0,0,0
1,0,0,0,0,0,0,0,0,0
1,0,0,0,0,0,0,0,0,0
1,0,0,0,0,0,0,0,0,0
1,0,0,0,0,0,0,0,0,0
1,0,0,0,0,0,0,0,0,0
1,0,0,0,0,0,0,0,0,0
1,0,0,0,0,0,0,0,0,0
1,0,0,0,0,0,0,0,0,0
1,0,0,0,0,0,0,0,0,0
1,0,0,0,0,0,0,0,0,0
1,0,0,0,0,0,0,0,0,0
1,0,0,0,0,0,0,0,0,0
1,0,0,0,0,0,0,0,0,0
1,0,0,0,0,0,0,0,0,0
1,0,0,0,0,0,0,0,0,0
1,0,0,0,0,0,0,0,0,0
1,0,0,0,0,0,0,0,0,0
1,0,0,0,0,0,0,0,0,0
1,0,0,0,0,0,0,0,0,0
1,0,0,0,0,0,0,0,0,0
1,0,0,0,0,0,0,0,0,0
1,0,0,0,0,0,0,0,0,0
1,0,0,0,0,0,0,0,0,0
1,0,0,0,0,0,0,0,0,0
1,0,0,0,0,0,0,0,0,0
1,0,0,0,0,0,0,0,0,0
1,0,0,0,0,0,0,0,0,0
1,0,0,0,0,0,0,0,0,0
1,0,0,0,0,0,0,0,0,0
1,0,0,0,0,0,0,0,0,0
1,0,0,0,0,0,0,0,0,0
1,0,0,0,0,0,0,0,0,0
1,0,0,0,0,0,0,0,0,0
1,0,0,0,0,0,0,0,0,0
1,0,0,0,0,0,0,0,0,0
1,0,0,0,0,0,0,0,0,0
1,0,0,0,0,0,0,0,0,0
1,0,0,0,0,0,0,0,0,0
1,0,0,0,0,0,0,0,0,0
1,0,0,0,0,0,0,0,0,0
1,0,0,0,0,0,0,0,0,0
1,0,0,0,0,0,0,0,0,0
1,0,0,0,0,0,0,0,0,0
1,0,0,0,0,0,0,0,0,0
1,0,0,0,0,0,0,0,0,0
1,0,0,0,0,0,0,0,0,0
1,0,0,0,0,0,0,0,0,0
1,0,0,0,0,0,0,0,0,0
1,0,0,0,0,0,0,0,0,0
1,0,0,0,0,0,0,0,0,0
1,0,0,0,0,0,0,0,0,0
1,0,0,0,0,0,0,0,0,0
1,0,0,0,0,0,0,0,0,0
1,0,0,0,0,0,0,0,0,0
1,0,0,0,0,0,0,0,0,0
1,0,0,0,0,0,0,0,0,0
1,0,0,0,0,0,0,0,0,0
1,0,0,0,0,0,0,0,0,0
1,0,0,0,0,0,0,0,0,0
1,0,0,0,0,0,0,0,0,0
1,0,0,0,0,0,0,0,0,0
1,0,0,0,0,0,0,0,0,0
1,0,0,0,0,0,0,0,0,0
1,0,0,0,0,0,0,0,0,0
1,0,0,0,0,0,0,0,0,0
1,0,0,0,0,0,0,0,0,0
1,0,0,0,0,0,0,0,0,0
1,0,0,0,0,0,0,0,0,0
1,0,0,0,0,0,0,0,0,0
1,0,0,0,0,0,0,0,0,0
1,0,0,0,0,0,0,0,0,0
1,0,0,0,0,0,0,0,0,0
1,0,0,0,0,0,0,0,0,0
1,0,0,0,0,0,0,0,0,0
1,0,0,0,0,0,0,0,0,0
1,0,0,0,0,0,0,0,0,0
1,0,0,0,0,0,0,0,0,0
1,0,0,0,0,0,0,0,0,0
1,0,0,0,0,0,0,0,0,0
1,0,0,0,0,0,0,0,0,0
1,0,0,0,0,0,0,0,0,0
1,0,0,0,0,0,0,0,0,0
1,0,0,0,0,0,0,0,0,0
1,0,0,0,0,0,0,0,0,0
1,0,0,0,0,0,0,0,0,0
1,0,0,0,0,0,0,0,0,0
1,0,0,0,0,0,0,0,0,0
1,0,0,0,0,0,0,0,0,0
1,0,0,0,0,0,0,0,0,0
1,0,0,0,0,0,0,0,0,0
1,0,0,0,0,0,0,0,0,0
1,0,0,0,0,0,0,0,0,0
1,0,0,0,0,0,0,0,0,0
1,0,0,0,0,0,0,0,0,0
1,0,0,0,0,0,0,0,0,0
1,0,0,0,0,0,0,0,0,0
1,0,0,0,0,0,0,0,0,0
1,0,0,0,0,0,0,0,0,0
1,0,0,0,0,0,0,0,0,0
1,0,0,0,0,0,0,0,0,0
1,0,0,0,0,0,0,0,0,0
1,0,0,0,0,0,0,0,0,0
1,0,0,0,0,0,0,0,0,0
1,0,0,0,0,0,0,0,0,0
1,0,0,0,0,0,0,0,0,0
1,0,0,0,0,0,0,0,0,0
1,0,0,0,0,0,0,0,0,0
1,0,0,0,0,0,0,0,0,0
1,0,0,0,0,0,0,0,0,0
1,0,0,0,0,0,0,0,0,0
1,0,0,0,0,0,0,0,0,0
1,0,0,0,0,0,0,0,0,0
1,0,0,0,0,0,0,0,0,0
1,0,0,0,0,0,0,0,0,0
1,0,0,0,0,0,0,0,0,0
1,0,0,0,0,0,0,0,0,0
1,0,0,0,0,0,0,0,0,0
1,0,0,0,0,0,0,0,0,0
1,0,0,0,0,0,0,0,0,0
1,0,0,0,0,0,0,0,0,0
1,0,0,0,0,0,0,0,0,0
1,0,0,0,0,0,0,0,0,0
1,0,0,0,0,0,0,0,0,0
1,0,0,0,0,0,0,0,0,0
1,0,0,0,0,0,0,0,0,0
1,0,0,0,0,0,0,0,0,0
1,0,0,0,0,0,0,0,0,0
1,0,0,0,0,0,0,0,0,0
1,0,0,0,0,0,0,0,0,0
1,0,0,0,0,0,0,0,0,0
1,0,0,0,0,0,0,0,0,0
1,0,0,0,0,0,0,0,0,0
1,0,0,0,0,0,0,0,0,0
1,0,0,0,0,0,0,0,0,0
1,0,0,0,0,0,0,0,0,0
1,0,0,0,0,0,0,0,0,0
1,0,0,0,0,0,0,0,0,0
1,0,0,0,0,0,0,0,0,0
1,0,0,0,0,0,0,0,0,0
1,0,0,0,0,0,0,0,0,0
1,0,0,0,0,0,0,0,0,0
1,0,0,0,0,0,0,0,0,0
1,0,0,0,0,0,0,0,0,0
1,0,0,0,0,0,0,0,0,0
1,0,0,0,0,0,0,0,0,0
1,0,0,0,0,0,0,0,0,0
1,0,0,0,0,0,0,0,0,0
1,0,0,0,0,0,0,0,0,0
1,0,0,0,0,0,0,0,0,0
1,0,0,0,0,0,0,0,0,0
1,0,0,0,0,0,0,0,0,0
1,0,0,0,0,0,0,0,0,0
1,0,0,0,0,0,0,0,0,0
1,0,0,0,0,0,0,0,0,0
1,0,0,0,0,0,0,0,0,0
1,0,0,0,0,0,0,0,0,0
1,0,0,0,0,0,0,0,0,0
1,0,0,0,0,0,0,0,0,0
1,0,0,0,0,0,0,0,0,0
1,0,0,0,0,0,0,0,0,0
1,0,0,0,0,0,0,0,0,0
1,0,0,0,0,0,0,0,0,0
1,0,0,0,0,0,0,0,0,0
1,0,0,0,0,0,0,0,0,0
1,0,0,0,0,0,0,0,0,0
1,0,0,0,0,0,0,0,0,0
1,0,0,0,0,0,0,0,0,0
1,0,0,0,0,0,0,0,0,0
1,0,0,0,0,0,0,0,0,0
1,0,0,0,0,0,0,0,0,0
1,0,0,0,0,0,0,0,0,0
1,0,0,0,0,0,0,0,0,0
1,0,0,0,0,0,0,0,0,0
1,0,0,0,0,0,0,0,0,0
1,0,0,0,0,0,0,0,0,0
1,0,0,0,0,0,0,0,0,0
1,0,0,0,0,0,0,0,0,0
1,0,0,0,0,0,0,0,0,0
1,0,0,0,0,0,0,0,0,0
1,0,0,0,0,0,0,0,0,0
1,0,0,0,0,0,0,0,0,0
1,0,0,0,0,0,0,0,0,0
1,0,0,0,0,0,0,0,0,0
1,0,0,0,0,0,0,0,0,0
1,0,0,0,0,0,0,0,0,0
1,0,0,0,0,0,0,0,0,0
1,0,0,0,0,0,0,0,0,0
1,0,0,0,0,0,0,0,0,0
1,0,0,0,0,0,0,0,0,0
1,0,0,0,0,0,0,0,0,0
1,0,0,0,0,0,0,0,0,0
1,0,0,0,0,0,0,0,0,0
1,0,0,0,0,0,0,0,0,0
1,0,0,0,0,0,0,0,0,0
1,0,0,0,0,0,0,0,0,0
1,0,0,0,0,0,0,0,0,0
1,0,0,0,0,0,0,0,0,0
1,0,0,0,0,0,0,0,0,0
1,0,0,0,0,0,0,0,0,0
1,0,0,0,0,0,0,0,0,0
1,0,0,0,0,0,0,0,0,0
1,0,0,0,0,0,0,0,0,0
1,0,0,0,0,0,0,0,0,0
1,0,0,0,0,0,0,0,0,0
1,0,0,0,0,0,0,0,0,0
1,0,0,0,0,0,0,0,0,0
1,0,0,0,0,0,0,0,0,0
1,0,0,0,0,0,0,0,0,0
1,0,0,0,0,0,0,0,0,0
1,0,0,0,0,0,0,0,0,0
1,0,0,0,0,0,0,0,0,0
1,0,0,0,0,0,0,0,0,0
1,0,0,0,0,0,0,0,0,0
1,0,0,0,0,0,0,0,0,0
1,0,0,0,0,0,0,0,0,0
1,0,0,0,0,0,0,0,0,0
1,0,0,0,0,0,0,0,0,0
1,0,0,0,0,0,0,0,0,0
1,0,0,0,0,0,0,0,0,0
1,0,0,0,0,0,0,0,0,0
1,0,0,0,0,0,0,0,0,0
1,0,0,0,0,0,0,0,0,0
1,0,0,0,0,0,0,0,0,0
1,0,0,0,0,0,0,0,0,0
1,0,0,0,0,0,0,0,0,0
1,0,0,0,0,0,0,0,0,0
1,0,0,0,0,0,0,0,0,0
1,0,0,0,0,0,0,0,0,0
1,0,0,0,0,0,0,0,0,0
1,0,0,0,0,0,0,0,0,0
1,0,0,0,0,0,0,0,0,0
1,0,0,0,0,0,0,0,0,0
1,0,0,0,0,0,0,0,0,0
1,0,0,0,0,0,0,0,0,0
1,0,0,0,0,0,0,0,0,0
1,0,0,0,0,0,0,0,0,0
1,0,0,0,0,0,0,0,0,0
1,0,0,0,0,0,0,0,0,0
1,0,0,0,0,0,0,0,0,0
1,0,0,0,0,0,0,0,0,0
1,0,0,0,0,0,0,0,0,0
1,0,0,0,0,0,0,0,0,0
1,0,0,0,0,0,0,0,0,0
1,0,0,0,0,0,0,0,0,0
1,0,0,0,0,0,0,0,0,0
1,0,0,0,0,0,0,0,0,0
1,0,0,0,0,0,0,0,0,0
1,0,0,0,0,0,0,0,0,0
1,0,0,0,0,0,0,0,0,0
1,0,0,0,0,0,0,0,0,0
1,0,0,0,0,0,0,0,0,0
1,0,0,0,0,0,0,0,0,0
1,0,0,0,0,0,0,0,0,0
1,0,0,0,0,0,0,0,0,0
1,0,0,0,0,0,0,0,0,0
1,0,0,0,0,0,0,0,0,0
1,0,0,0,0,0,0,0,0,0
1,0,0,0,0,0,0,0,0,0
1,0,0,0,0,0,0,0,0,0
1,0,0,0,0,0,0,0,0,0
1,0,0,0,0,0,0,0,0,0
1,0,0,0,0,0,0,0,0,0
1,0,0,0,0,0,0,0,0,0
1,0,0,0,0,0,0,0,0,0
1,0,0,0,0,0,0,0,0,0
1,0,0,0,0,0,0,0,0,0
1,0,0,0,0,0,0,0,0,0
1,0,0,0,0,0,0,0,0,0
1,0,0,0,0,0,0,0,0,0
1,0,0,0,0,0,0,0,0,0
1,0,0,0,0,0,0,0,0,0
1,0,0,0,0,0,0,0,0,0
1,0,0,0,0,0,0,0,0,0
1,0,0,0,0,0,0,0,0,0
1,0,0,0,0,0,0,0,0,0
1,0,0,0,0,0,0,0,0,0
1,0,0,0,0,0,0,0,0,0
1,0,0,0,0,0,0,0,0,0
1,0,0,0,0,0,0,0,0,0
1,0,0,0,0,0,0,0,0,0
1,0,0,0,0,0,0,0,0,0
1,0,0,0,0,0,0,0,0,0
1,0,0,0,0,0,0,0,0,0
1,0,0,0,0,0,0,0,0,0
1,0,0,0,0,0,0,0,0,0
1,0,0,0,0,0,0,0,0,0
1,0,0,0,0,0,0,0,0,0
1,0,0,0,0,0,0,0,0,0
1,0,0,0,0,0,0,0,0,0
1,0,0,0,0,0,0,0,0,0
1,0,0,0,0,0,0,0,0,0
1,0,0,0,0,0,0,0,0,0
1,0,0,0,0,0,0,0,0,0
1,0,0,0,0,0,0,0,0,0
1,0,0,0,0,0,0,0,0,0
1,0,0,0,0,0,0,0,0,0
1,0,0,0,0,0,0,0,0,0
1,0,0,0,0,0,0,0,0,0
1,0,0,0,0,0,0,0,0,0
1,0,0,0,0,0,0,0,0,0
1,0,0,0,0,0,0,0,0,0
1,0,0,0,0,0,0,0,0,0
1,0,0,0,0,0,0,0,0,0
1,0,0,0,0,0,0,0,0,0
1,0,0,0,0,0,0,0,0,0
1,0,0,0,0,0,0,0,0,0
1,0,0,0,0,0,0,0,0,0
1,0,0,0,0,0,0,0,0,0
1,0,0,0,0,0,0,0,0,0
1,0,0,0,0,0,0,0,0,0
1,0,0,0,0,0,0,0,0,0
1,0,0,0,0,0,0,0,0,0
1,0,0,0,0,0,0,0,0,0
1,0,0,0,0,0,0,0,0,0
1,0,0,0,0,0,0,0,0,0
1,0,0,0,0,0,0,0,0,0
1,0,0,0,0,0,0,0,0,0
1,0,0,0,0,0,0,0,0,0
1,0,0,0,0,0,0,0,0,0
1,0,0,0,0,0,0,0,0,0
1,0,0,0,0,0,0,0,0,0
1,0,0,0,0,0,0,0,0,0
1,0,0,0,0,0,0,0,0,0
1,0,0,0,0,0,0,0,0,0
1,0,0,0,0,0,0,0,0,0
1,0,0,0,0,0,0,0,0,0
1,0,0,0,0,0,0,0,0,0
1,0,0,0,0,0,0,0,0,0
1,0,0,0,0,0,0,0,0,0
1,0,0,0,0,0,0,0,0,0
1,0,0,0,0,0,0,0,0,0
1,0,0,0,0,0,0,0,0,0
1,0,0,0,0,0,0,0,0,0
1,0,0,0,0,0,0,0,0,0
1,0,0,0,0,0,0,0,0,0
1,0,0,0,0,0,0,0,0,0
1,0,0,0,0,0,0,0,0,0
1,0,0,0,0,0,0,0,0,0
1,0,0,0,0,0,0,0,0,0
1,0,0,0,0,0,0,0,0,0
1,0,0,0,0,0,0,0,0,0
1,0,0,0,0,0,0,0,0,0
1,0,0,0,0,0,0,0,0,0
1,0,0,0,0,0,0,0,0,0
1,0,0,0,0,0,0,0,0,0
1,0,0,0,0,0,0,0,0,0
1,0,0,0,0,0,0,0,0,0
1,0,0,0,0,0,0,0,0,0
1,0,0,0,0,0,0,0,0,0
1,0,0,0,0,0,0,0,0,0
1,0,0,0,0,0,0,0,0,0
1,0,0,0,0,0,0,0,0,0
1,0,0,0,0,0,0,0,0,0
1,0,0,0,0,0,0,0,0,0
1,0,0,0,0,0,0,0,0,0
1,0,0,0,0,0,0,0,0,0
1,0,0,0,0,0,0,0,0,0
1,0,0,0,0,0,0,0,0,0
1,0,0,0,0,0,0,0,0,0
1,0,0,0,0,0,0,0,0,0
1,0,0,0,0,0,0,0,0,0
1,0,0,0,0,0,0,0,0,0
1,0,0,0,0,0,0,0,0,0
1,0,0,0,0,0,0,0,0,0
1,0,0,0,0,0,0,0,0,0
1,0,0,0,0,0,0,0,0,0
1,0,0,0,0,0,0,0,0,0
1,0,0,0,0,0,0,0,0,0
1,0,0,0,0,0,0,0,0,0
1,0,0,0,0,0,0,0,0,0
1,0,0,0,0,0,0,0,0,0
1,0,0,0,0,0,0,0,0,0
1,0,0,0,0,0,0,0,0,0
1,0,0,0,0,0,0,0,0,0
1,0,0,0,0,0,0,0,0,0
1,0,0,0,0,0,0,0,0,0
1,0,0,0,0,0,0,0,0,0
1,0,0,0,0,0,0,0,0,0
1,0,0,0,0,0,0,0,0,0
1,0,0,0,0,0,0,0,0,0
1,0,0,0,0,0,0,0,0,0
1,0,0,0,0,0,0,0,0,0
1,0,0,0,0,0,0,0,0,0
1,0,0,0,0,0,0,0,0,0
1,0,0,0,0,0,0,0,0,0
1,0,0,0,0,0,0,0,0,0
1,0,0,0,0,0,0,0,0,0
1,0,0,0,0,0,0,0,0,0
1,0,0,0,0,0,0,0,0,0
1,0,0,0,0,0,0,0,0,0
1,0,0,0,0,0,0,0,0,0
1,0,0,0,0,0,0,0,0,0
1,0,0,0,0,0,0,0,0,0
1,0,0,0,0,0,0,0,0,0
1,0,0,0,0,0,0,0,0,0
1,0,0,0,0,0,0,0,0,0
1,0,0,0,0,0,0,0,0,0
1,0,0,0,0,0,0,0,0,0
1,0,0,0,0,0,0,0,0,0
1,0,0,0,0,0,0,0,0,0
1,0,0,0,0,0,0,0,0,0
1,0,0,0,0,0,0,0,0,0
1,0,0,0,0,0,0,0,0,0
1,0,0,0,0,0,0,0,0,0
1,0,0,0,0,0,0,0,0,0
1,0,0,0,0,0,0,0,0,0
1,0,0,0,0,0,0,0,0,0
1,0,0,0,0,0,0,0,0,0
1,0,0,0,0,0,0,0,0,0
1,0,0,0,0,0,0,0,0,0
1,0,0,0,0,0,0,0,0,0
1,0,0,0,0,0,0,0,0,0
1,0,0,0,0,0,0,0,0,0
1,0,0,0,0,0,0,0,0,0
1,0,0,0,0,0,0,0,0,0
1,0,0,0,0,0,0,0,0,0
1,0,0,0,0,0,0,0,0,0
1,0,0,0,0,0,0,0,0,0
1,0,0,0,0,0,0,0,0,0
1,0,0,0,0,0,0,0,0,0
1,0,0,0,0,0,0,0,0,0
1,0,0,0,0,0,0,0,0,0
1,0,0,0,0,0,0,0,0,0
1,0,0,0,0,0,0,0,0,0
1,0,0,0,0,0,0,0,0,0
1,0,0,0,0,0,0,0,0,0
1,0,0,0,0,0,0,0,0,0
1,0,0,0,0,0,0,0,0,0
1,0,0,0,0,0,0,0,0,0
1,0,0,0,0,0,0,0,0,0
1,0,0,0,0,0,0,0,0,0
1,0,0,0,0,0,0,0,0,0
1,0,0,0,0,0,0,0,0,0
1,0,0,0,0,0,0,0,0,0
1,0,0,0,0,0,0,0,0,0
1,0,0,0,0,0,0,0,0,0
1,0,0,0,0,0,0,0,0,0
1,0,0,0,0,0,0,0,0,0
1,0,0,0,0,0,0,0,0,0
1,0,0,0,0,0,0,0,0,0
1,0,0,0,0,0,0,0,0,0
1,0,0,0,0,0,0,0,0,0
1,0,0,0,0,0,0,0,0,0
1,0,0,0,0,0,0,0,0,0
1,0,0,0,0,0,0,0,0,0
1,0,0,0,0,0,0,0,0,0
1,0,0,0,0,0,0,0,0,0
1,0,0,0,0,0,0,0,0,0
1,0,0,0,0,0,0,0,0,0
1,0,0,0,0,0,0,0,0,0
1,0,0,0,0,0,0,0,0,0
1,0,0,0,0,0,0,0,0,0
1,0,0,0,0,0,0,0,0,0
1,0,0,0,0,0,0,0,0,0
1,0,0,0,0,0,0,0,0,0
1,0,0,0,0,0,0,0,0,0
1,0,0,0,0,0,0,0,0,0
1,0,0,0,0,0,0,0,0,0
1,0,0,0,0,0,0,0,0,0
1,0,0,0,0,0,0,0,0,0
1,0,0,0,0,0,0,0,0,0
1,0,0,0,0,0,0,0,0,0
1,0,0,0,0,0,0,0,0,0
1,0,0,0,0,0,0,0,0,0
1,0,0,0,0,0,0,0,0,0
1,0,0,0,0,0,0,0,0,0
1,0,0,0,0,0,0,0,0,0
1,0,0,0,0,0,0,0,0,0
1,0,0,0,0,0,0,0,0,0
1,0,0,0,0,0,0,0,0,0
1,0,0,0,0,0,0,0,0,0
1,0,0,0,0,0,0,0,0,0
1,0,0,0,0,0,0,0,0,0
1,0,0,0,0,0,0,0,0,0
1,0,0,0,0,0,0,0,0,0
1,0,0,0,0,0,0,0,0,0
1,0,0,0,0,0,0,0,0,0
1,0,0,0,0,0,0,0,0,0
1,0,0,0,0,0,0,0,0,0
1,0,0,0,0,0,0,0,0,0
1,0,0,0,0,0,0,0,0,0
1,0,0,0,0,0,0,0,0,0
1,0,0,0,0,0,0,0,0,0
1,0,0,0,0,0,0,0,0,0
1,0,0,0,0,0,0,0,0,0
1,0,0,0,0,0,0,0,0,0
1,0,0,0,0,0,0,0,0,0
1,0,0,0,0,0,0,0,0,0
1,0,0,0,0,0,0,0,0,0
1,0,0,0,0,0,0,0,0,0
1,0,0,0,0,0,0,0,0,0
1,0,0,0,0,0,0,0,0,0
1,0,0,0,0,0,0,0,0,0
1,0,0,0,0,0,0,0,0,0
1,0,0,0,0,0,0,0,0,0
1,0,0,0,0,0,0,0,0,0
1,0,0,0,0,0,0,0,0,0
1,0,0,0,0,0,0,0,0,0
1,0,0,0,0,0,0,0,0,0
1,0,0,0,0,0,0,0,0,0
1,0,0,0,0,0,0,0,0,0
1,0,0,0,0,0,0,0,0,0
1,0,0,0,0,0,0,0,0,0
1,0,0,0,0,0,0,0,0,0
1,0,0,0,0,0,0,0,0,0
1,0,0,0,0,0,0,0,0,0
1,0,0,0,0,0,0,0,0,0
1,0,0,0,0,0,0,0,0,0
1,0,0,0,0,0,0,0,0,0
1,0,0,0,0,0,0,0,0,0
1,0,0,0,0,0,0,0,0,0
1,0,0,0,0,0,0,0,0,0
1,0,0,0,0,0,0,0,0,0
1,0,0,0,0,0,0,0,0,0
1,0,0,0,0,0,0,0,0,0
1,0,0,0,0,0,0,0,0,0
1,0,0,0,0,0,0,0,0,0
1,0,0,0,0,0,0,0,0,0
1,0,0,0,0,0,0,0,0,0
1,0,0,0,0,0,0,0,0,0
1,0,0,0,0,0,0,0,0,0
1,0,0,0,0,0,0,0,0,0
1,0,0,0,0,0,0,0,0,0
1,0,0,0,0,0,0,0,0,0
1,0,0,0,0,0,0,0,0,0
1,0,0,0,0,0,0,0,0,0
1,0,0,0,0,0,0,0,0,0
1,0,0,0,0,0,0,0,0,0
1,0,0,0,0,0,0,0,0,0
1,0,0,0,0,0,0,0,0,0
1,0,0,0,0,0,0,0,0,0
1,0,0,0,0,0,0,0,0,0
1,0,0,0,0,0,0,0,0,0
1,0,0,0,0,0,0,0,0,0
1,0,0,0,0,0,0,0,0,0
1,0,0,0,0,0,0,0,0,0
1,0,0,0,0,0,0,0,0,0
1,0,0,0,0,0,0,0,0,0
1,0,0,0,0,0,0,0,0,0
1,0,0,0,0,0,0,0,0,0
1,0,0,0,0,0,0,0,0,0
1,0,0,0,0,0,0,0,0,0
1,0,0,0,0,0,0,0,0,0
1,0,0,0,0,0,0,0,0,0
1,0,0,0,0,0,0,0,0,0
1,0,0,0,0,0,0,0,0,0
1,0,0,0,0,0,0,0,0,0
1,0,0,0,0,0,0,0,0,0
1,0,0,0,0,0,0,0,0,0
1,0,0,0,0,0,0,0,0,0
1,0,0,0,0,0,0,0,0,0
1,0,0,0,0,0,0,0,0,0
1,0,0,0,0,0,0,0,0,0
1,0,0,0,0,0,0,0,0,0
1,0,0,0,0,0,0,0,0,0
1,0,0,0,0,0,0,0,0,0
1,0,0,0,0,0,0,0,0,0
1,0,0,0,0,0,0,0,0,0
1,0,0,0,0,0,0,0,0,0
1,0,0,0,0,0,0,0,0,0
1,0,0,0,0,0,0,0,0,0
1,0,0,0,0,0,0,0,0,0
1,0,0,0,0,0,0,0,0,0
1,0,0,0,0,0,0,0,0,0
1,0,0,0,0,0,0,0,0,0
1,0,0,0,0,0,0,0,0,0
1,0,0,0,0,0,0,0,0,0
1,0,0,0,0,0,0,0,0,0
1,0,0,0,0,0,0,0,0,0
1,0,0,0,0,0,0,0,0,0
1,0,0,0,0,0,0,0,0,0
1,0,0,0,0,0,0,0,0,0
1,0,0,0,0,0,0,0,0,0
1,0,0,0,0,0,0,0,0,0
1,0,0,0,0,0,0,0,0,0
1,0,0,0,0,0,0,0,0,0
1,0,0,0,0,0,0,0,0,0
1,0,0,0,0,0,0,0,0,0
1,0,0,0,0,0,0,0,0,0
1,0,0,0,0,0,0,0,0,0
1,0,0,0,0,0,0,0,0,0
1,0,0,0,0,0,0,0,0,0
1,0,0,0,0,0,0,0,0,0
1,0,0,0,0,0,0,0,0,0
1,0,0,0,0,0,0,0,0,0
1,0,0,0,0,0,0,0,0,0
1,0,0,0,0,0,0,0,0,0
1,0,0,0,0,0,0,0,0,0
1,0,0,0,0,0,0,0,0,0
1,0,0,0,0,0,0,0,0,0
1,0,0,0,0,0,0,0,0,0
1,0,0,0,0,0,0,0,0,0
1,0,0,0,0,0,0,0,0,0
1,0,0,0,0,0,0,0,0,0
1,0,0,0,0,0,0,0,0,0
1,0,0,0,0,0,0,0,0,0
1,0,0,0,0,0,0,0,0,0
1,0,0,0,0,0,0,0,0,0
1,0,0,0,0,0,0,0,0,0
1,0,0,0,0,0,0,0,0,0
1,0,0,0,0,0,0,0,0,0
1,0,0,0,0,0,0,0,0,0
1,0,0,0,0,0,0,0,0,0
1,0,0,0,0,0,0,0,0,0
1,0,0,0,0,0,0,0,0,0
1,0,0,0,0,0,0,0,0,0
1,0,0,0,0,0,0,0,0,0
1,0,0,0,0,0,0,0,0,0
1,0,0,0,0,0,0,0,0,0
1,0,0,0,0,0,0,0,0,0
1,0,0,0,0,0,0,0,0,0
1,0,0,0,0,0,0,0,0,0
1,0,0,0,0,0,0,0,0,0
1,0,0,0,0,0,0,0,0,0
1,0,0,0,0,0,0,0,0,0
1,0,0,0,0,0,0,0,0,0
1,0,0,0,0,0,0,0,0,0
1,0,0,0,0,0,0,0,0,0
1,0,0,0,0,0,0,0,0,0
1,0,0,0,0,0,0,0,0,0
1,0,0,0,0,0,0,0,0,0
1,0,0,0,0,0,0,0,0,0
1,0,0,0,0,0,0,0,0,0
1,0,0,0,0,0,0,0,0,0
1,0,0,0,0,0,0,0,0,0
1,0,0,0,0,0,0,0,0,0
1,0,0,0,0,0,0,0,0,0
1,0,0,0,0,0,0,0,0,0
1,0,0,0,0,0,0,0,0,0
1,0,0,0,0,0,0,0,0,0
1,0,0,0,0,0,0,0,0,0
1,0,0,0,0,0,0,0,0,0
1,0,0,0,0,0,0,0,0,0
1,0,0,0,0,0,0,0,0,0
1,0,0,0,0,0,0,0,0,0
1,0,0,0,0,0,0,0,0,0
1,0,0,0,0,0,0,0,0,0
1,0,0,0,0,0,0,0,0,0
1,0,0,0,0,0,0,0,0,0
1,0,0,0,0,0,0,0,0,0
1,0,0,0,0,0,0,0,0,0
1,0,0,0,0,0,0,0,0,0
1,0,0,0,0,0,0,0,0,0
1,0,0,0,0,0,0,0,0,0
1,0,0,0,0,0,0,0,0,0
1,0,0,0,0,0,0,0,0,0
1,0,0,0,0,0,0,0,0,0
1,0,0,0,0,0,0,0,0,0
1,0,0,0,0,0,0,0,0,0
1,0,0,0,0,0,0,0,0,0
1,0,0,0,0,0,0,0,0,0
1,0,0,0,0,0,0,0,0,0
1,0,0,0,0,0,0,0,0,0
1,0,0,0,0,0,0,0,0,0
1,0,0,0,0,0,0,0,0,0
1,0,0,0,0,0,0,0,0,0
1,0,0,0,0,0,0,0,0,0
1,0,0,0,0,0,0,0,0,0
1,0,0,0,0,0,0,0,0,0
1,0,0,0,0,0,0,0,0,0
1,0,0,0,0,0,0,0,0,0
1,0,0,0,0,0,0,0,0,0
1,0,0,0,0,0,0,0,0,0
1,0,0,0,0,0,0,0,0,0
1,0,0,0,0,0,0,0,0,0
1,0,0,0,0,0,0,0,0,0
1,0,0,0,0,0,0,0,0,0
1,0,0,0,0,0,0,0,0,0
1,0,0,0,0,0,0,0,0,0
1,0,0,0,0,0,0,0,0,0
1,0,0,0,0,0,0,0,0,0
1,0,0,0,0,0,0,0,0,0
1,0,0,0,0,0,0,0,0,0
1,0,0,0,0,0,0,0,0,0
1,0,0,0,0,0,0,0,0,0
1,0,0,0,0,0,0,0,0,0
1,0,0,0,0,0,0,0,0,0
1,0,0,0,0,0,0,0,0,0
1,0,0,0,0,0,0,0,0,0
1,0,0,0,0,0,0,0,0,0
1,0,0,0,0,0,0,0,0,0
1,0,0,0,0,0,0,0,0,0
1,0,0,0,0,0,0,0,0,0
1,0,0,0,0,0,0,0,0,0
1,0,0,0,0,0,0,0,0,0
1,0,0,0,0,0,0,0,0,0
1,0,0,0,0,0,0,0,0,0
1,0,0,0,0,0,0,0,0,0
1,0,0,0,0,0,0,0,0,0
1,0,0,0,0,0,0,0,0,0
1,0,0,0,0,0,0,0,0,0
1,0,0,0,0,0,0,0,0,0
1,0,0,0,0,0,0,0,0,0
1,0,0,0,0,0,0,0,0,0
1,0,0,0,0,0,0,0,0,0
1,0,0,0,0,0,0,0,0,0
1,0,0,0,0,0,0,0,0,0
1,0,0,0,0,0,0,0,0,0
1,0,0,0,0,0,0,0,0,0
1,0,0,0,0,0,0,0,0,0
1,0,0,0,0,0,0,0,0,0
1,0,0,0,0,0,0,0,0,0
1,0,0,0,0,0,0,0,0,0
1,0,0,0,0,0,0,0,0,0
1,0,0,0,0,0,0,0,0,0
1,0,0,0,0,0,0,0,0,0
1,0,0,0,0,0,0,0,0,0
1,0,0,0,0,0,0,0,0,0
1,0,0,0,0,0,0,0,0,0
1,0,0,0,0,0,0,0,0,0
1,0,0,0,0,0,0,0,0,0
1,0,0,0,0,0,0,0,0,0
1,0,0,0,0,0,0,0,0,0
1,0,0,0,0,0,0,0,0,0
1,0,0,0,0,0,0,0,0,0
1,0,0,0,0,0,0,0,0,0
1,0,0,0,0,0,0,0,0,0
1,0,0,0,0,0,0,0,0,0
1,0,0,0,0,0,0,0,0,0
1,0,0,0,0,0,0,0,0,0
1,0,0,0,0,0,0,0,0,0
1,0,0,0,0,0,0,0,0,0
1,0,0,0,0,0,0,0,0,0
1,0,0,0,0,0,0,0,0,0
1,0,0,0,0,0,0,0,0,0
1,0,0,0,0,0,0,0,0,0
1,0,0,0,0,0,0,0,0,0
1,0,0,0,0,0,0,0,0,0
1,0,0,0,0,0,0,0,0,0
1,0,0,0,0,0,0,0,0,0
1,0,0,0,0,0,0,0,0,0
1,0,0,0,0,0,0,0,0,0
1,0,0,0,0,0,0,0,0,0
1,0,0,0,0,0,0,0,0,0
1,0,0,0,0,0,0,0,0,0
1,0,0,0,0,0,0,0,0,0
1,0,0,0,0,0,0,0,0,0
1,0,0,0,0,0,0,0,0,0
1,0,0,0,0,0,0,0,0,0
1,0,0,0,0,0,0,0,0,0
1,0,0,0,0,0,0,0,0,0
1,0,0,0,0,0,0,0,0,0
1,0,0,0,0,0,0,0,0,0
1,0,0,0,0,0,0,0,0,0
1,0,0,0,0,0,0,0,0,0
1,0,0,0,0,0,0,0,0,0
1,0,0,0,0,0,0,0,0,0
1,0,0,0,0,0,0,0,0,0
1,0,0,0,0,0,0,0,0,0
1,0,0,0,0,0,0,0,0,0
1,0,0,0,0,0,0,0,0,0
1,0,0,0,0,0,0,0,0,0
1,0,0,0,0,0,0,0,0,0
1,0,0,0,0,0,0,0,0,0
1,0,0,0,0,0,0,0,0,0
1,0,0,0,0,0,0,0,0,0
1,0,0,0,0,0,0,0,0,0
1,0,0,0,0,0,0,0,0,0
1,0,0,0,0,0,0,0,0,0
1,0,0,0,0,0,0,0,0,0
1,0,0,0,0,0,0,0,0,0
1,0,0,0,0,0,0,0,0,0
1,0,0,0,0,0,0,0,0,0
1,0,0,0,0,0,0,0,0,0
1,0,0,0,0,0,0,0,0,0
1,0,0,0,0,0,0,0,0,0
1,0,0,0,0,0,0,0,0,0
1,0,0,0,0,0,0,0,0,0
1,0,0,0,0,0,0,0,0,0
1,0,0,0,0,0,0,0,0,0
1,0,0,0,0,0,0,0,0,0
1,0,0,0,0,0,0,0,0,0
1,0,0,0,0,0,0,0,0,0
1,0,0,0,0,0,0,0,0,0
1,0,0,0,0,0,0,0,0,0
1,0,0,0,0,0,0,0,0,0
1,0,0,0,0,0,0,0,0,0
1,0,0,0,0,0,0,0,0,0
1,0,0,0,0,0,0,0,0,0
1,0,0,0,0,0,0,0,0,0
1,0,0,0,0,0,0,0,0,0
1,0,0,0,0,0,0,0,0,0
1,0,0,0,0,0,0,0,0,0
1,0,0,0,0,0,0,0,0,0
1,0,0,0,0,0,0,0,0,0
1,0,0,0,0,0,0,0,0,0
1,0,0,0,0,0,0,0,0,0
1,0,0,0,0,0,0,0,0,0
1,0,0,0,0,0,0,0,0,0
1,0,0,0,0,0,0,0,0,0
1,0,0,0,0,0,0,0,0,0
1,0,0,0,0,0,0,0,0,0
1,0,0,0,0,0,0,0,0,0
1,0,0,0,0,0,0,0,0,0
1,0,0,0,0,0,0,0,0,0
1,0,0,0,0,0,0,0,0,0
1,0,0,0,0,0,0,0,0,0
1,0,0,0,0,0,0,0,0,0
1,0,0,0,0,0,0,0,0,0
1,0,0,0,0,0,0,0,0,0
1,0,0,0,0,0,0,0,0,0
1,0,0,0,0,0,0,0,0,0
1,0,0,0,0,0,0,0,0,0
1,0,0,0,0,0,0,0,0,0
1,0,0,0,0,0,0,0,0,0
1,0,0,0,0,0,0,0,0,0
1,0,0,0,0,0,0,0,0,0
1,0,0,0,0,0,0,0,0,0
1,0,0,0,0,0,0,0,0,0
1,0,0,0,0,0,0,0,0,0
1,0,0,0,0,0,0,0,0,0
1,0,0,0,0,0,0,0,0,0
1,0,0,0,0,0,0,0,0,0
1,0,0,0,0,0,0,0,0,0
1,0,0,0,0,0,0,0,0,0
1,0,0,0,0,0,0,0,0,0
1,0,0,0,0,0,0,0,0,0
1,0,0,0,0,0,0,0,0,0
1,0,0,0,0,0,0,0,0,0
1,0,0,0,0,0,0,0,0,0
1,0,0,0,0,0,0,0,0,0
1,0,0,0,0,0,0,0,0,0
1,0,0,0,0,0,0,0,0,0
1,0,0,0,0,0,0,0,0,0
1,0,0,0,0,0,0,0,0,0
1,0,0,0,0,0,0,0,0,0
1,0,0,0,0,0,0,0,0,0
1,0,0,0,0,0,0,0,0,0
1,0,0,0,0,0,0,0,0,0
1,0,0,0,0,0,0,0,0,0
1,0,0,0,0,0,0,0,0,0
1,0,0,0,0,0,0,0,0,0
1,0,0,0,0,0,0,0,0,0
1,0,0,0,0,0,0,0,0,0
1,0,0,0,0,0,0,0,0,0
1,0,0,0,0,0,0,0,0,0
1,0,0,0,0,0,0,0,0,0
1,0,0,0,0,0,0,0,0,0
1,0,0,0,0,0,0,0,0,0
1,0,0,0,0,0,0,0,0,0
1,0,0,0,0,0,0,0,0,0
1,0,0,0,0,0,0,0,0,0
1,0,0,0,0,0,0,0,0,0
1,0,0,0,0,0,0,0,0,0
1,0,0,0,0,0,0,0,0,0
1,0,0,0,0,0,0,0,0,0
1,0,0,0,0,0,0,0,0,0
1,0,0,0,0,0,0,0,0,0
1,0,0,0,0,0,0,0,0,0
1,0,0,0,0,0,0,0,0,0
1,0,0,0,0,0,0,0,0,0
1,0,0,0,0,0,0,0,0,0
1,0,0,0,0,0,0,0,0,0
1,0,0,0,0,0,0,0,0,0
1,0,0,0,0,0,0,0,0,0
1,0,0,0,0,0,0,0,0,0
1,0,0,0,0,0,0,0,0,0
1,0,0,0,0,0,0,0,0,0
1,0,0,0,0,0,0,0,0,0
1,0,0,0,0,0,0,0,0,0
1,0,0,0,0,0,0,0,0,0
1,0,0,0,0,0,0,0,0,0
1,0,0,0,0,0,0,0,0,0
1,0,0,0,0,0,0,0,0,0
1,0,0,0,0,0,0,0,0,0
1,0,0,0,0,0,0,0,0,0
1,0,0,0,0,0,0,0,0,0
1,0,0,0,0,0,0,0,0,0
1,0,0,0,0,0,0,0,0,0
1,0,0,0,0,0,0,0,0,0
1,0,0,0,0,0,0,0,0,0
1,0,0,0,0,0,0,0,0,0
1,0,0,0,0,0,0,0,0,0
1,0,0,0,0,0,0,0,0,0
1,0,0,0,0,0,0,0,0,0
1,0,0,0,0,0,0,0,0,0
1,0,0,0,0,0,0,0,0,0
1,0,0,0,0,0,0,0,0,0
1,0,0,0,0,0,0,0,0,0
1,0,0,0,0,0,0,0,0,0
1,0,0,0,0,0,0,0,0,0
1,0,0,0,0,0,0,0,0,0
1,0,0,0,0,0,0,0,0,0
1,0,0,0,0,0,0,0,0,0
1,0,0,0,0,0,0,0,0,0
1,0,0,0,0,0,0,0,0,0
1,0,0,0,0,0,0,0,0,0
1,0,0,0,0,0,0,0,0,0
1,0,0,0,0,0,0,0,0,0
1,0,0,0,0,0,0,0,0,0
1,0,0,0,0,0,0,0,0,0
1,0,0,0,0,0,0,0,0,0
1,0,0,0,0,0,0,0,0,0
1,0,0,0,0,0,0,0,0,0
1,0,0,0,0,0,0,0,0,0
1,0,0,0,0,0,0,0,0,0
1,0,0,0,0,0,0,0,0,0
1,0,0,0,0,0,0,0,0,0
1,0,0,0,0,0,0,0,0,0
1,0,0,0,0,0,0,0,0,0
1,0,0,0,0,0,0,0,0,0
1,0,0,0,0,0,0,0,0,0
1,0,0,0,0,0,0,0,0,0
1,0,0,0,0,0,0,0,0,0
1,0,0,0,0,0,0,0,0,0
1,0,0,0,0,0,0,0,0,0
1,0,0,0,0,0,0,0,0,0
1,0,0,0,0,0,0,0,0,0
1,0,0,0,0,0,0,0,0,0
1,0,0,0,0,0,0,0,0,0
1,0,0,0,0,0,0,0,0,0
1,0,0,0,0,0,0,0,0,0
1,0,0,0,0,0,0,0,0,0
1,0,0,0,0,0,0,0,0,0
1,0,0,0,0,0,0,0,0,0
1,0,0,0,0,0,0,0,0,0
1,0,0,0,0,0,0,0,0,0
1,0,0,0,0,0,0,0,0,0
1,0,0,0,0,0,0,0,0,0
1,0,0,0,0,0,0,0,0,0
1,0,0,0,0,0,0,0,0,0
1,0,0,0,0,0,0,0,0,0
1,0,0,0,0,0,0,0,0,0
1,0,0,0,0,0,0,0,0,0
1,0,0,0,0,0,0,0,0,0
1,0,0,0,0,0,0,0,0,0
1,0,0,0,0,0,0,0,0,0
1,0,0,0,0,0,0,0,0,0
1,0,0,0,0,0,0,0,0,0
1,0,0,0,0,0,0,0,0,0
1,0,0,0,0,0,0,0,0,0
1,0,0,0,0,0,0,0,0,0
1,0,0,0,0,0,0,0,0,0
1,0,0,0,0,0,0,0,0,0
1,0,0,0,0,0,0,0,0,0
1,0,0,0,0,0,0,0,0,0
1,0,0,0,0,0,0,0,0,0
1,0,0,0,0,0,0,0,0,0
1,0,0,0,0,0,0,0,0,0
1,0,0,0,0,0,0,0,0,0
1,0,0,0,0,0,0,0,0,0
1,0,0,0,0,0,0,0,0,0
1,0,0,0,0,0,0,0,0,0
1,0,0,0,0,0,0,0,0,0
1,0,0,0,0,0,0,0,0,0
1,0,0,0,0,0,0,0,0,0
1,0,0,0,0,0,0,0,0,0
1,0,0,0,0,0,0,0,0,0
1,0,0,0,0,0,0,0,0,0
1,0,0,0,0,0,0,0,0,0
1,0,0,0,0,0,0,0,0,0
1,0,0,0,0,0,0,0,0,0
1,0,0,0,0,0,0,0,0,0
1,0,0,0,0,0,0,0,0,0
1,0,0,0,0,0,0,0,0,0
1,0,0,0,0,0,0,0,0,0
1,0,0,0,0,0,0,0,0,0
1,0,0,0,0,0,0,0,0,0
1,0,0,0,0,0,0,0,0,0
1,0,0,0,0,0,0,0,0,0
1,0,0,0,0,0,0,0,0,0
1,0,0,0,0,0,0,0,0,0
1,0,0,0,0,0,0,0,0,0
1,0,0,0,0,0,0,0,0,0
1,0,0,0,0,0,0,0,0,0
1,0,0,0,0,0,0,0,0,0
1,0,0,0,0,0,0,0,0,0
1,0,0,0,0,0,0,0,0,0
1,0,0,0,0,0,0,0,0,0
1,0,0,0,0,0,0,0,0,0
1,0,0,0,0,0,0,0,0,0
1,0,0,0,0,0,0,0,0,0
1,0,0,0,0,0,0,0,0,0
1,0,0,0,0,0,0,0,0,0
1,0,0,0,0,0,0,0,0,0
1,0,0,0,0,0,0,0,0,0
1,0,0,0,0,0,0,0,0,0
1,0,0,0,0,0,0,0,0,0
1,0,0,0,0,0,0,0,0,0
1,0,0,0,0,0,0,0,0,0
1,0,0,0,0,0,0,0,0,0
1,0,0,0,0,0,0,0,0,0
1,0,0,0,0,0,0,0,0,0
1,0,0,0,0,0,0,0,0,0
1,0,0,0,0,0,0,0,0,0
1,0,0,0,0,0,0,0,0,0
1,0,0,0,0,0,0,0,0,0
1,0,0,0,0,0,0,0,0,0
1,0,0,0,0,0,0,0,0,0
1,0,0,0,0,0,0,0,0,0
1,0,0,0,0,0,0,0,0,0
1,0,0,0,0,0,0,0,0,0
1,0,0,0,0,0,0,0,0,0
1,0,0,0,0,0,0,0,0,0
1,0,0,0,0,0,0,0,0,0
1,0,0,0,0,0,0,0,0,0
1,0,0,0,0,0,0,0,0,0
1,0,0,0,0,0,0,0,0,0
1,0,0,0,0,0,0,0,0,0
1,0,0,0,0,0,0,0,0,0
1,0,0,0,0,0,0,0,0,0
1,0,0,0,0,0,0,0,0,0
1,0,0,0,0,0,0,0,0,0
1,0,0,0,0,0,0,0,0,0
1,0,0,0,0,0,0,0,0,0
1,0,0,0,0,0,0,0,0,0
1,0,0,0,0,0,0,0,0,0
1,0,0,0,0,0,0,0,0,0
1,0,0,0,0,0,0,0,0,0
1,0,0,0,0,0,0,0,0,0
1,0,0,0,0,0,0,0,0,0
1,0,0,0,0,0,0,0,0,0
1,0,0,0,0,0,0,0,0,0
1,0,0,0,0,0,0,0,0,0
1,0,0,0,0,0,0,0,0,0
1,0,0,0,0,0,0,0,0,0
1,0,0,0,0,0,0,0,0,0
1,0,0,0,0,0,0,0,0,0
1,0,0,0,0,0,0,0,0,0
1,0,0,0,0,0,0,0,0,0
1,0,0,0,0,0,0,0,0,0
1,0,0,0,0,0,0,0,0,0
1,0,0,0,0,0,0,0,0,0
1,0,0,0,0,0,0,0,0,0
1,0,0,0,0,0,0,0,0,0
1,0,0,0,0,0,0,0,0,0
1,0,0,0,0,0,0,0,0,0
1,0,0,0,0,0,0,0,0,0
1,0,0,0,0,0,0,0,0,0
1,0,0,0,0,0,0,0,0,0
1,0,0,0,0,0,0,0,0,0
1,0,0,0,0,0,0,0,0,0
1,0,0,0,0,0,0,0,0,0
1,0,0,0,0,0,0,0,0,0
1,0,0,0,0,0,0,0,0,0
1,0,0,0,0,0,0,0,0,0
1,0,0,0,0,0,0,0,0,0
1,0,0,0,0,0,0,0,0,0
1,0,0,0,0,0,0,0,0,0
1,0,0,0,0,0,0,0,0,0
1,0,0,0,0,0,0,0,0,0
1,0,0,0,0,0,0,0,0,0
1,0,0,0,0,0,0,0,0,0
1,0,0,0,0,0,0,0,0,0
1,0,0,0,0,0,0,0,0,0
1,0,0,0,0,0,0,0,0,0
1,0,0,0,0,0,0,0,0,0
1,0,0,0,0,0,0,0,0,0
1,0,0,0,0,0,0,0,0,0
1,0,0,0,0,0,0,0,0,0
1,0,0,0,0,0,0,0,0,0
1,0,0,0,0,0,0,0,0,0
1,0,0,0,0,0,0,0,0,0
1,0,0,0,0,0,0,0,0,0
1,0,0,0,0,0,0,0,0,0
1,0,0,0,0,0,0,0,0,0
1,0,0,0,0,0,0,0,0,0
1,0,0,0,0,0,0,0,0,0
1,0,0,0,0,0,0,0,0,0
1,0,0,0,0,0,0,0,0,0
1,0,0,0,0,0,0,0,0,0
1,0,0,0,0,0,0,0,0,0
1,0,0,0,0,0,0,0,0,0
1,0,0,0,0,0,0,0,0,0
1,0,0,0,0,0,0,0,0,0
1,0,0,0,0,0,0,0,0,0
1,0,0,0,0,0,0,0,0,0
1,0,0,0,0,0,0,0,0,0
1,0,0,0,0,0,0,0,0,0
1,0,0,0,0,0,0,0,0,0
1,0,0,0,0,0,0,0,0,0
1,0,0,0,0,0,0,0,0,0
1,0,0,0,0,0,0,0,0,0
1,0,0,0,0,0,0,0,0,0
1,0,0,0,0,0,0,0,0,0
1,0,0,0,0,0,0,0,0,0
1,0,0,0,0,0,0,0,0,0
1,0,0,0,0,0,0,0,0,0
1,0,0,0,0,0,0,0,0,0
1,0,0,0,0,0,0,0,0,0
1,0,0,0,0,0,0,0,0,0
1,0,0,0,0,0,0,0,0,0
1,0,0,0,0,0,0,0,0,0
1,0,0,0,0,0,0,0,0,0
1,0,0,0,0,0,0,0,0,0
1,0,0,0,0,0,0,0,0,0
1,0,0,0,0,0,0,0,0,0
1,0,0,0,0,0,0,0,0,0
1,0,0,0,0,0,0,0,0,0
1,0,0,0,0,0,0,0,0,0
1,0,0,0,0,0,0,0,0,0
1,0,0,0,0,0,0,0,0,0
1,0,0,0,0,0,0,0,0,0
1,0,0,0,0,0,0,0,0,0
1,0,0,0,0,0,0,0,0,0
1,0,0,0,0,0,0,0,0,0
1,0,0,0,0,0,0,0,0,0
1,0,0,0,0,0,0,0,0,0
1,0,0,0,0,0,0,0,0,0
1,0,0,0,0,0,0,0,0,0
1,0,0,0,0,0,0,0,0,0
1,0,0,0,0,0,0,0,0,0
1,0,0,0,0,0,0,0,0,0
1,0,0,0,0,0,0,0,0,0
1,0,0,0,0,0,0,0,0,0
1,0,0,0,0,0,0,0,0,0
1,0,0,0,0,0,0,0,0,0
1,0,0,0,0,0,0,0,0,0
1,0,0,0,0,0,0,0,0,0
1,0,0,0,0,0,0,0,0,0
1,0,0,0,0,0,0,0,0,0
1,0,0,0,0,0,0,0,0,0
1,0,0,0,0,0,0,0,0,0
1,0,0,0,0,0,0,0,0,0
1,0,0,0,0,0,0,0,0,0
1,0,0,0,0,0,0,0,0,0
1,0,0,0,0,0,0,0,0,0
1,0,0,0,0,0,0,0,0,0
1,0,0,0,0,0,0,0,0,0
1,0,0,0,0,0,0,0,0,0
1,0,0,0,0,0,0,0,0,0
1,0,0,0,0,0,0,0,0,0
1,0,0,0,0,0,0,0,0,0
1,0,0,0,0,0,0,0,0,0
1,0,0,0,0,0,0,0,0,0
1,0,0,0,0,0,0,0,0,0
1,0,0,0,0,0,0,0,0,0
1,0,0,0,0,0,0,0,0,0
1,0,0,0,0,0,0,0,0,0
1,0,0,0,0,0,0,0,0,0
1,0,0,0,0,0,0,0,0,0
1,0,0,0,0,0,0,0,0,0
1,0,0,0,0,0,0,0,0,0
1,0,0,0,0,0,0,0,0,0
1,0,0,0,0,0,0,0,0,0
1,0,0,0,0,0,0,0,0,0
1,0,0,0,0,0,0,0,0,0
1,0,0,0,0,0,0,0,0,0
1,0,0,0,0,0,0,0,0,0
1,0,0,0,0,0,0,0,0,0
1,0,0,0,0,0,0,0,0,0
1,0,0,0,0,0,0,0,0,0
1,0,0,0,0,0,0,0,0,0
1,0,0,0,0,0,0,0,0,0
1,0,0,0,0,0,0,0,0,0
1,0,0,0,0,0,0,0,0,0
1,0,0,0,0,0,0,0,0,0
1,0,0,0,0,0,0,0,0,0
1,0,0,0,0,0,0,0,0,0
1,0,0,0,0,0,0,0,0,0
1,0,0,0,0,0,0,0,0,0
1,0,0,0,0,0,0,0,0,0
1,0,0,0,0,0,0,0,0,0
1,0,0,0,0,0,0,0,0,0
1,0,0,0,0,0,0,0,0,0
1,0,0,0,0,0,0,0,0,0
1,0,0,0,0,0,0,0,0,0
1,0,0,0,0,0,0,0,0,0
1,0,0,0,0,0,0,0,0,0
1,0,0,0,0,0,0,0,0,0
1,0,0,0,0,0,0,0,0,0
1,0,0,0,0,0,0,0,0,0
1,0,0,0,0,0,0,0,0,0
1,0,0,0,0,0,0,0,0,0
1,0,0,0,0,0,0,0,0,0
1,0,0,0,0,0,0,0,0,0
1,0,0,0,0,0,0,0,0,0
1,0,0,0,0,0,0,0,0,0
1,0,0,0,0,0,0,0,0,0
1,0,0,0,0,0,0,0,0,0
1,0,0,0,0,0,0,0,0,0
1,0,0,0,0,0,0,0,0,0
1,0,0,0,0,0,0,0,0,0
1,0,0,0,0,0,0,0,0,0
1,0,0,0,0,0,0,0,0,0
1,0,0,0,0,0,0,0,0,0
1,0,0,0,0,0,0,0,0,0
1,0,0,0,0,0,0,0,0,0
1,0,0,0,0,0,0,0,0,0
1,0,0,0,0,0,0,0,0,0
1,0,0,0,0,0,0,0,0,0
1,0,0,0,0,0,0,0,0,0
1,0,0,0,0,0,0,0,0,0
1,0,0,0,0,0,0,0,0,0
1,0,0,0,0,0,0,0,0,0
1,0,0,0,0,0,0,0,0,0
1,0,0,0,0,0,0,0,0,0
1,0,0,0,0,0,0,0,0,0
1,0,0,0,0,0,0,0,0,0
1,0,0,0,0,0,0,0,0,0
1,0,0,0,0,0,0,0,0,0
1,0,0,0,0,0,0,0,0,0
1,0,0,0,0,0,0,0,0,0
1,0,0,0,0,0,0,0,0,0
1,0,0,0,0,0,0,0,0,0
1,0,0,0,0,0,0,0,0,0
1,0,0,0,0,0,0,0,0,0
1,0,0,0,0,0,0,0,0,0
1,0,0,0,0,0,0,0,0,0
1,0,0,0,0,0,0,0,0,0
1,0,0,0,0,0,0,0,0,0
1,0,0,0,0,0,0,0,0,0
1,0,0,0,0,0,0,0,0,0
1,0,0,0,0,0,0,0,0,0
1,0,0,0,0,0,0,0,0,0
1,0,0,0,0,0,0,0,0,0
1,0,0,0,0,0,0,0,0,0
1,0,0,0,0,0,0,0,0,0
1,0,0,0,0,0,0,0,0,0
1,0,0,0,0,0,0,0,0,0
1,0,0,0,0,0,0,0,0,0
1,0,0,0,0,0,0,0,0,0
1,0,0,0,0,0,0,0,0,0
1,0,0,0,0,0,0,0,0,0
1,0,0,0,0,0,0,0,0,0
1,0,0,0,0,0,0,0,0,0
1,0,0,0,0,0,0,0,0,0
1,0,0,0,0,0,0,0,0,0
1,0,0,0,0,0,0,0,0,0
1,0,0,0,0,0,0,0,0,0
1,0,0,0,0,0,0,0,0,0
1,0,0,0,0,0,0,0,0,0
1,0,0,0,0,0,0,0,0,0
1,0,0,0,0,0,0,0,0,0
1,0,0,0,0,0,0,0,0,0
1,0,0,0,0,0,0,0,0,0
1,0,0,0,0,0,0,0,0,0
1,0,0,0,0,0,0,0,0,0
1,0,0,0,0,0,0,0,0,0
1,0,0,0,0,0,0,0,0,0
1,0,0,0,0,0,0,0,0,0
1,0,0,0,0,0,0,0,0,0
1,0,0,0,0,0,0,0,0,0
1,0,0,0,0,0,0,0,0,0
1,0,0,0,0,0,0,0,0,0
1,0,0,0,0,0,0,0,0,0
1,0,0,0,0,0,0,0,0,0
1,0,0,0,0,0,0,0,0,0
1,0,0,0,0,0,0,0,0,0
1,0,0,0,0,0,0,0,0,0
1,0,0,0,0,0,0,0,0,0
1,0,0,0,0,0,0,0,0,0
1,0,0,0,0,0,0,0,0,0
1,0,0,0,0,0,0,0,0,0
1,0,0,0,0,0,0,0,0,0
1,0,0,0,0,0,0,0,0,0
1,0,0,0,0,0,0,0,0,0
1,0,0,0,0,0,0,0,0,0
1,0,0,0,0,0,0,0,0,0
1,0,0,0,0,0,0,0,0,0
1,0,0,0,0,0,0,0,0,0
1,0,0,0,0,0,0,0,0,0
1,0,0,0,0,0,0,0,0,0
1,0,0,0,0,0,0,0,0,0
1,0,0,0,0,0,0,0,0,0
1,0,0,0,0,0,0,0,0,0
1,0,0,0,0,0,0,0,0,0
1,0,0,0,0,0,0,0,0,0
1,0,0,0,0,0,0,0,0,0
1,0,0,0,0,0,0,0,0,0
1,0,0,0,0,0,0,0,0,0
1,0,0,0,0,0,0,0,0,0
1,0,0,0,0,0,0,0,0,0
1,0,0,0,0,0,0,0,0,0
1,0,0,0,0,0,0,0,0,0
1,0,0,0,0,0,0,0,0,0
1,0,0,0,0,0,0,0,0,0
1,0,0,0,0,0,0,0,0,0
1,0,0,0,0,0,0,0,0,0
1,0,0,0,0,0,0,0,0,0
1,0,0,0,0,0,0,0,0,0
1,0,0,0,0,0,0,0,0,0
1,0,0,0,0,0,0,0,0,0
1,0,0,0,0,0,0,0,0,0
1,0,0,0,0,0,0,0,0,0
1,0,0,0,0,0,0,0,0,0
1,0,0,0,0,0,0,0,0,0
1,0,0,0,0,0,0,0,0,0
1,0,0,0,0,0,0,0,0,0
1,0,0,0,0,0,0,0,0,0
1,0,0,0,0,0,0,0,0,0
1,0,0,0,0,0,0,0,0,0
1,0,0,0,0,0,0,0,0,0
1,0,0,0,0,0,0,0,0,0
1,0,0,0,0,0,0,0,0,0
1,0,0,0,0,0,0,0,0,0
1,0,0,0,0,0,0,0,0,0
1,0,0,0,0,0,0,0,0,0
1,0,0,0,0,0,0,0,0,0
1,0,0,0,0,0,0,0,0,0
1,0,0,0,0,0,0,0,0,0
1,0,0,0,0,0,0,0,0,0
1,0,0,0,0,0,0,0,0,0
1,0,0,0,0,0,0,0,0,0
1,0,0,0,0,0,0,0,0,0
1,0,0,0,0,0,0,0,0,0
1,0,0,0,0,0,0,0,0,0
1,0,0,0,0,0,0,0,0,0
1,0,0,0,0,0,0,0,0,0
1,0,0,0,0,0,0,0,0,0
1,0,0,0,0,0,0,0,0,0
1,0,0,0,0,0,0,0,0,0
1,0,0,0,0,0,0,0,0,0
1,0,0,0,0,0,0,0,0,0
1,0,0,0,0,0,0,0,0,0
1,0,0,0,0,0,0,0,0,0
1,0,0,0,0,0,0,0,0,0
1,0,0,0,0,0,0,0,0,0
1,0,0,0,0,0,0,0,0,0
1,0,0,0,0,0,0,0,0,0
1,0,0,0,0,0,0,0,0,0
1,0,0,0,0,0,0,0,0,0
1,0,0,0,0,0,0,0,0,0
1,0,0,0,0,0,0,0,0,0
1,0,0,0,0,0,0,0,0,0
1,0,0,0,0,0,0,0,0,0
1,0,0,0,0,0,0,0,0,0
1,0,0,0,0,0,0,0,0,0
1,0,0,0,0,0,0,0,0,0
1,0,0,0,0,0,0,0,0,0
1,0,0,0,0,0,0,0,0,0
1,0,0,0,0,0,0,0,0,0
1,0,0,0,0,0,0,0,0,0
1,0,0,0,0,0,0,0,0,0
1,0,0,0,0,0,0,0,0,0
1,0,0,0,0,0,0,0,0,0
1,0,0,0,0,0,0,0,0,0
1,0,0,0,0,0,0,0,0,0
1,0,0,0,0,0,0,0,0,0
1,0,0,0,0,0,0,0,0,0
1,0,0,0,0,0,0,0,0,0
1,0,0,0,0,0,0,0,0,0
1,0,0,0,0,0,0,0,0,0
1,0,0,0,0,0,0,0,0,0
1,0,0,0,0,0,0,0,0,0
1,0,0,0,0,0,0,0,0,0
1,0,0,0,0,0,0,0,0,0
1,0,0,0,0,0,0,0,0,0
1,0,0,0,0,0,0,0,0,0
1,0,0,0,0,0,0,0,0,0
1,0,0,0,0,0,0,0,0,0
1,0,0,0,0,0,0,0,0,0
1,0,0,0,0,0,0,0,0,0
1,0,0,0,0,0,0,0,0,0
1,0,0,0,0,0,0,0,0,0
1,0,0,0,0,0,0,0,0,0
1,0,0,0,0,0,0,0,0,0
1,0,0,0,0,0,0,0,0,0
1,0,0,0,0,0,0,0,0,0
1,0,0,0,0,0,0,0,0,0
1,0,0,0,0,0,0,0,0,0
1,0,0,0,0,0,0,0,0,0
1,0,0,0,0,0,0,0,0,0
1,0,0,0,0,0,0,0,0,0
1,0,0,0,0,0,0,0,0,0
1,0,0,0,0,0,0,0,0,0
1,0,0,0,0,0,0,0,0,0
1,0,0,0,0,0,0,0,0,0
1,0,0,0,0,0,0,0,0,0
1,0,0,0,0,0,0,0,0,0
1,0,0,0,0,0,0,0,0,0
1,0,0,0,0,0,0,0,0,0
1,0,0,0,0,0,0,0,0,0
1,0,0,0,0,0,0,0,0,0
1,0,0,0,0,0,0,0,0,0
1,0,0,0,0,0,0,0,0,0
1,0,0,0,0,0,0,0,0,0
1,0,0,0,0,0,0,0,0,0
1,0,0,0,0,0,0,0,0,0
1,0,0,0,0,0,0,0,0,0
1,0,0,0,0,0,0,0,0,0
1,0,0,0,0,0,0,0,0,0
1,0,0,0,0,0,0,0,0,0
1,0,0,0,0,0,0,0,0,0
1,0,0,0,0,0,0,0,0,0
1,0,0,0,0,0,0,0,0,0
1,0,0,0,0,0,0,0,0,0
1,0,0,0,0,0,0,0,0,0
1,0,0,0,0,0,0,0,0,0
1,0,0,0,0,0,0,0,0,0
1,0,0,0,0,0,0,0,0,0
1,0,0,0,0,0,0,0,0,0
1,0,0,0,0,0,0,0,0,0
1,0,0,0,0,0,0,0,0,0
1,0,0,0,0,0,0,0,0,0
1,0,0,0,0,0,0,0,0,0
1,0,0,0,0,0,0,0,0,0
1,0,0,0,0,0,0,0,0,0
1,0,0,0,0,0,0,0,0,0
1,0,0,0,0,0,0,0,0,0
1,0,0,0,0,0,0,0,0,0
1,0,0,0,0,0,0,0,0,0
1,0,0,0,0,0,0,0,0,0
1,0,0,0,0,0,0,0,0,0
1,0,0,0,0,0,0,0,0,0
1,0,0,0,0,0,0,0,0,0
1,0,0,0,0,0,0,0,0,0
1,0,0,0,0,0,0,0,0,0
1,0,0,0,0,0,0,0,0,0
1,0,0,0,0,0,0,0,0,0
1,0,0,0,0,0,0,0,0,0
1,0,0,0,0,0,0,0,0,0
1,0,0,0,0,0,0,0,0,0
1,0,0,0,0,0,0,0,0,0
1,0,0,0,0,0,0,0,0,0
1,0,0,0,0,0,0,0,0,0
1,0,0,0,0,0,0,0,0,0
1,0,0,0,0,0,0,0,0,0
1,0,0,0,0,0,0,0,0,0
1,0,0,0,0,0,0,0,0,0
1,0,0,0,0,0,0,0,0,0
1,0,0,0,0,0,0,0,0,0
1,0,0,0,0,0,0,0,0,0
1,0,0,0,0,0,0,0,0,0
1,0,0,0,0,0,0,0,0,0
1,0,0,0,0,0,0,0,0,0
1,0,0,0,0,0,0,0,0,0
1,0,0,0,0,0,0,0,0,0
1,0,0,0,0,0,0,0,0,0
1,0,0,0,0,0,0,0,0,0
1,0,0,0,0,0,0,0,0,0
1,0,0,0,0,0,0,0,0,0
1,0,0,0,0,0,0,0,0,0
1,0,0,0,0,0,0,0,0,0
1,0,0,0,0,0,0,0,0,0
1,0,0,0,0,0,0,0,0,0
1,0,0,0,0,0,0,0,0,0
1,0,0,0,0,0,0,0,0,0
1,0,0,0,0,0,0,0,0,0
1,0,0,0,0,0,0,0,0,0
1,0,0,0,0,0,0,0,0,0
1,0,0,0,0,0,0,0,0,0
1,0,0,0,0,0,0,0,0,0
1,0,0,0,0,0,0,0,0,0
1,0,0,0,0,0,0,0,0,0
1,0,0,0,0,0,0,0,0,0
1,0,0,0,0,0,0,0,0,0
1,0,0,0,0,0,0,0,0,0
1,0,0,0,0,0,0,0,0,0
1,0,0,0,0,0,0,0,0,0
1,0,0,0,0,0,0,0,0,0
1,0,0,0,0,0,0,0,0,0
1,0,0,0,0,0,0,0,0,0
1,0,0,0,0,0,0,0,0,0
1,0,0,0,0,0,0,0,0,0
1,0,0,0,0,0,0,0,0,0
1,0,0,0,0,0,0,0,0,0
1,0,0,0,0,0,0,0,0,0
1,0,0,0,0,0,0,0,0,0
1,0,0,0,0,0,0,0,0,0
1,0,0,0,0,0,0,0,0,0
1,0,0,0,0,0,0,0,0,0
1,0,0,0,0,0,0,0,0,0
1,0,0,0,0,0,0,0,0,0
1,0,0,0,0,0,0,0,0,0
1,0,0,0,0,0,0,0,0,0
1,0,0,0,0,0,0,0,0,0
1,0,0,0,0,0,0,0,0,0
1,0,0,0,0,0,0,0,0,0
1,0,0,0,0,0,0,0,0,0
1,0,0,0,0,0,0,0,0,0
1,0,0,0,0,0,0,0,0,0
1,0,0,0,0,0,0,0,0,0
1,0,0,0,0,0,0,0,0,0
1,0,0,0,0,0,0,0,0,0
1,0,0,0,0,0,0,0,0,0
1,0,0,0,0,0,0,0,0,0
1,0,0,0,0,0,0,0,0,0
1,0,0,0,0,0,0,0,0,0
1,0,0,0,0,0,0,0,0,0
1,0,0,0,0,0,0,0,0,0
1,0,0,0,0,0,0,0,0,0
1,0,0,0,0,0,0,0,0,0
1,0,0,0,0,0,0,0,0,0
1,0,0,0,0,0,0,0,0,0
1,0,0,0,0,0,0,0,0,0
1,0,0,0,0,0,0,0,0,0
1,0,0,0,0,0,0,0,0,0
1,0,0,0,0,0,0,0,0,0
1,0,0,0,0,0,0,0,0,0
1,0,0,0,0,0,0,0,0,0
1,0,0,0,0,0,0,0,0,0
1,0,0,0,0,0,0,0,0,0
1,0,0,0,0,0,0,0,0,0
1,0,0,0,0,0,0,0,0,0
1,0,0,0,0,0,0,0,0,0
1,0,0,0,0,0,0,0,0,0
1,0,0,0,0,0,0,0,0,0
1,0,0,0,0,0,0,0,0,0
1,0,0,0,0,0,0,0,0,0
1,0,0,0,0,0,0,0,0,0
1,0,0,0,0,0,0,0,0,0
1,0,0,0,0,0,0,0,0,0
1,0,0,0,0,0,0,0,0,0
1,0,0,0,0,0,0,0,0,0
1,0,0,0,0,0,0,0,0,0
1,0,0,0,0,0,0,0,0,0
1,0,0,0,0,0,0,0,0,0
1,0,0,0,0,0,0,0,0,0
1,0,0,0,0,0,0,0,0,0
1,0,0,0,0,0,0,0,0,0
1,0,0,0,0,0,0,0,0,0
1,0,0,0,0,0,0,0,0,0
1,0,0,0,0,0,0,0,0,0
1,0,0,0,0,0,0,0,0,0
1,0,0,0,0,0,0,0,0,0
1,0,0,0,0,0,0,0,0,0
1,0,0,0,0,0,0,0,0,0
1,0,0,0,0,0,0,0,0,0
1,0,0,0,0,0,0,0,0,0
1,0,0,0,0,0,0,0,0,0
1,0,0,0,0,0,0,0,0,0
1,0,0,0,0,0,0,0,0,0
1,0,0,0,0,0,0,0,0,0
1,0,0,0,0,0,0,0,0,0
1,0,0,0,0,0,0,0,0,0
1,0,0,0,0,0,0,0,0,0
1,0,0,0,0,0,0,0,0,0
1,0,0,0,0,0,0,0,0,0
1,0,0,0,0,0,0,0,0,0
1,0,0,0,0,0,0,0,0,0
1,0,0,0,0,0,0,0,0,0
1,0,0,0,0,0,0,0,0,0
1,0,0,0,0,0,0,0,0,0
1,0,0,0,0,0,0,0,0,0
1,0,0,0,0,0,0,0,0,0
1,0,0,0,0,0,0,0,0,0
1,0,0,0,0,0,0,0,0,0
1,0,0,0,0,0,0,0,0,0
1,0,0,0,0,0,0,0,0,0
1,0,0,0,0,0,0,0,0,0
1,0,0,0,0,0,0,0,0,0
1,0,0,0,0,0,0,0,0,0
1,0,0,0,0,0,0,0,0,0
1,0,0,0,0,0,0,0,0,0
1,0,0,0,0,0,0,0,0,0
1,0,0,0,0,0,0,0,0,0
1,0,0,0,0,0,0,0,0,0
1,0,0,0,0,0,0,0,0,0
1,0,0,0,0,0,0,0,0,0
1,0,0,0,0,0,0,0,0,0
1,0,0,0,0,0,0,0,0,0
1,0,0,0,0,0,0,0,0,0
1,0,0,0,0,0,0,0,0,0
1,0,0,0,0,0,0,0,0,0
1,0,0,0,0,0,0,0,0,0
1,0,0,0,0,0,0,0,0,0
1,0,0,0,0,0,0,0,0,0
1,0,0,0,0,0,0,0,0,0
1,0,0,0,0,0,0,0,0,0
1,0,0,0,0,0,0,0,0,0
1,0,0,0,0,0,0,0,0,0
1,0,0,0,0,0,0,0,0,0
1,0,0,0,0,0,0,0,0,0
1,0,0,0,0,0,0,0,0,0
1,0,0,0,0,0,0,0,0,0
1,0,0,0,0,0,0,0,0,0
1,0,0,0,0,0,0,0,0,0
1,0,0,0,0,0,0,0,0,0
1,0,0,0,0,0,0,0,0,0
1,0,0,0,0,0,0,0,0,0
1,0,0,0,0,0,0,0,0,0
1,0,0,0,0,0,0,0,0,0
1,0,0,0,0,0,0,0,0,0
1,0,0,0,0,0,0,0,0,0
1,0,0,0,0,0,0,0,0,0
1,0,0,0,0,0,0,0,0,0
1,0,0,0,0,0,0,0,0,0
1,0,0,0,0,0,0,0,0,0
1,0,0,0,0,0,0,0,0,0
1,0,0,0,0,0,0,0,0,0
1,0,0,0,0,0,0,0,0,0
1,0,0,0,0,0,0,0,0,0
1,0,0,0,0,0,0,0,0,0
1,0,0,0,0,0,0,0,0,0
1,0,0,0,0,0,0,0,0,0
1,0,0,0,0,0,0,0,0,0
1,0,0,0,0,0,0,0,0,0
1,0,0,0,0,0,0,0,0,0
1,0,0,0,0,0,0,0,0,0
1,0,0,0,0,0,0,0,0,0
1,0,0,0,0,0,0,0,0,0
1,0,0,0,0,0,0,0,0,0
1,0,0,0,0,0,0,0,0,0
1,0,0,0,0,0,0,0,0,0
1,0,0,0,0,0,0,0,0,0
1,0,0,0,0,0,0,0,0,0
1,0,0,0,0,0,0,0,0,0
1,0,0,0,0,0,0,0,0,0
1,0,0,0,0,0,0,0,0,0
1,0,0,0,0,0,0,0,0,0
1,0,0,0,0,0,0,0,0,0
1,0,0,0,0,0,0,0,0,0
1,0,0,0,0,0,0,0,0,0
1,0,0,0,0,0,0,0,0,0
1,0,0,0,0,0,0,0,0,0
1,0,0,0,0,0,0,0,0,0
1,0,0,0,0,0,0,0,0,0
1,0,0,0,0,0,0,0,0,0
1,0,0,0,0,0,0,0,0,0
1,0,0,0,0,0,0,0,0,0
1,0,0,0,0,0,0,0,0,0
1,0,0,0,0,0,0,0,0,0
1,0,0,0,0,0,0,0,0,0
1,0,0,0,0,0,0,0,0,0
1,0,0,0,0,0,0,0,0,0
1,0,0,0,0,0,0,0,0,0
1,0,0,0,0,0,0,0,0,0
1,0,0,0,0,0,0,0,0,0
1,0,0,0,0,0,0,0,0,0
1,0,0,0,0,0,0,0,0,0
1,0,0,0,0,0,0,0,0,0
1,0,0,0,0,0,0,0,0,0
1,0,0,0,0,0,0,0,0,0
1,0,0,0,0,0,0,0,0,0
1,0,0,0,0,0,0,0,0,0
1,0,0,0,0,0,0,0,0,0
1,0,0,0,0,0,0,0,0,0
1,0,0,0,0,0,0,0,0,0
1,0,0,0,0,0,0,0,0,0
1,0,0,0,0,0,0,0,0,0
1,0,0,0,0,0,0,0,0,0
1,0,0,0,0,0,0,0,0,0
1,0,0,0,0,0,0,0,0,0
1,0,0,0,0,0,0,0,0,0
1,0,0,0,0,0,0,0,0,0
1,0,0,0,0,0,0,0,0,0
1,0,0,0,0,0,0,0,0,0
1,0,0,0,0,0,0,0,0,0
1,0,0,0,0,0,0,0,0,0
1,0,0,0,0,0,0,0,0,0
1,0,0,0,0,0,0,0,0,0
1,0,0,0,0,0,0,0,0,0
1,0,0,0,0,0,0,0,0,0
1,0,0,0,0,0,0,0,0,0
1,0,0,0,0,0,0,0,0,0
1,0,0,0,0,0,0,0,0,0
1,0,0,0,0,0,0,0,0,0
1,0,0,0,0,0,0,0,0,0
1,0,0,0,0,0,0,0,0,0
1,0,0,0,0,0,0,0,0,0
1,0,0,0,0,0,0,0,0,0
1,0,0,0,0,0,0,0,0,0
1,0,0,0,0,0,0,0,0,0
1,0,0,0,0,0,0,0,0,0
1,0,0,0,0,0,0,0,0,0
1,0,0,0,0,0,0,0,0,0
1,0,0,0,0,0,0,0,0,0
1,0,0,0,0,0,0,0,0,0
1,0,0,0,0,0,0,0,0,0
1,0,0,0,0,0,0,0,0,0
1,0,0,0,0,0,0,0,0,0
1,0,0,0,0,0,0,0,0,0
1,0,0,0,0,0,0,0,0,0
1,0,0,0,0,0,0,0,0,0
1,0,0,0,0,0,0,0,0,0
1,0,0,0,0,0,0,0,0,0
1,0,0,0,0,0,0,0,0,0
1,0,0,0,0,0,0,0,0,0
1,0,0,0,0,0,0,0,0,0
1,0,0,0,0,0,0,0,0,0
1,0,0,0,0,0,0,0,0,0
1,0,0,0,0,0,0,0,0,0
1,0,0,0,0,0,0,0,0,0
1,0,0,0,0,0,0,0,0,0
1,0,0,0,0,0,0,0,0,0
1,0,0,0,0,0,0,0,0,0
1,0,0,0,0,0,0,0,0,0
1,0,0,0,0,0,0,0,0,0
1,0,0,0,0,0,0,0,0,0
1,0,0,0,0,0,0,0,0,0
1,0,0,0,0,0,0,0,0,0
1,0,0,0,0,0,0,0,0,0
1,0,0,0,0,0,0,0,0,0
1,0,0,0,0,0,0,0,0,0
1,0,0,0,0,0,0,0,0,0
1,0,0,0,0,0,0,0,0,0
1,0,0,0,0,0,0,0,0,0
1,0,0,0,0,0,0,0,0,0
1,0,0,0,0,0,0,0,0,0
1,0,0,0,0,0,0,0,0,0
1,0,0,0,0,0,0,0,0,0
1,0,0,0,0,0,0,0,0,0
1,0,0,0,0,0,0,0,0,0
1,0,0,0,0,0,0,0,0,0
1,0,0,0,0,0,0,0,0,0
1,0,0,0,0,0,0,0,0,0
1,0,0,0,0,0,0,0,0,0
1,0,0,0,0,0,0,0,0,0
1,0,0,0,0,0,0,0,0,0
1,0,0,0,0,0,0,0,0,0
1,0,0,0,0,0,0,0,0,0
1,0,0,0,0,0,0,0,0,0
1,0,0,0,0,0,0,0,0,0
1,0,0,0,0,0,0,0,0,0
1,0,0,0,0,0,0,0,0,0
1,0,0,0,0,0,0,0,0,0
1,0,0,0,0,0,0,0,0,0
1,0,0,0,0,0,0,0,0,0
1,0,0,0,0,0,0,0,0,0
1,0,0,0,0,0,0,0,0,0
1,0,0,0,0,0,0,0,0,0
1,0,0,0,0,0,0,0,0,0
1,0,0,0,0,0,0,0,0,0
1,0,0,0,0,0,0,0,0,0
1,0,0,0,0,0,0,0,0,0
1,0,0,0,0,0,0,0,0,0
1,0,0,0,0,0,0,0,0,0
1,0,0,0,0,0,0,0,0,0
1,0,0,0,0,0,0,0,0,0
1,0,0,0,0,0,0,0,0,0
1,0,0,0,0,0,0,0,0,0
1,0,0,0,0,0,0,0,0,0
1,0,0,0,0,0,0,0,0,0
1,0,0,0,0,0,0,0,0,0
1,0,0,0,0,0,0,0,0,0
1,0,0,0,0,0,0,0,0,0
1,0,0,0,0,0,0,0,0,0
1,0,0,0,0,0,0,0,0,0
1,0,0,0,0,0,0,0,0,0
1,0,0,0,0,0,0,0,0,0
1,0,0,0,0,0,0,0,0,0
1,0,0,0,0,0,0,0,0,0
1,0,0,0,0,0,0,0,0,0
1,0,0,0,0,0,0,0,0,0
1,0,0,0,0,0,0,0,0,0
1,0,0,0,0,0,0,0,0,0
1,0,0,0,0,0,0,0,0,0
1,0,0,0,0,0,0,0,0,0
1,0,0,0,0,0,0,0,0,0
1,0,0,0,0,0,0,0,0,0
1,0,0,0,0,0,0,0,0,0
1,0,0,0,0,0,0,0,0,0
1,0,0,0,0,0,0,0,0,0
1,0,0,0,0,0,0,0,0,0
1,0,0,0,0,0,0,0,0,0
1,0,0,0,0,0,0,0,0,0
1,0,0,0,0,0,0,0,0,0
1,0,0,0,0,0,0,0,0,0
1,0,0,0,0,0,0,0,0,0
1,0,0,0,0,0,0,0,0,0
1,0,0,0,0,0,0,0,0,0
1,0,0,0,0,0,0,0,0,0
1,0,0,0,0,0,0,0,0,0
1,0,0,0,0,0,0,0,0,0
1,0,0,0,0,0,0,0,0,0
1,0,0,0,0,0,0,0,0,0
1,0,0,0,0,0,0,0,0,0
1,0,0,0,0,0,0,0,0,0
1,0,0,0,0,0,0,0,0,0
1,0,0,0,0,0,0,0,0,0
1,0,0,0,0,0,0,0,0,0
1,0,0,0,0,0,0,0,0,0
1,0,0,0,0,0,0,0,0,0
1,0,0,0,0,0,0,0,0,0
1,0,0,0,0,0,0,0,0,0
1,0,0,0,0,0,0,0,0,0
1,0,0,0,0,0,0,0,0,0
1,0,0,0,0,0,0,0,0,0
1,0,0,0,0,0,0,0,0,0
1,0,0,0,0,0,0,0,0,0
1,0,0,0,0,0,0,0,0,0
1,0,0,0,0,0,0,0,0,0
1,0,0,0,0,0,0,0,0,0
1,0,0,0,0,0,0,0,0,0
1,0,0,0,0,0,0,0,0,0
1,0,0,0,0,0,0,0,0,0
1,0,0,0,0,0,0,0,0,0
1,0,0,0,0,0,0,0,0,0
1,0,0,0,0,0,0,0,0,0
1,0,0,0,0,0,0,0,0,0
1,0,0,0,0,0,0,0,0,0
1,0,0,0,0,0,0,0,0,0
1,0,0,0,0,0,0,0,0,0
1,0,0,0,0,0,0,0,0,0
1,0,0,0,0,0,0,0,0,0
0,0,14,69,3.5,3,6.662e-016,58.5,124.25,1.29896e-014
0,1,13,70,3.5,3,6.661e-016,61.5,127.75,1.36557e-014
1,1,0,0,0,0,0,0,0,0
1,1,0,0,0,0,0,0,0,0
1,1,0,0,0,0,0,0,0,0
1,1,0,0,0,0,0,0,0,0
0,1,15,69,3.5,3,6.662e-016,58.5,120.75,1.29896e-014
0,1,15,70,3.5,3,6.661e-016,61.5,120.75,1.36557e-014
0,1,14,70,3.5,3,6.661e-016,61.5,124.25,1.36557e-014
0,0,15,69,3.5,3,6.662e-016,58.5,120.75,1.29896e-014
0,1,14,70,3.5,3,6.661e-016,61.5,124.25,1.36557e-014
0,1,14,69,3.5,3,6.662e-016,58.5,124.25,1.29896e-014
1,1,0,0,0,0,0,0,0,0
1,1,0,0,0,0,0,0,0,0
1,1,0,0,0,0,0,0,0,0
0,1,16,69,3.5,3,6.662e-016,58.5,117.25,1.29896e-014
0,1,16,70,3.5,3,6.661e-016,61.5,117.25,1.36557e-014
0,1,15,70,3.5,3,6.661e-016,61.5,120.75,1.36557e-014
0,0,16,69,3.5,3,6.662e-016,58.5,117.25,1.29896e-014
0,1,15,70,3.5,3,6.661e-016,61.5,120.75,1.36557e-014
0,1,15,69,3.5,3,6.662e-016,58.5,120.75,1.29896e-014
1,1,0,0,0,0,0,0,0,0
1,1,0,0,0,0,0,0,0,0
1,1,0,0,0,0,0,0,0,0
0,1,17,69,3.5,3,6.662e-016,58.5,113.75,1.29896e-014
0,1,17,70,3.5,3,6.661e-016,61.5,113.75,1.36557e-014
0,1,16,70,3.5,3,6.661e-016,61.5,117.25,1.36557e-014
0,0,17,69,3.5,3,6.662e-016,58.5,113.75,1.29896e-014
0,1,16,70,3.5,3,6.661e-016,61.5,117.25,1.36557e-014
0,1,16,69,3.5,3,6.662e-016,58.5,117.25,1.29896e-014
1,1,0,0,0,0,0,0,0,0
1,1,0,0,0,0,0,0,0,0
1,1,0,0,0,0,0,0,0,0
0,1,18,69,3.5,3,6.662e-016,58.5,110.25,1.29896e-014
0,1,18,70,3.5,3,6.661e-016,61.5,110.25,1.36557e-014
0,1,17,70,3.5,3,6.661e-016,61.5,113.75,1.36557e-014
0,0,18,69,3.5,3,6.662e-016,58.5,110.25,1.29896e-014
0,1,17,70,3.5,3,6.661e-016,61.5,113.75,1.36557e-014
0,1,17,69,3.5,3,6.662e-016,58.5,113.75,1.29896e-014
1,1,0,0,0,0,0,0,0,0
1,1,0,0,0,0,0,0,0,0
1,1,0,0,0,0,0,0,0,0
0,1,19,69,3.5,3,6.662e-016,58.5,106.75,1.29896e-014
0,1,19,70,3.5,3,6.661e-016,61.5,106.75,1.36557e-014
0,1,18,70,3.5,3,6.661e-016,61.5,110.25,1.36557e-014
0,0,19,69,3.5,3,6.662e-016,58.5,106.75,1.29896e-014
0,1,18,70,3.5,3,6.661e-016,61.5,110.25,1.36557e-014
0,1,18,69,3.5,3,6.662e-016,58.5,110.25,1.29896e-014
1,1,0,0,0,0,0,0,0,0
1,1,0,0,0,0,0,0,0,0
1,1,0,0,0,0,0,0,0,0
0,1,20,69,3.5,3,6.662e-016,58.5,103.25,1.29896e-014
0,1,20,70,3.5,3,6.661e-016,61.5,103.25,1.36557e-014
0,1,19,70,3.5,3,6.661e-016,61.5,106.75,1.36557e-014
0,0,20,69,3.5,3,6.662e-016,58.5,103.25,1.29896e-014
0,1,19,70,3.5,3,6.661e-016,61.5,106.75,1.36557e-014
0,1,19,69,3.5,3,6.662e-016,58.5,106.75,1.29896e-014
1,1,0,0,0,0,0,0,0,0
1,1,0,0,0,0,0,0,0,0
1,1,0,0,0,0,0,0,0,0
0,1,21,69,3.5,3,6.662e-016,58.5,99.75,1.29896e-014
0,1,21,70,3.5,3,6.661e-016,61.5,99.75,1.36557e-014
0,1,20,70,3.5,3,6.661e-016,61.5,103.25,1.36557e-014
0,0,21,69,3.5,3,6.662e-016,58.5,99.75,1.29896e-014
0,1,20,70,3.5,3,6.661e-016,61.5,103.25,1.36557e-014
0,1,20,69,3.5,3,6.662e-016,58.5,103.25,1.29896e-014
1,1,0,0,0,0,0,0,0,0
1,1,0,0,0,0,0,0,0,0
1,1,0,0,0,0,0,0,0,0
0,1,22,69,3.5,3,6.662e-016,58.5,96.25,1.29896e-014
0,1,22,70,3.5,3,6.661e-016,61.5,96.25,1.36557e-014
0,1,21,70,3.5,3,6.661e-016,61.5,99.75,1.36557e-014
0,0,22,69,3.5,3,6.662e-016,58.5,96.25,1.29896e-014
0,1,21,70,3.5,3,6.661e-016,61.5,99.75,1.36557e-014
0,1,21,69,3.5,3,6.662e-016,58.5,99.75,1.29896e-014
1,1,0,0,0,0,0,0,0,0
1,1,0,0,0,0,0,0,0,0
1,1,0,0,0,0,0,0,0,0
0,1,23,69,3.5,3,6.662e-016,58.5,92.75,1.29896e-014
0,1,23,70,3.5,3,6.661e-016,61.5,92.75,1.36557e-014
0,1,22,70,3.5,3,6.661e-016,61.5,96.25,1.36557e-014
0,0,23,69,3.5,3,6.662e-016,58.5,92.75,1.29896e-014
0,1,22,70,3.5,3,6.661e-016,61.5,96.25,1.36557e-014
0,1,22,69,3.5,3,6.662e-016,58.5,96.25,1.29896e-014
1,1,0,0,0,0,0,0,0,0
1,1,0,0,0,0,0,0,0,0
1,1,0,0,0,0,0,0,0,0
0,1,24,69,3.5,3,6.662e-016,58.5,89.25,1.29896e-014
0,1,24,70,3.5,3,6.661e-016,61.5,89.25,1.36557e-014
0,1,23,70,3.5,3,6.661e-016,61.5,92.75,1.36557e-014
0,0,24,69,3.5,3,6.662e-016,58.5,89.25,1.29896e-014
0,1,23,70,3.5,3,6.661e-016,61.5,92.75,1.36557e-014
0,1,23,69,3.5,3,6.662e-016,58.5,92.75,1.29896e-014
1,1,0,0,0,0,0,0,0,0
1,1,0,0,0,0,0,0,0,0
1,1,0,0,0,0,0,0,0,0
0,1,25,69,3.5,3,6.662e-016,58.5,85.75,1.29896e-014
0,1,25,70,3.5,3,6.661e-016,61.5,85.75,1.36557e-014
0,1,24,70,3.5,3,6.661e-016,61.5,89.25,1.36557e-014
0,0,25,69,3.5,3,6.662e-016,58.5,85.75,1.29896e-014
0,1,24,70,3.5,3,6.661e-016,61.5,89.25,1.36557e-014
0,1,24,69,3.5,3,6.662e-016,58.5,89.25,1.29896e-014
1,1,0,0,0,0,0,0,0,0
1,1,0,0,0,0,0,0,0,0
1,1,0,0,0,0,0,0,0,0
0,1,26,69,3.5,3,6.662e-016,58.5,82.25,1.29896e-014
0,1,26,70,3.5,3,6.661e-016,61.5,82.25,1.36557e-014
0,1,25,70,3.5,3,6.661e-016,61.5,85.75,1.36557e-014
0,0,26,69,3.5,3,6.662e-016,58.5,82.25,1.29896e-014
0,1,25,70,3.5,3,6.661e-016,61.5,85.75,1.36557e-014
0,1,25,69,3.5,3,6.662e-016,58.5,85.75,1.29896e-014
1,1,0,0,0,0,0,0,0,0
1,1,0,0,0,0,0,0,0,0
1,1,0,0,0,0,0,0,0,0
0,1,27,69,3.5,3,6.662e-016,58.5,78.75,1.29896e-014
0,1,27,70,3.5,3,6.661e-016,61.5,78.75,1.36557e-014
0,1,26,70,3.5,3,6.661e-016,61.5,82.25,1.36557e-014
0,0,27,69,3.5,3,6.662e-016,58.5,78.75,1.29896e-014
0,1,26,70,3.5,3,6.661e-016,61.5,82.25,1.36557e-014
0,1,26,69,3.5,3,6.662e-016,58.5,82.25,1.29896e-014
1,1,0,0,0,0,0,0,0,0
1,1,0,0,0,0,0,0,0,0
1,1,0,0,0,0,0,0,0,0
0,1,28,69,3.5,3,6.662e-016,58.5,75.25,1.29896e-014
0,1,28,70,3.5,3,6.661e-016,61.5,75.25,1.36557e-014
0,1,27,70,3.5,3,6.661e-016,61.5,78.75,1.36557e-014
0,0,28,69,3.5,3,6.662e-016,58.5,75.25,1.29896e-014
0,1,27,70,3.5,3,6.661e-016,61.5,78.75,1.36557e-014
0,1,27,69,3.5,3,6.662e-016,58.5,78.75,1.29896e-014
1,1,0,0,0,0,0,0,0,0
1,1,0,0,0,0,0,0,0,0
1,1,0,0,0,0,0,0,0,0
1,1,0,0,0,0,0,0,0,0
1,1,0,0,0,0,0,0,0,0
0,1,28,70,3.5,3,6.661e-016,61.5,75.25,1.36557e-014
1,0,0,0,0,0,0,0,0,0
1,0,0,0,0,0,0,0,0,0
1,0,0,0,0,0,0,0,0,0
1,0,0,0,0,0,0,0,0,0
1,0,0,0,0,0,0,0,0,0
1,0,0,0,0,0,0,0,0,0
1,0,0,0,0,0,0,0,0,0
1,0,0,0,0,0,0,0,0,0
1,0,0,0,0,0,0,0,0,0
1,0,0,0,0,0,0,0,0,0
1,0,0,0,0,0,0,0,0,0
1,0,0,0,0,0,0,0,0,0
1,0,0,0,0,0,0,0,0,0
1,0,0,0,0,0,0,0,0,0
1,0,0,0,0,0,0,0,0,0
1,0,0,0,0,0,0,0,0,0
1,0,0,0,0,0,0,0,0,0
1,0,0,0,0,0,0,0,0,0
1,0,0,0,0,0,0,0,0,0
1,0,0,0,0,0,0,0,0,0
1,0,0,0,0,0,0,0,0,0
1,0,0,0,0,0,0,0,0,0
1,0,0,0,0,0,0,0,0,0
1,0,0,0,0,0,0,0,0,0
1,0,0,0,0,0,0,0,0,0
1,0,0,0,0,0,0,0,0,0
1,0,0,0,0,0,0,0,0,0
1,0,0,0,0,0,0,0,0,0
1,0,0,0,0,0,0,0,0,0
1,0,0,0,0,0,0,0,0,0
1,0,0,0,0,0,0,0,0,0
1,0,0,0,0,0,0,0,0,0
1,0,0,0,0,0,0,0,0,0
1,0,0,0,0,0,0,0,0,0
1,0,0,0,0,0,0,0,0,0
1,0,0,0,0,0,0,0,0,0
1,0,0,0,0,0,0,0,0,0
1,0,0,0,0,0,0,0,0,0
1,0,0,0,0,0,0,0,0,0
1,0,0,0,0,0,0,0,0,0
1,0,0,0,0,0,0,0,0,0
1,0,0,0,0,0,0,0,0,0
1,0,0,0,0,0,0,0,0,0
1,0,0,0,0,0,0,0,0,0
1,0,0,0,0,0,0,0,0,0
1,0,0,0,0,0,0,0,0,0
1,0,0,0,0,0,0,0,0,0
1,0,0,0,0,0,0,0,0,0
1,0,0,0,0,0,0,0,0,0
1,0,0,0,0,0,0,0,0,0
1,0,0,0,0,0,0,0,0,0
1,0,0,0,0,0,0,0,0,0
1,0,0,0,0,0,0,0,0,0
1,0,0,0,0,0,0,0,0,0
1,0,0,0,0,0,0,0,0,0
1,0,0,0,0,0,0,0,0,0
1,0,0,0,0,0,0,0,0,0
1,0,0,0,0,0,0,0,0,0
1,0,0,0,0,0,0,0,0,0
1,0,0,0,0,0,0,0,0,0
1,0,0,0,0,0,0,0,0,0
1,0,0,0,0,0,0,0,0,0
1,0,0,0,0,0,0,0,0,0
1,0,0,0,0,0,0,0,0,0
1,0,0,0,0,0,0,0,0,0
1,0,0,0,0,0,0,0,0,0
1,0,0,0,0,0,0,0,0,0
1,0,0,0,0,0,0,0,0,0
1,0,0,0,0,0,0,0,0,0
1,0,0,0,0,0,0,0,0,0
1,0,0,0,0,0,0,0,0,0
1,0,0,0,0,0,0,0,0,0
1,0,0,0,0,0,0,0,0,0
1,0,0,0,0,0,0,0,0,0
1,0,0,0,0,0,0,0,0,0
1,0,0,0,0,0,0,0,0,0
1,0,0,0,0,0,0,0,0,0
1,0,0,0,0,0,0,0,0,0
1,0,0,0,0,0,0,0,0,0
1,0,0,0,0,0,0,0,0,0
1,0,0,0,0,0,0,0,0,0
1,0,0,0,0,0,0,0,0,0
1,0,0,0,0,0,0,0,0,0
1,0,0,0,0,0,0,0,0,0
0,0,13,70,3.5,3,6.661e-016,61.5,127.75,1.36557e-014
0,1,12,71,3.5,3,6.661e-016,64.5,131.25,1.43218e-014
1,1,0,0,0,0,0,0,0,0
1,1,0,0,0,0,0,0,0,0
1,1,0,0,0,0,0,0,0,0
0,1,14,69,3.5,3,6.662e-016,58.5,124.25,1.29896e-014
0,1,14,70,3.5,3,6.661e-016,61.5,124.25,1.36557e-014
0,1,14,71,3.5,3,6.661e-016,64.5,124.25,1.43218e-014
0,1,13,71,3.5,3,6.661e-016,64.5,127.75,1.43218e-014
0,0,14,70,3.5,3,6.661e-016,61.5,124.25,1.36557e-014
0,1,13,71,3.5,3,6.661e-016,64.5,127.75,1.43218e-014
0,1,13,70,3.5,3,6.661e-016,61.5,127.75,1.36557e-014
1,1,0,0,0,0,0,0,0,0
0,1,14,69,3.5,3,6.662e-016,58.5,124.25,1.29896e-014
0,1,15,69,3.5,3,6.662e-016,58.5,120.75,1.29896e-014
0,1,15,70,3.5,3,6.661e-016,61.5,120.75,1.36557e-014
0,1,15,71,3.5,3,6.661e-016,64.5,120.75,1.43218e-014
0,1,14,71,3.5,3,6.661e-016,64.5,124.25,1.43218e-014
0,0,15,70,3.5,3,6.661e-016,61.5,120.75,1.36557e-014
0,1,14,71,3.5,3,6.661e-016,64.5,124.25,1.43218e-014
0,1,14,70,3.5,3,6.661e-016,61.5,124.25,1.36557e-014
0,1,14,69,3.5,3,6.662e-016,58.5,124.25,1.29896e-014
0,1,15,69,3.5,3,6.662e-016,58.5,120.75,1.29896e-014
0,1,16,69,3.5,3,6.662e-016,58.5,117.25,1.29896e-014
0,1,16,70,3.5,3,6.661e-016,61.5,117.25,1.36557e-014
0,1,16,71,3.5,3,6.661e-016,64.5,117.25,1.43218e-014
0,1,15,71,3.5,3,6.661e-016,64.5,120.75,1.43218e-014
0,0,16,70,3.5,3,6.661e-016,61.5,117.25,1.36557e-014
0,1,15,71,3.5,3,6.661e-016,64.5,120.75,1.43218e-014
0,1,15,70,3.5,3,6.661e-016,61.5,120.75,1.36557e-014
0,1,15,69,3.5,3,6.662e-016,58.5,120.75,1.29896e-014
0,1,16,69,3.5,3,6.662e-016,58.5,117.25,1.29896e-014
0,1,17,69,3.5,3,6.662e-016,58.5,113.75,1.29896e-014
0,1,17,70,3.5,3,6.661e-016,61.5,113.75,1.36557e-014
0,1,17,71,3.5,3,6.661e-016,64.5,113.75,1.43218e-014
0,1,16,71,3.5,3,6.661e-016,64.5,117.25,1.43218e-014
0,0,17,70,3.5,3,6.661e-016,61.5,113.75,1.36557e-014
0,1,16,71,3.5,3,6.661e-016,64.5,117.25,1.43218e-014
0,1,16,70,3.5,3,6.661e-016,61.5,117.25,1.36557e-014
0,1,16,69,3.5,3,6.662e-016,58.5,117.25,1.29896e-014
0,1,17,69,3.5,3,6.662e-016,58.5,113.75,1.29896e-014
0,1,18,69,3.5,3,6.662e-016,58.5,110.25,1.29896e-014
0,1,18,70,3.5,3,6.661e-016,61.5,110.25,1.36557e-014
0,1,18,71,3.5,3,6.661e-016,64.5,110.25,1.43218e-014
0,1,17,71,3.5,3,6.661e-016,64.5,113.75,1.43218e-014
0,0,18,70,3.5,3,6.661e-016,61.5,110.25,1.36557e-014
0,1,17,71,3.5,3,6.661e-016,64.5,113.75,1.43218e-014
0,1,17,70,3.5,3,6.661e-016,61.5,113.75,1.36557e-014
0,1,17,69,3.5,3,6.662e-016,58.5,113.75,1.29896e-014
0,1,18,69,3.5,3,6.662e-016,58.5,110.25,1.29896e-014
0,1,19,69,3.5,3,6.662e-016,58.5,106.75,1.29896e-014
0,1,19,70,3.5,3,6.661e-016,61.5,106.75,1.36557e-014
0,1,19,71,3.5,3,6.661e-016,64.5,106.75,1.43218e-014
0,1,18,71,3.5,3,6.661e-016,64.5,110.25,1.43218e-014
0,0,19,70,3.5,3,6.661e-016,61.5,106.75,1.36557e-014
0,1,18,71,3.5,3,6.661e-016,64.5,110.25,1.43218e-014
0,1,18,70,3.5,3,6.661e-016,61.5,110.25,1.36557e-014
0,1,18,69,3.5,3,6.662e-016,58.5,110.25,1.29896e-014
0,1,19,69,3.5,3,6.662e-016,58.5,106.75,1.29896e-014
0,1,20,69,3.5,3,6.662e-016,58.5,103.25,1.29896e-014
0,1,20,70,3.5,3,6.661e-016,61.5,103.25,1.36557e-014
0,1,20,71,3.5,3,6.661e-016,64.5,103.25,1.43218e-014
0,1,19,71,3.5,3,6.661e-016,64.5,106.75,1.43218e-014
0,0,20,70,3.5,3,6.661e-016,61.5,103.25,1.36557e-014
0,1,19,71,3.5,3,6.661e-016,64.5,106.75,1.43218e-014
0,1,19,70,3.5,3,6.661e-016,61.5,106.75,1.36557e-014
0,1,19,69,3.5,3,6.662e-016,58.5,106.75,1.29896e-014
0,1,20,69,3.5,3,6.662e-016,58.5,103.25,1.29896e-014
0,1,21,69,3.5,3,6.662e-016,58.5,99.75,1.29896e-014
0,1,21,70,3.5,3,6.661e-016,61.5,99.75,1.36557e-014
0,1,21,71,3.5,3,6.661e-016,64.5,99.75,1.43218e-014
0,1,20,71,3.5,3,6.661e-016,64.5,103.25,1.43218e-014
0,0,21,70,3.5,3,6.661e-016,61.5,99.75,1.36557e-014
0,1,20,71,3.5,3,6.661e-016,64.5,103.25,1.43218e-014
0,1,20,70,3.5,3,6.661e-016,61.5,103.25,1.36557e-014
0,1,20,69,3.5,3,6.662e-016,58.5,103.25,1.29896e-014
0,1,21,69,3.5,3,6.662e-016,58.5,99.75,1.29896e-014
0,1,22,69,3.5,3,6.662e-016,58.5,96.25,1.29896e-014
0,1,22,70,3.5,3,6.661e-016,61.5,96.25,1.36557e-014
0,1,22,71,3.5,3,6.661e-016,64.5,96.25,1.43218e-014
0,1,21,71,3.5,3,6.661e-016,64.5,99.75,1.43218e-014
0,0,22,70,3.5,3,6.661e-016,61.5,96.25,1.36557e-014
0,1,21,71,3.5,3,6.661e-016,64.5,99.75,1.43218e-014
0,1,21,70,3.5,3,6.661e-016,61.5,99.75,1.36557e-014
0,1,21,69,3.5,3,6.662e-016,58.5,99.75,1.29896e-014
0,1,22,69,3.5,3,6.662e-016,58.5,96.25,1.29896e-014
0,1,23,69,3.5,3,6.662e-016,58.5,92.75,1.29896e-014
0,1,23,70,3.5,3,6.661e-016,61.5,92.75,1.36557e-014
0,1,23,71,3.5,3,6.661e-016,64.5,92.75,1.43218e-014
0,1,22,71,3.5,3,6.661e-016,64.5,96.25,1.43218e-014
0,0,23,70,3.5,3,6.661e-016,61.5,92.75,1.36557e-014
0,1,22,71,3.5,3,6.661e-016,64.5,96.25,1.43218e-014
0,1,22,70,3.5,3,6.661e-016,61.5,96.25,1.36557e-014
0,1,22,69,3.5,3,6.662e-016,58.5,96.25,1.29896e-014
0,1,23,69,3.5,3,6.662e-016,58.5,92.75,1.29896e-014
0,1,24,69,3.5,3,6.662e-016,58.5,89.25,1.29896e-014
0,1,24,70,3.5,3,6.661e-016,61.5,89.25,1.36557e-014
0,1,24,71,3.5,3,6.661e-016,64.5,89.25,1.43218e-014
0,1,23,71,3.5,3,6.661e-016,64.5,92.75,1.43218e-014
0,0,24,70,3.5,3,6.661e-016,61.5,89.25,1.36557e-014
0,1,23,71,3.5,3,6.661e-016,64.5,92.75,1.43218e-014
0,1,23,70,3.5,3,6.661e-016,61.5,92.75,1.36557e-014
0,1,23,69,3.5,3,6.662e-016,58.5,92.75,1.29896e-014
0,1,24,69,3.5,3,6.662e-016,58.5,89.25,1.29896e-014
0,1,25,69,3.5,3,6.662e-016,58.5,85.75,1.29896e-014
0,1,25,70,3.5,3,6.661e-016,61.5,85.75,1.36557e-014
0,1,25,71,3.5,3,6.661e-016,64.5,85.75,1.43218e-014
0,1,24,71,3.5,3,6.661e-016,64.5,89.25,1.43218e-014
0,0,25,70,3.5,3,6.661e-016,61.5,85.75,1.36557e-014
0,1,24,71,3.5,3,6.661e-016,64.5,89.25,1.43218e-014
0,1,24,70,3.5,3,6.661e-016,61.5,89.25,1.36557e-014
0,1,24,69,3.5,3,6.662e-016,58.5,89.25,1.29896e-014
0,1,25,69,3.5,3,6.662e-016,58.5,85.75,1.29896e-014
0,1,26,69,3.5,3,6.662e-016,58.5,82.25,1.29896e-014
0,1,26,70,3.5,3,6.661e-016,61.5,82.25,1.36557e-014
0,1,26,71,3.5,3,6.661e-016,64.5,82.25,1.43218e-014
0,1,25,71,3.5,3,6.661e-016,64.5,85.75,1.43218e-014
0,0,26,70,3.5,3,6.661e-016,61.5,82.25,1.36557e-014
0,1,25,71,3.5,3,6.661e-016,64.5,85.75,1.43218e-014
0,1,25,70,3.5,3,6.661e-016,61.5,85.75,1.36557e-014
0,1,25,69,3.5,3,6.662e-016,58.5,85.75,1.29896e-014
0,1,26,69,3.5,3,6.662e-016,58.5,82.25,1.29896e-014
0,1,27,69,3.5,3,6.662e-016,58.5,78.75,1.29896e-014
0,1,27,70,3.5,3,6.661e-016,61.5,78.75,1.36557e-014
0,1,27,71,3.5,3,6.661e-016,64.5,78.75,1.43218e-014
0,1,26,71,3.5,3,6.661e-016,64.5,82.25,1.43218e-014
0,0,27,70,3.5,3,6.661e-016,61.5,78.75,1.36557e-014
0,1,26,71,3.5,3,6.661e-016,64.5,82.25,1.43218e-014
0,1,26,70,3.5,3,6.661e-016,61.5,82.25,1.36557e-014
0,1,26,69,3.5,3,6.662e-016,58.5,82.25,1.29896e-014
0,1,27,69,3.5,3,6.662e-016,58.5,78.75,1.29896e-014
0,1,28,69,3.5,3,6.662e-016,58.5,75.25,1.29896e-014
0,1,28,70,3.5,3,6.661e-016,61.5,75.25,1.36557e-014
0,1,28,71,3.5,3,6.661e-016,64.5,75.25,1.43218e-014
0,1,27,71,3.5,3,6.661e-016,64.5,78.75,1.43218e-014
0,0,28,70,3.5,3,6.661e-016,61.5,75.25,1.36557e-014
0,1,27,71,3.5,3,6.661e-016,64.5,78.75,1.43218e-014
0,1,27,70,3.5,3,6.661e-016,61.5,78.75,1.36557e-014
0,1,27,69,3.5,3,6.662e-016,58.5,78.75,1.29896e-014
0,1,28,69,3.5,3,6.662e-016,58.5,75.25,1.29896e-014
1,1,0,0,0,0,0,0,0,0
1,1,0,0,0,0,0,0,0,0
1,1,0,0,0,0,0,0,0,0
0,1,28,71,3.5,3,6.661e-016,64.5,75.25,1.43218e-014
1,0,0,0,0,0,0,0,0,0
1,0,0,0,0,0,0,0,0,0
1,0,0,0,0,0,0,0,0,0
1,0,0,0,0,0,0,0,0,0
1,0,0,0,0,0,0,0,0,0
1,0,0,0,0,0,0,0,0,0
1,0,0,0,0,0,0,0,0,0
1,0,0,0,0,0,0,0,0,0
1,0,0,0,0,0,0,0,0,0
1,0,0,0,0,0,0,0,0,0
1,0,0,0,0,0,0,0,0,0
1,0,0,0,0,0,0,0,0,0
1,0,0,0,0,0,0,0,0,0
1,0,0,0,0,0,0,0,0,0
1,0,0,0,0,0,0,0,0,0
1,0,0,0,0,0,0,0,0,0
1,0,0,0,0,0,0,0,0,0
1,0,0,0,0,0,0,0,0,0
1,0,0,0,0,0,0,0,0,0
1,0,0,0,0,0,0,0,0,0
1,0,0,0,0,0,0,0,0,0
1,0,0,0,0,0,0,0,0,0
1,0,0,0,0,0,0,0,0,0
1,0,0,0,0,0,0,0,0,0
1,0,0,0,0,0,0,0,0,0
1,0,0,0,0,0,0,0,0,0
1,0,0,0,0,0,0,0,0,0
1,0,0,0,0,0,0,0,0,0
1,0,0,0,0,0,0,0,0,0
1,0,0,0,0,0,0,0,0,0
1,0,0,0,0,0,0,0,0,0
1,0,0,0,0,0,0,0,0,0
1,0,0,0,0,0,0,0,0,0
1,0,0,0,0,0,0,0,0,0
1,0,0,0,0,0,0,0,0,0
1,0,0,0,0,0,0,0,0,0
1,0,0,0,0,0,0,0,0,0
1,0,0,0,0,0,0,0,0,0
1,0,0,0,0,0,0,0,0,0
1,0,0,0,0,0,0,0,0,0
1,0,0,0,0,0,0,0,0,0
1,0,0,0,0,0,0,0,0,0
1,0,0,0,0,0,0,0,0,0
1,0,0,0,0,0,0,0,0,0
1,0,0,0,0,0,0,0,0,0
1,0,0,0,0,0,0,0,0,0
1,0,0,0,0,0,0,0,0,0
1,0,0,0,0,0,0,0,0,0
1,0,0,0,0,0,0,0,0,0
1,0,0,0,0,0,0,0,0,0
1,0,0,0,0,0,0,0,0,0
1,0,0,0,0,0,0,0,0,0
1,0,0,0,0,0,0,0,0,0
1,0,0,0,0,0,0,0,0,0
1,0,0,0,0,0,0,0,0,0
1,0,0,0,0,0,0,0,0,0
1,0,0,0,0,0,0,0,0,0
1,0,0,0,0,0,0,0,0,0
1,0,0,0,0,0,0,0,0,0
1,0,0,0,0,0,0,0,0,0
1,0,0,0,0,0,0,0,0,0
1,0,0,0,0,0,0,0,0,0
1,0,0,0,0,0,0,0,0,0
1,0,0,0,0,0,0,0,0,0
1,0,0,0,0,0,0,0,0,0
1,0,0,0,0,0,0,0,0,0
1,0,0,0,0,0,0,0,0,0
1,0,0,0,0,0,0,0,0,0
1,0,0,0,0,0,0,0,0,0
1,0,0,0,0,0,0,0,0,0
1,0,0,0,0,0,0,0,0,0
1,0,0,0,0,0,0,0,0,0
1,0,0,0,0,0,0,0,0,0
1,0,0,0,0,0,0,0,0,0
1,0,0,0,0,0,0,0,0,0
1,0,0,0,0,0,0,0,0,0
1,0,0,0,0,0,0,0,0,0
1,0,0,0,0,0,0,0,0,0
1,0,0,0,0,0,0,0,0,0
1,0,0,0,0,0,0,0,0,0
1,0,0,0,0,0,0,0,0,0
1,0,0,0,0,0,0,0,0,0
1,0,0,0,0,0,0,0,0,0
0,0,12,71,3.5,3,6.661e-016,64.5,131.25,1.43218e-014
1,1,0,0,0,0,0,0,0,0
1,1,0,0,0,0,0,0,0,0
1,1,0,0,0,0,0,0,0,0
1,1,0,0,0,0,0,0,0,0
0,1,13,70,3.5,3,6.661e-016,61.5,127.75,1.36557e-014
0,1,13,71,3.5,3,6.661e-016,64.5,127.75,1.43218e-014
0,1,13,72,3.5,3,6.662e-016,67.5,127.75,1.4988e-014
0,1,12,72,3.5,3,6.662e-016,67.5,131.25,1.4988e-014
0,0,13,71,3.5,3,6.661e-016,64.5,127.75,1.43218e-014
0,1,12,72,3.5,3,6.662e-016,67.5,131.25,1.4988e-014
0,1,12,71,3.5,3,6.661e-016,64.5,131.25,1.43218e-014
1,1,0,0,0,0,0,0,0,0
0,1,13,70,3.5,3,6.661e-016,61.5,127.75,1.36557e-014
0,1,14,70,3.5,3,6.661e-016,61.5,124.25,1.36557e-014
0,1,14,71,3.5,3,6.661e-016,64.5,124.25,1.43218e-014
0,1,14,72,3.5,3,6.662e-016,67.5,124.25,1.4988e-014
0,1,13,72,3.5,3,6.662e-016,67.5,127.75,1.4988e-014
0,0,14,71,3.5,3,6.661e-016,64.5,124.25,1.43218e-014
0,1,13,72,3.5,3,6.662e-016,67.5,127.75,1.4988e-014
0,1,13,71,3.5,3,6.661e-016,64.5,127.75,1.43218e-014
0,1,13,70,3.5,3,6.661e-016,61.5,127.75,1.36557e-014
0,1,14,70,3.5,3,6.661e-016,61.5,124.25,1.36557e-014
0,1,15,70,3.5,3,6.661e-016,61.5,120.75,1.36557e-014
0,1,15,71,3.5,3,6.661e-016,64.5,120.75,1.43218e-014
0,1,15,72,3.5,3,6.662e-016,67.5,120.75,1.4988e-014
0,1,14,72,3.5,3,6.662e-016,67.5,124.25,1.4988e-014
0,0,15,71,3.5,3,6.661e-016,64.5,120.75,1.43218e-014
0,1,14,72,3.5,3,6.662e-016,67.5,124.25,1.4988e-014
0,1,14,71,3.5,3,6.661e-016,64.5,124.25,1.43218e-014
0,1,14,70,3.5,3,6.661e-016,61.5,124.25,1.36557e-014
0,1,15,70,3.5,3,6.661e-016,61.5,120.75,1.36557e-014
0,1,16,70,3.5,3,6.661e-016,61.5,117.25,1.36557e-014
0,1,16,71,3.5,3,6.661e-016,64.5,117.25,1.43218e-014
0,1,16,72,3.5,3,6.662e-016,67.5,117.25,1.4988e-014
0,1,15,72,3.5,3,6.662e-016,67.5,120.75,1.4988e-014
0,0,16,71,3.5,3,6.661e-016,64.5,117.25,1.43218e-014
0,1,15,72,3.5,3,6.662e-016,67.5,120.75,1.4988e-014
0,1,15,71,3.5,3,6.661e-016,64.5,120.75,1.43218e-014
0,1,15,70,3.5,3,6.661e-016,61.5,120.75,1.36557e-014
0,1,16,70,3.5,3,6.661e-016,61.5,117.25,1.36557e-014
0,1,17,70,3.5,3,6.661e-016,61.5,113.75,1.36557e-014
0,1,17,71,3.5,3,6.661e-016,64.5,113.75,1.43218e-014
0,1,17,72,3.5,3,6.662e-016,67.5,113.75,1.4988e-014
0,1,16,72,3.5,3,6.662e-016,67.5,117.25,1.4988e-014
0,0,17,71,3.5,3,6.661e-016,64.5,113.75,1.43218e-014
0,1,16,72,3.5,3,6.662e-016,67.5,117.25,1.4988e-014
0,1,16,71,3.5,3,6.661e-016,64.5,117.25,1.43218e-014
0,1,16,70,3.5,3,6.661e-016,61.5,117.25,1.36557e-014
0,1,17,70,3.5,3,6.661e-016,61.5,113.75,1.36557e-014
0,1,18,70,3.5,3,6.661e-016,61.5,110.25,1.36557e-014
0,1,18,71,3.5,3,6.661e-016,64.5,110.25,1.43218e-014
0,1,18,72,3.5,3,6.662e-016,67.5,110.25,1.4988e-014
0,1,17,72,3.5,3,6.662e-016,67.5,113.75,1.4988e-014
0,0,18,71,3.5,3,6.661e-016,64.5,110.25,1.43218e-014
0,1,17,72,3.5,3,6.662e-016,67.5,113.75,1.4988e-014
0,1,17,71,3.5,3,6.661e-016,64.5,113.75,1.43218e-014
0,1,17,70,3.5,3,6.661e-016,61.5,113.75,1.36557e-014
0,1,18,70,3.5,3,6.661e-016,61.5,110.25,1.36557e-014
0,1,19,70,3.5,3,6.661e-016,61.5,106.75,1.36557e-014
0,1,19,71,3.5,3,6.661e-016,64.5,106.75,1.43218e-014
0,1,19,72,3.5,3,6.662e-016,67.5,106.75,1.4988e-014
0,1,18,72,3.5,3,6.662e-016,67.5,110.25,1.4988e-014
0,0,19,71,3.5,3,6.661e-016,64.5,106.75,1.43218e-014
0,1,18,72,3.5,3,6.662e-016,67.5,110.25,1.4988e-014
0,1,18,71,3.5,3,6.661e-016,64.5,110.25,1.43218e-014
0,1,18,70,3.5,3,6.661e-016,61.5,110.25,1.36557e-014
0,1,19,70,3.5,3,6.661e-016,61.5,106.75,1.36557e-014
0,1,20,70,3.5,3,6.661e-016,61.5,103.25,1.36557e-014
0,1,20,71,3.5,3,6.661e-016,64.5,103.25,1.43218e-014
0,1,20,72,3.5,3,6.662e-016,67.5,103.25,1.4988e-014
0,1,19,72,3.5,3,6.662e-016,67.5,106.75,1.4988e-014
0,0,20,71,3.5,3,6.661e-016,64.5,103.25,1.43218e-014
0,1,19,72,3.5,3,6.662e-016,67.5,106.75,1.4988e-014
0,1,19,71,3.5,3,6.661e-016,64.5,106.75,1.43218e-014
0,1,19,70,3.5,3,6.661e-016,61.5,106.75,1.36557e-014
0,1,20,70,3.5,3,6.661e-016,61.5,103.25,1.36557e-014
0,1,21,70,3.5,3,6.661e-016,61.5,99.75,1.36557e-014
0,1,21,71,3.5,3,6.661e-016,64.5,99.75,1.43218e-014
0,1,21,72,3.5,3,6.662e-016,67.5,99.75,1.4988e-014
0,1,20,72,3.5,3,6.662e-016,67.5,103.25,1.4988e-014
0,0,21,71,3.5,3,6.661e-016,64.5,99.75,1.43218e-014
0,1,20,72,3.5,3,6.662e-016,67.5,103.25,1.4988e-014
0,1,20,71,3.5,3,6.661e-016,64.5,103.25,1.43218e-014
0,1,20,70,3.5,3,6.661e-016,61.5,103.25,1.36557e-014
0,1,21,70,3.5,3,6.661e-016,61.5,99.75,1.36557e-014
0,1,22,70,3.5,3,6.661e-016,61.5,96.25,1.36557e-014
0,1,22,71,3.5,3,6.661e-016,64.5,96.25,1.43218e-014
0,1,22,72,3.5,3,6.662e-016,67.5,96.25,1.4988e-014
0,1,21,72,3.5,3,6.662e-016,67.5,99.75,1.4988e-014
0,0,22,71,3.5,3,6.661e-016,64.5,96.25,1.43218e-014
0,1,21,72,3.5,3,6.662e-016,67.5,99.75,1.4988e-014
0,1,21,71,3.5,3,6.661e-016,64.5,99.75,1.43218e-014
0,1,21,70,3.5,3,6.661e-016,61.5,99.75,1.36557e-014
0,1,22,70,3.5,3,6.661e-016,61.5,96.25,1.36557e-014
0,1,23,70,3.5,3,6.661e-016,61.5,92.75,1.36557e-014
0,1,23,71,3.5,3,6.661e-016,64.5,92.75,1.43218e-014
0,1,23,72,3.5,3,6.662e-016,67.5,92.75,1.4988e-014
0,1,22,72,3.5,3,6.662e-016,67.5,96.25,1.4988e-014
0,0,23,71,3.5,3,6.661e-016,64.5,92.75,1.43218e-014
0,1,22,72,3.5,3,6.662e-016,67.5,96.25,1.4988e-014
0,1,22,71,3.5,3,6.661e-016,64.5,96.25,1.43218e-014
0,1,22,70,3.5,3,6.661e-016,61.5,96.25,1.36557e-014
0,1,23,70,3.5,3,6.661e-016,61.5,92.75,1.36557e-014
0,1,24,70,3.5,3,6.661e-016,61.5,89.25,1.36557e-014
0,1,24,71,3.5,3,6.661e-016,64.5,89.25,1.43218e-014
0,1,24,72,3.5,3,6.662e-016,67.5,89.25,1.4988e-014
0,1,23,72,3.5,3,6.662e-016,67.5,92.75,1.4988e-014
0,0,24,71,3.5,3,6.661e-016,64.5,89.25,1.43218e-014
0,1,23,72,3.5,3,6.662e-016,67.5,92.75,1.4988e-014
0,1,23,71,3.5,3,6.661e-016,64.5,92.75,1.43218e-014
0,1,23,70,3.5,3,6.661e-016,61.5,92.75,1.36557e-014
0,1,24,70,3.5,3,6.661e-016,61.5,89.25,1.36557e-014
0,1,25,70,3.5,3,6.661e-016,61.5,85.75,1.36557e-014
0,1,25,71,3.5,3,6.661e-016,64.5,85.75,1.43218e-014
0,1,25,72,3.5,3,6.662e-016,67.5,85.75,1.4988e-014
0,1,24,72,3.5,3,6.662e-016,67.5,89.25,1.4988e-014
0,0,25,71,3.5,3,6.661e-016,64.5,85.75,1.43218e-014
0,1,24,72,3.5,3,6.662e-016,67.5,89.25,1.4988e-014
0,1,24,71,3.5,3,6.661e-016,64.5,89.25,1.43218e-014
0,1,24,70,3.5,3,6.661e-016,61.5,89.25,1.36557e-014
0,1,25,70,3.5,3,6.661e-016,61.5,85.75,1.36557e-014
0,1,26,70,3.5,3,6.661e-016,61.5,82.25,1.36557e-014
0,1,26,71,3.5,3,6.661e-016,64.5,82.25,1.43218e-014
0,1,26,72,3.5,3,6.662e-016,67.5,82.25,1.4988e-014
0,1,25,72,3.5,3,6.662e-016,67.5,85.75,1.4988e-014
0,0,26,71,3.5,3,6.661e-016,64.5,82.25,1.43218e-014
0,1,25,72,3.5,3,6.662e-016,67.5,85.75,1.4988e-014
0,1,25,71,3.5,3,6.661e-016,64.5,85.75,1.43218e-014
0,1,25,70,3.5,3,6.661e-016,61.5,85.75,1.36557e-014
0,1,26,70,3.5,3,6.661e-016,61.5,82.25,1.36557e-014
0,1,27,70,3.5,3,6.661e-016,61.5,78.75,1.36557e-014
0,1,27,71,3.5,3,6.661e-016,64.5,78.75,1.43218e-014
0,1,27,72,3.5,3,6.662e-016,67.5,78.75,1.4988e-014
0,1,26,72,3.5,3,6.662e-016,67.5,82.25,1.4988e-014
0,0,27,71,3.5,3,6.661e-016,64.5,78.75,1.43218e-014
0,1,26,72,3.5,3,6.662e-016,67.5,82.25,1.4988e-014
0,1,26,71,3.5,3,6.661e-016,64.5,82.25,1.43218e-014
0,1,26,70,3.5,3,6.661e-016,61.5,82.25,1.36557e-014
0,1,27,70,3.5,3,6.661e-016,61.5,78.75,1.36557e-014
0,1,28,70,3.5,3,6.661e-016,61.5,75.25,1.36557e-014
0,1,28,71,3.5,3,6.661e-016,64.5,75.25,1.43218e-014
0,1,28,72,3.5,3,6.662e-016,67.5,75.25,1.4988e-014
0,1,27,72,3.5,3,6.662e-016,67.5,78.75,1.4988e-014
0,0,28,71,3.5,3,6.661e-016,64.5,75.25,1.43218e-014
0,1,27,72,3.5,3,6.662e-016,67.5,78.75,1.4988e-014
0,1,27,71,3.5,3,6.661e-016,64.5,78.75,1.43218e-014
0,1,27,70,3.5,3,6.661e-016,61.5,78.75,1.36557e-014
0,1,28,70,3.5,3,6.661e-016,61.5,75.25,1.36557e-014
1,1,0,0,0,0,0,0,0,0
1,1,0,0,0,0,0,0,0,0
1,1,0,0,0,0,0,0,0,0
0,1,28,72,3.5,3,6.662e-016,67.5,75.25,1.4988e-014
1,0,0,0,0,0,0,0,0,0
1,0,0,0,0,0,0,0,0,0
1,0,0,0,0,0,0,0,0,0
1,0,0,0,0,0,0,0,0,0
1,0,0,0,0,0,0,0,0,0
1,0,0,0,0,0,0,0,0,0
1,0,0,0,0,0,0,0,0,0
1,0,0,0,0,0,0,0,0,0
1,0,0,0,0,0,0,0,0,0
1,0,0,0,0,0,0,0,0,0
1,0,0,0,0,0,0,0,0,0
1,0,0,0,0,0,0,0,0,0
1,0,0,0,0,0,0,0,0,0
1,0,0,0,0,0,0,0,0,0
1,0,0,0,0,0,0,0,0,0
1,0,0,0,0,0,0,0,0,0
1,0,0,0,0,0,0,0,0,0
1,0,0,0,0,0,0,0,0,0
1,0,0,0,0,0,0,0,0,0
1,0,0,0,0,0,0,0,0,0
1,0,0,0,0,0,0,0,0,0
1,0,0,0,0,0,0,0,0,0
1,0,0,0,0,0,0,0,0,0
1,0,0,0,0,0,0,0,0,0
1,0,0,0,0,0,0,0,0,0
1,0,0,0,0,0,0,0,0,0
1,0,0,0,0,0,0,0,0,0
1,0,0,0,0,0,0,0,0,0
1,0,0,0,0,0,0,0,0,0
1,0,0,0,0,0,0,0,0,0
1,0,0,0,0,0,0,0,0,0
1,0,0,0,0,0,0,0,0,0
1,0,0,0,0,0,0,0,0,0
1,0,0,0,0,0,0,0,0,0
1,0,0,0,0,0,0,0,0,0
1,0,0,0,0,0,0,0,0,0
1,0,0,0,0,0,0,0,0,0
1,0,0,0,0,0,0,0,0,0
1,0,0,0,0,0,0,0,0,0
1,0,0,0,0,0,0,0,0,0
1,0,0,0,0,0,0,0,0,0
1,0,0,0,0,0,0,0,0,0
1,0,0,0,0,0,0,0,0,0
1,0,0,0,0,0,0,0,0,0
1,0,0,0,0,0,0,0,0,0
1,0,0,0,0,0,0,0,0,0
1,0,0,0,0,0,0,0,0,0
1,0,0,0,0,0,0,0,0,0
1,0,0,0,0,0,0,0,0,0
1,0,0,0,0,0,0,0,0,0
1,0,0,0,0,0,0,0,0,0
1,0,0,0,0,0,0,0,0,0
1,0,0,0,0,0,0,0,0,0
1,0,0,0,0,0,0,0,0,0
1,0,0,0,0,0,0,0,0,0
1,0,0,0,0,0,0,0,0,0
1,0,0,0,0,0,0,0,0,0
1,0,0,0,0,0,0,0,0,0
1,0,0,0,0,0,0,0,0,0
1,0,0,0,0,0,0,0,0,0
1,0,0,0,0,0,0,0,0,0
1,0,0,0,0,0,0,0,0,0
1,0,0,0,0,0,0,0,0,0
1,0,0,0,0,0,0,0,0,0
1,0,0,0,0,0,0,0,0,0
1,0,0,0,0,0,0,0,0,0
1,0,0,0,0,0,0,0,0,0
1,0,0,0,0,0,0,0,0,0
1,0,0,0,0,0,0,0,0,0
1,0,0,0,0,0,0,0,0,0
1,0,0,0,0,0,0,0,0,0
1,0,0,0,0,0,0,0,0,0
1,0,0,0,0,0,0,0,0,0
1,0,0,0,0,0,0,0,0,0
1,0,0,0,0,0,0,0,0,0
1,0,0,0,0,0,0,0,0,0
1,0,0,0,0,0,0,0,0,0
1,0,0,0,0,0,0,0,0,0
1,0,0,0,0,0,0,0,0,0
1,0,0,0,0,0,0,0,0,0
1,0,0,0,0,0,0,0,0,0
1,0,0,0,0,0,0,0,0,0
1,0,0,0,0,0,0,0,0,0
0,0,12,72,3.5,3,6.662e-016,67.5,131.25,1.4988e-014
0,1,11,73,3.5,3,6.661e-016,70.5,134.75,1.56541e-014
1,1,0,0,0,0,0,0,0,0
1,1,0,0,0,0,0,0,0,0
0,1,12,71,3.5,3,6.661e-016,64.5,131.25,1.43218e-014
0,1,13,71,3.5,3,6.661e-016,64.5,127.75,1.43218e-014
0,1,13,72,3.5,3,6.662e-016,67.5,127.75,1.4988e-014
0,1,13,73,3.5,3,6.661e-016,70.5,127.75,1.56541e-014
0,1,12,73,3.5,3,6.661e-016,70.5,131.25,1.56541e-014
0,0,13,72,3.5,3,6.662e-016,67.5,127.75,1.4988e-014
0,1,12,73,3.5,3,6.661e-016,70.5,131.25,1.56541e-014
0,1,12,72,3.5,3,6.662e-016,67.5,131.25,1.4988e-014
0,1,12,71,3.5,3,6.661e-016,64.5,131.25,1.43218e-014
0,1,13,71,3.5,3,6.661e-016,64.5,127.75,1.43218e-014
0,1,14,71,3.5,3,6.661e-016,64.5,124.25,1.43218e-014
0,1,14,72,3.5,3,6.662e-016,67.5,124.25,1.4988e-014
0,1,14,73,3.5,3,6.661e-016,70.5,124.25,1.56541e-014
0,1,13,73,3.5,3,6.661e-016,70.5,127.75,1.56541e-014
0,0,14,72,3.5,3,6.662e-016,67.5,124.25,1.4988e-014
0,1,13,73,3.5,3,6.661e-016,70.5,127.75,1.56541e-014
0,1,13,72,3.5,3,6.662e-016,67.5,127.75,1.4988e-014
0,1,13,71,3.5,3,6.661e-016,64.5,127.75,1.43218e-014
0,1,14,71,3.5,3,6.661e-016,64.5,124.25,1.43218e-014
0,1,15,71,3.5,3,6.661e-016,64.5,120.75,1.43218e-014
0,1,15,72,3.5,3,6.662e-016,67.5,120.75,1.4988e-014
0,1,15,73,3.5,3,6.661e-016,70.5,120.75,1.56541e-014
0,1,14,73,3.5,3,6.661e-016,70.5,124.25,1.56541e-014
0,0,15,72,3.5,3,6.662e-016,67.5,120.75,1.4988e-014
0,1,14,73,3.5,3,6.661e-016,70.5,124.25,1.56541e-014
0,1,14,72,3.5,3,6.662e-016,67.5,124.25,1.4988e-014
0,1,14,71,3.5,3,6.661e-016,64.5,124.25,1.43218e-014
0,1,15,71,3.5,3,6.661e-016,64.5,120.75,1.43218e-014
0,1,16,71,3.5,3,6.661e-016,64.5,117.25,1.43218e-014
0,1,16,72,3.5,3,6.662e-016,67.5,117.25,1.4988e-014
0,1,16,73,3.5,3,6.661e-016,70.5,117.25,1.56541e-014
0,1,15,73,3.5,3,6.661e-016,70.5,120.75,1.56541e-014
0,0,16,72,3.5,3,6.662e-016,67.5,117.25,1.4988e-014
0,1,15,73,3.5,3,6.661e-016,70.5,120.75,1.56541e-014
0,1,15,72,3.5,3,6.662e-016,67.5,120.75,1.4988e-014
0,1,15,71,3.5,3,6.661e-016,64.5,120.75,1.43218e-014
0,1,16,71,3.5,3,6.661e-016,64.5,117.25,1.43218e-014
0,1,17,71,3.5,3,6.661e-016,64.5,113.75,1.43218e-014
0,1,17,72,3.5,3,6.662e-016,67.5,113.75,1.4988e-014
0,1,17,73,3.5,3,6.661e-016,70.5,113.75,1.56541e-014
0,1,16,73,3.5,3,6.661e-016,70.5,117.25,1.56541e-014
0,0,17,72,3.5,3,6.662e-016,67.5,113.75,1.4988e-014
0,1,16,73,3.5,3,6.661e-016,70.5,117.25,1.56541e-014
0,1,16,72,3.5,3,6.662e-016,67.5,117.25,1.4988e-014
0,1,16,71,3.5,3,6.661e-016,64.5,117.25,1.43218e-014
0,1,17,71,3.5,3,6.661e-016,64.5,113.75,1.43218e-014
0,1,18,71,3.5,3,6.661e-016,64.5,110.25,1.43218e-014
0,1,18,72,3.5,3,6.662e-016,67.5,110.25,1.4988e-014
0,1,18,73,3.5,3,6.661e-016,70.5,110.25,1.56541e-014
0,1,17,73,3.5,3,6.661e-016,70.5,113.75,1.56541e-014
0,0,18,72,3.5,3,6.662e-016,67.5,110.25,1.4988e-014
0,1,17,73,3.5,3,6.661e-016,70.5,113.75,1.56541e-014
0,1,17,72,3.5,3,6.662e-016,67.5,113.75,1.4988e-014
0,1,17,71,3.5,3,6.661e-016,64.5,113.75,1.43218e-014
0,1,18,71,3.5,3,6.661e-016,64.5,110.25,1.43218e-014
0,1,19,71,3.5,3,6.661e-016,64.5,106.75,1.43218e-014
0,1,19,72,3.5,3,6.662e-016,67.5,106.75,1.4988e-014
0,1,19,73,3.5,3,6.661e-016,70.5,106.75,1.56541e-014
0,1,18,73,3.5,3,6.661e-016,70.5,110.25,1.56541e-014
0,0,19,72,3.5,3,6.662e-016,67.5,106.75,1.4988e-014
0,1,18,73,3.5,3,6.661e-016,70.5,110.25,1.56541e-014
0,1,18,72,3.5,3,6.662e-016,67.5,110.25,1.4988e-014
0,1,18,71,3.5,3,6.661e-016,64.5,110.25,1.43218e-014
0,1,19,71,3.5,3,6.661e-016,64.5,106.75,1.43218e-014
0,1,20,71,3.5,3,6.661e-016,64.5,103.25,1.43218e-014
0,1,20,72,3.5,3,6.662e-016,67.5,103.25,1.4988e-014
0,1,20,73,3.5,3,6.661e-016,70.5,103.25,1.56541e-014
0,1,19,73,3.5,3,6.661e-016,70.5,106.75,1.56541e-014
0,0,20,72,3.5,3,6.662e-016,67.5,103.25,1.4988e-014
0,1,19,73,3.5,3,6.661e-016,70.5,106.75,1.56541e-014
0,1,19,72,3.5,3,6.662e-016,67.5,106.75,1.4988e-014
0,1,19,71,3.5,3,6.661e-016,64.5,106.75,1.43218e-014
0,1,20,71,3.5,3,6.661e-016,64.5,103.25,1.43218e-014
0,1,21,71,3.5,3,6.661e-016,64.5,99.75,1.43218e-014
0,1,21,72,3.5,3,6.662e-016,67.5,99.75,1.4988e-014
0,1,21,73,3.5,3,6.661e-016,70.5,99.75,1.56541e-014
0,1,20,73,3.5,3,6.661e-016,70.5,103.25,1.56541e-014
0,0,21,72,3.5,3,6.662e-016,67.5,99.75,1.4988e-014
0,1,20,73,3.5,3,6.661e-016,70.5,103.25,1.56541e-014
0,1,20,72,3.5,3,6.662e-016,67.5,103.25,1.4988e-014
0,1,20,71,3.5,3,6.661e-016,64.5,103.25,1.43218e-014
0,1,21,71,3.5,3,6.661e-016,64.5,99.75,1.43218e-014
0,1,22,71,3.5,3,6.661e-016,64.5,96.25,1.43218e-014
0,1,22,72,3.5,3,6.662e-016,67.5,96.25,1.4988e-014
0,1,22,73,3.5,3,6.661e-016,70.5,96.25,1.56541e-014
0,1,21,73,3.5,3,6.661e-016,70.5,99.75,1.56541e-014
0,0,22,72,3.5,3,6.662e-016,67.5,96.25,1.4988e-014
0,1,21,73,3.5,3,6.661e-016,70.5,99.75,1.56541e-014
0,1,21,72,3.5,3,6.662e-016,67.5,99.75,1.4988e-014
0,1,21,71,3.5,3,6.661e-016,64.5,99.75,1.43218e-014
0,1,22,71,3.5,3,6.661e-016,64.5,96.25,1.43218e-014
0,1,23,71,3.5,3,6.661e-016,64.5,92.75,1.43218e-014
0,1,23,72,3.5,3,6.662e-016,67.5,92.75,1.4988e-014
0,1,23,73,3.5,3,6.661e-016,70.5,92.75,1.56541e-014
0,1,22,73,3.5,3,6.661e-016,70.5,96.25,1.56541e-014
0,0,23,72,3.5,3,6.662e-016,67.5,92.75,1.4988e-014
0,1,22,73,3.5,3,6.661e-016,70.5,96.25,1.56541e-014
0,1,22,72,3.5,3,6.662e-016,67.5,96.25,1.4988e-014
0,1,22,71,3.5,3,6.661e-016,64.5,96.25,1.43218e-014
0,1,23,71,3.5,3,6.661e-016,64.5,92.75,1.43218e-014
0,1,24,71,3.5,3,6.661e-016,64.5,89.25,1.43218e-014
0,1,24,72,3.5,3,6.662e-016,67.5,89.25,1.4988e-014
0,1,24,73,3.5,3,6.661e-016,70.5,89.25,1.56541e-014
0,1,23,73,3.5,3,6.661e-016,70.5,92.75,1.56541e-014
0,0,24,72,3.5,3,6.662e-016,67.5,89.25,1.4988e-014
0,1,23,73,3.5,3,6.661e-016,70.5,92.75,1.56541e-014
0,1,23,72,3.5,3,6.662e-016,67.5,92.75,1.4988e-014
0,1,23,71,3.5,3,6.661e-016,64.5,92.75,1.43218e-014
0,1,24,71,3.5,3,6.661e-016,64.5,89.25,1.43218e-014
0,1,25,71,3.5,3,6.661e-016,64.5,85.75,1.43218e-014
0,1,25,72,3.5,3,6.662e-016,67.5,85.75,1.4988e-014
0,1,25,73,3.5,3,6.661e-016,70.5,85.75,1.56541e-014
0,1,24,73,3.5,3,6.661e-016,70.5,89.25,1.56541e-014
0,0,25,72,3.5,3,6.662e-016,67.5,85.75,1.4988e-014
0,1,24,73,3.5,3,6.661e-016,70.5,89.25,1.56541e-014
0,1,24,72,3.5,3,6.662e-016,67.5,89.25,1.4988e-014
0,1,24,71,3.5,3,6.661e-016,64.5,89.25,1.43218e-014
0,1,25,71,3.5,3,6.661e-016,64.5,85.75,1.43218e-014
0,1,26,71,3.5,3,6.661e-016,64.5,82.25,1.43218e-014
0,1,26,72,3.5,3,6.662e-016,67.5,82.25,1.4988e-014
0,1,26,73,3.5,3,6.661e-016,70.5,82.25,1.56541e-014
0,1,25,73,3.5,3,6.661e-016,70.5,85.75,1.56541e-014
0,0,26,72,3.5,3,6.662e-016,67.5,82.25,1.4988e-014
0,1,25,73,3.5,3,6.661e-016,70.5,85.75,1.56541e-014
0,1,25,72,3.5,3,6.662e-016,67.5,85.75,1.4988e-014
0,1,25,71,3.5,3,6.661e-016,64.5,85.75,1.43218e-014
0,1,26,71,3.5,3,6.661e-016,64.5,82.25,1.43218e-014
0,1,27,71,3.5,3,6.661e-016,64.5,78.75,1.43218e-014
0,1,27,72,3.5,3,6.662e-016,67.5,78.75,1.4988e-014
0,1,27,73,3.5,3,6.661e-016,70.5,78.75,1.56541e-014
0,1,26,73,3.5,3,6.661e-016,70.5,82.25,1.56541e-014
0,0,27,72,3.5,3,6.662e-016,67.5,78.75,1.4988e-014
0,1,26,73,3.5,3,6.661e-016,70.5,82.25,1.56541e-014
0,1,26,72,3.5,3,6.662e-016,67.5,82.25,1.4988e-014
0,1,26,71,3.5,3,6.661e-016,64.5,82.25,1.43218e-014
0,1,27,71,3.5,3,6.661e-016,64.5,78.75,1.43218e-014
0,1,28,71,3.5,3,6.661e-016,64.5,75.25,1.43218e-014
0,1,28,72,3.5,3,6.662e-016,67.5,75.25,1.4988e-014
0,1,28,73,3.5,3,6.661e-016,70.5,75.25,1.56541e-014
0,1,27,73,3.5,3,6.661e-016,70.5,78.75,1.56541e-014
0,0,28,72,3.5,3,6.662e-016,67.5,75.25,1.4988e-014
0,1,27,73,3.5,3,6.661e-016,70.5,78.75,1.56541e-014
0,1,27,72,3.5,3,6.662e-016,67.5,78.75,1.4988e-014
0,1,27,71,3.5,3,6.661e-016,64.5,78.75,1.43218e-014
0,1,28,71,3.5,3,6.661e-016,64.5,75.25,1.43218e-014
1,1,0,0,0,0,0,0,0,0
1,1,0,0,0,0,0,0,0,0
1,1,0,0,0,0,0,0,0,0
0,1,28,73,3.5,3,6.661e-016,70.5,75.25,1.56541e-014
1,0,0,0,0,0,0,0,0,0
1,0,0,0,0,0,0,0,0,0
1,0,0,0,0,0,0,0,0,0
1,0,0,0,0,0,0,0,0,0
1,0,0,0,0,0,0,0,0,0
1,0,0,0,0,0,0,0,0,0
1,0,0,0,0,0,0,0,0,0
1,0,0,0,0,0,0,0,0,0
1,0,0,0,0,0,0,0,0,0
1,0,0,0,0,0,0,0,0,0
1,0,0,0,0,0,0,0,0,0
1,0,0,0,0,0,0,0,0,0
1,0,0,0,0,0,0,0,0,0
1,0,0,0,0,0,0,0,0,0
1,0,0,0,0,0,0,0,0,0
1,0,0,0,0,0,0,0,0,0
1,0,0,0,0,0,0,0,0,0
1,0,0,0,0,0,0,0,0,0
1,0,0,0,0,0,0,0,0,0
1,0,0,0,0,0,0,0,0,0
1,0,0,0,0,0,0,0,0,0
1,0,0,0,0,0,0,0,0,0
1,0,0,0,0,0,0,0,0,0
1,0,0,0,0,0,0,0,0,0
1,0,0,0,0,0,0,0,0,0
1,0,0,0,0,0,0,0,0,0
1,0,0,0,0,0,0,0,0,0
1,0,0,0,0,0,0,0,0,0
1,0,0,0,0,0,0,0,0,0
1,0,0,0,0,0,0,0,0,0
1,0,0,0,0,0,0,0,0,0
1,0,0,0,0,0,0,0,0,0
1,0,0,0,0,0,0,0,0,0
1,0,0,0,0,0,0,0,0,0
1,0,0,0,0,0,0,0,0,0
1,0,0,0,0,0,0,0,0,0
1,0,0,0,0,0,0,0,0,0
1,0,0,0,0,0,0,0,0,0
1,0,0,0,0,0,0,0,0,0
1,0,0,0,0,0,0,0,0,0
1,0,0,0,0,0,0,0,0,0
1,0,0,0,0,0,0,0,0,0
1,0,0,0,0,0,0,0,0,0
1,0,0,0,0,0,0,0,0,0
1,0,0,0,0,0,0,0,0,0
1,0,0,0,0,0,0,0,0,0
1,0,0,0,0,0,0,0,0,0
1,0,0,0,0,0,0,0,0,0
1,0,0,0,0,0,0,0,0,0
1,0,0,0,0,0,0,0,0,0
1,0,0,0,0,0,0,0,0,0
1,0,0,0,0,0,0,0,0,0
1,0,0,0,0,0,0,0,0,0
1,0,0,0,0,0,0,0,0,0
1,0,0,0,0,0,0,0,0,0
1,0,0,0,0,0,0,0,0,0
1,0,0,0,0,0,0,0,0,0
1,0,0,0,0,0,0,0,0,0
1,0,0,0,0,0,0,0,0,0
1,0,0,0,0,0,0,0,0,0
1,0,0,0,0,0,0,0,0,0
1,0,0,0,0,0,0,0,0,0
1,0,0,0,0,0,0,0,0,0
1,0,0,0,0,0,0,0,0,0
1,0,0,0,0,0,0,0,0,0
1,0,0,0,0,0,0,0,0,0
1,0,0,0,0,0,0,0,0,0
1,0,0,0,0,0,0,0,0,0
1,0,0,0,0,0,0,0,0,0
1,0,0,0,0,0,0,0,0,0
1,0,0,0,0,0,0,0,0,0
1,0,0,0,0,0,0,0,0,0
1,0,0,0,0,0,0,0,0,0
1,0,0,0,0,0,0,0,0,0
1,0,0,0,0,0,0,0,0,0
1,0,0,0,0,0,0,0,0,0
1,0,0,0,0,0,0,0,0,0
1,0,0,0,0,0,0,0,0,0
1,0,0,0,0,0,0,0,0,0
1,0,0,0,0,0,0,0,0,0
1,0,0,0,0,0,0,0,0,0
1,0,0,0,0,0,0,0,0,0
0,0,11,73,3.5,3,6.661e-016,70.5,134.75,1.56541e-014
1,1,0,0,0,0,0,0,0,0
1,1,0,0,0,0,0,0,0,0
1,1,0,0,0,0,0,0,0,0
1,1,0,0,0,0,0,0,0,0
0,1,12,72,3.5,3,6.662e-016,67.5,131.25,1.4988e-014
0,1,12,73,3.5,3,6.661e-016,70.5,131.25,1.56541e-014
0,1,12,74,3.5,3,6.661e-016,73.5,131.25,1.63202e-014
0,1,11,74,3.5,3,6.661e-016,73.5,134.75,1.63202e-014
0,0,12,73,3.5,3,6.661e-016,70.5,131.25,1.56541e-014
0,1,11,74,3.5,3,6.661e-016,73.5,134.75,1.63202e-014
0,1,11,73,3.5,3,6.661e-016,70.5,134.75,1.56541e-014
1,1,0,0,0,0,0,0,0,0
0,1,12,72,3.5,3,6.662e-016,67.5,131.25,1.4988e-014
0,1,13,72,3.5,3,6.662e-016,67.5,127.75,1.4988e-014
0,1,13,73,3.5,3,6.661e-016,70.5,127.75,1.56541e-014
0,1,13,74,3.5,3,6.661e-016,73.5,127.75,1.63202e-014
0,1,12,74,3.5,3,6.661e-016,73.5,131.25,1.63202e-014
0,0,13,73,3.5,3,6.661e-016,70.5,127.75,1.56541e-014
0,1,12,74,3.5,3,6.661e-016,73.5,131.25,1.63202e-014
0,1,12,73,3.5,3,6.661e-016,70.5,131.25,1.56541e-014
0,1,12,72,3.5,3,6.662e-016,67.5,131.25,1.4988e-014
0,1,13,72,3.5,3,6.662e-016,67.5,127.75,1.4988e-014
0,1,14,72,3.5,3,6.662e-016,67.5,124.25,1.4988e-014
0,1,14,73,3.5,3,6.661e-016,70.5,124.25,1.56541e-014
0,1,14,74,3.5,3,6.661e-016,73.5,124.25,1.63202e-014
0,1,13,74,3.5,3,6.661e-016,73.5,127.75,1.63202e-014
0,0,14,73,3.5,3,6.661e-016,70.5,124.25,1.56541e-014
0,1,13,74,3.5,3,6.661e-016,73.5,127.75,1.63202e-014
0,1,13,73,3.5,3,6.661e-016,70.5,127.75,1.56541e-014
0,1,13,72,3.5,3,6.662e-016,67.5,127.75,1.4988e-014
0,1,14,72,3.5,3,6.662e-016,67.5,124.25,1.4988e-014
0,1,15,72,3.5,3,6.662e-016,67.5,120.75,1.4988e-014
0,1,15,73,3.5,3,6.661e-016,70.5,120.75,1.56541e-014
0,1,15,74,3.5,3,6.661e-016,73.5,120.75,1.63202e-014
0,1,14,74,3.5,3,6.661e-016,73.5,124.25,1.63202e-014
0,0,15,73,3.5,3,6.661e-016,70.5,120.75,1.56541e-014
0,1,14,74,3.5,3,6.661e-016,73.5,124.25,1.63202e-014
0,1,14,73,3.5,3,6.661e-016,70.5,124.25,1.56541e-014
0,1,14,72,3.5,3,6.662e-016,67.5,124.25,1.4988e-014
0,1,15,72,3.5,3,6.662e-016,67.5,120.75,1.4988e-014
0,1,16,72,3.5,3,6.662e-016,67.5,117.25,1.4988e-014
0,1,16,73,3.5,3,6.661e-016,70.5,117.25,1.56541e-014
0,1,16,74,3.5,3,6.661e-016,73.5,117.25,1.63202e-014
0,1,15,74,3.5,3,6.661e-016,73.5,120.75,1.63202e-014
0,0,16,73,3.5,3,6.661e-016,70.5,117.25,1.56541e-014
0,1,15,74,3.5,3,6.661e-016,73.5,120.75,1.63202e-014
0,1,15,73,3.5,3,6.661e-016,70.5,120.75,1.56541e-014
0,1,15,72,3.5,3,6.662e-016,67.5,120.75,1.4988e-014
0,1,16,72,3.5,3,6.662e-016,67.5,117.25,1.4988e-014
0,1,17,72,3.5,3,6.662e-016,67.5,113.75,1.4988e-014
0,1,17,73,3.5,3,6.661e-016,70.5,113.75,1.56541e-014
0,1,17,74,3.5,3,6.661e-016,73.5,113.75,1.63202e-014
0,1,16,74,3.5,3,6.661e-016,73.5,117.25,1.63202e-014
0,0,17,73,3.5,3,6.661e-016,70.5,113.75,1.56541e-014
0,1,16,74,3.5,3,6.661e-016,73.5,117.25,1.63202e-014
0,1,16,73,3.5,3,6.661e-016,70.5,117.25,1.56541e-014
0,1,16,72,3.5,3,6.662e-016,67.5,117.25,1.4988e-014
0,1,17,72,3.5,3,6.662e-016,67.5,113.75,1.4988e-014
0,1,18,72,3.5,3,6.662e-016,67.5,110.25,1.4988e-014
0,1,18,73,3.5,3,6.661e-016,70.5,110.25,1.56541e-014
0,1,18,74,3.5,3,6.661e-016,73.5,110.25,1.63202e-014
0,1,17,74,3.5,3,6.661e-016,73.5,113.75,1.63202e-014
0,0,18,73,3.5,3,6.661e-016,70.5,110.25,1.56541e-014
0,1,17,74,3.5,3,6.661e-016,73.5,113.75,1.63202e-014
0,1,17,73,3.5,3,6.661e-016,70.5,113.75,1.56541e-014
0,1,17,72,3.5,3,6.662e-016,67.5,113.75,1.4988e-014
0,1,18,72,3.5,3,6.662e-016,67.5,110.25,1.4988e-014
0,1,19,72,3.5,3,6.662e-016,67.5,106.75,1.4988e-014
0,1,19,73,3.5,3,6.661e-016,70.5,106.75,1.56541e-014
0,1,19,74,3.5,3,6.661e-016,73.5,106.75,1.63202e-014
0,1,18,74,3.5,3,6.661e-016,73.5,110.25,1.63202e-014
0,0,19,73,3.5,3,6.661e-016,70.5,106.75,1.56541e-014
0,1,18,74,3.5,3,6.661e-016,73.5,110.25,1.63202e-014
0,1,18,73,3.5,3,6.661e-016,70.5,110.25,1.56541e-014
0,1,18,72,3.5,3,6.662e-016,67.5,110.25,1.4988e-014
0,1,19,72,3.5,3,6.662e-016,67.5,106.75,1.4988e-014
0,1,20,72,3.5,3,6.662e-016,67.5,103.25,1.4988e-014
0,1,20,73,3.5,3,6.661e-016,70.5,103.25,1.56541e-014
0,1,20,74,3.5,3,6.661e-016,73.5,103.25,1.63202e-014
0,1,19,74,3.5,3,6.661e-016,73.5,106.75,1.63202e-014
0,0,20,73,3.5,3,6.661e-016,70.5,103.25,1.56541e-014
0,1,19,74,3.5,3,6.661e-016,73.5,106.75,1.63202e-014
0,1,19,73,3.5,3,6.661e-016,70.5,106.75,1.56541e-014
0,1,19,72,3.5,3,6.662e-016,67.5,106.75,1.4988e-014
0,1,20,72,3.5,3,6.662e-016,67.5,103.25,1.4988e-014
0,1,21,72,3.5,3,6.662e-016,67.5,99.75,1.4988e-014
0,1,21,73,3.5,3,6.661e-016,70.5,99.75,1.56541e-014
0,1,21,74,3.5,3,6.661e-016,73.5,99.75,1.63202e-014
0,1,20,74,3.5,3,6.661e-016,73.5,103.25,1.63202e-014
0,0,21,73,3.5,3,6.661e-016,70.5,99.75,1.56541e-014
0,1,20,74,3.5,3,6.661e-016,73.5,103.25,1.63202e-014
0,1,20,73,3.5,3,6.661e-016,70.5,103.25,1.56541e-014
0,1,20,72,3.5,3,6.662e-016,67.5,103.25,1.4988e-014
0,1,21,72,3.5,3,6.662e-016,67.5,99.75,1.4988e-014
0,1,22,72,3.5,3,6.662e-016,67.5,96.25,1.4988e-014
0,1,22,73,3.5,3,6.661e-016,70.5,96.25,1.56541e-014
0,1,22,74,3.5,3,6.661e-016,73.5,96.25,1.63202e-014
0,1,21,74,3.5,3,6.661e-016,73.5,99.75,1.63202e-014
0,0,22,73,3.5,3,6.661e-016,70.5,96.25,1.56541e-014
0,1,21,74,3.5,3,6.661e-016,73.5,99.75,1.63202e-014
0,1,21,73,3.5,3,6.661e-016,70.5,99.75,1.56541e-014
0,1,21,72,3.5,3,6.662e-016,67.5,99.75,1.4988e-014
0,1,22,72,3.5,3,6.662e-016,67.5,96.25,1.4988e-014
0,1,23,72,3.5,3,6.662e-016,67.5,92.75,1.4988e-014
0,1,23,73,3.5,3,6.661e-016,70.5,92.75,1.56541e-014
0,1,23,74,3.5,3,6.661e-016,73.5,92.75,1.63202e-014
0,1,22,74,3.5,3,6.661e-016,73.5,96.25,1.63202e-014
0,0,23,73,3.5,3,6.661e-016,70.5,92.75,1.56541e-014
0,1,22,74,3.5,3,6.661e-016,73.5,96.25,1.63202e-014
0,1,22,73,3.5,3,6.661e-016,70.5,96.25,1.56541e-014
0,1,22,72,3.5,3,6.662e-016,67.5,96.25,1.4988e-014
0,1,23,72,3.5,3,6.662e-016,67.5,92.75,1.4988e-014
0,1,24,72,3.5,3,6.662e-016,67.5,89.25,1.4988e-014
0,1,24,73,3.5,3,6.661e-016,70.5,89.25,1.56541e-014
0,1,24,74,3.5,3,6.661e-016,73.5,89.25,1.63202e-014
0,1,23,74,3.5,3,6.661e-016,73.5,92.75,1.63202e-014
0,0,24,73,3.5,3,6.661e-016,70.5,89.25,1.56541e-014
0,1,23,74,3.5,3,6.661e-016,73.5,92.75,1.63202e-014
0,1,23,73,3.5,3,6.661e-016,70.5,92.75,1.56541e-014
0,1,23,72,3.5,3,6.662e-016,67.5,92.75,1.4988e-014
0,1,24,72,3.5,3,6.662e-016,67.5,89.25,1.4988e-014
0,1,25,72,3.5,3,6.662e-016,67.5,85.75,1.4988e-014
0,1,25,73,3.5,3,6.661e-016,70.5,85.75,1.56541e-014
0,1,25,74,3.5,3,6.661e-016,73.5,85.75,1.63202e-014
0,1,24,74,3.5,3,6.661e-016,73.5,89.25,1.63202e-014
0,0,25,73,3.5,3,6.661e-016,70.5,85.75,1.56541e-014
0,1,24,74,3.5,3,6.661e-016,73.5,89.25,1.63202e-014
0,1,24,73,3.5,3,6.661e-016,70.5,89.25,1.56541e-014
0,1,24,72,3.5,3,6.662e-016,67.5,89.25,1.4988e-014
0,1,25,72,3.5,3,6.662e-016,67.5,85.75,1.4988e-014
0,1,26,72,3.5,3,6.662e-016,67.5,82.25,1.4988e-014
0,1,26,73,3.5,3,6.661e-016,70.5,82.25,1.56541e-014
0,1,26,74,3.5,3,6.661e-016,73.5,82.25,1.63202e-014
0,1,25,74,3.5,3,6.661e-016,73.5,85.75,1.63202e-014
0,0,26,73,3.5,3,6.661e-016,70.5,82.25,1.56541e-014
0,1,25,74,3.5,3,6.661e-016,73.5,85.75,1.63202e-014
0,1,25,73,3.5,3,6.661e-016,70.5,85.75,1.56541e-014
0,1,25,72,3.5,3,6.662e-016,67.5,85.75,1.4988e-014
0,1,26,72,3.5,3,6.662e-016,67.5,82.25,1.4988e-014
0,1,27,72,3.5,3,6.662e-016,67.5,78.75,1.4988e-014
0,1,27,73,3.5,3,6.661e-016,70.5,78.75,1.56541e-014
0,1,27,74,3.5,3,6.661e-016,73.5,78.75,1.63202e-014
0,1,26,74,3.5,3,6.661e-016,73.5,82.25,1.63202e-014
0,0,27,73,3.5,3,6.661e-016,70.5,78.75,1.56541e-014
0,1,26,74,3.5,3,6.661e-016,73.5,82.25,1.63202e-014
0,1,26,73,3.5,3,6.661e-016,70.5,82.25,1.56541e-014
0,1,26,72,3.5,3,6.662e-016,67.5,82.25,1.4988e-014
0,1,27,72,3.5,3,6.662e-016,67.5,78.75,1.4988e-014
0,1,28,72,3.5,3,6.662e-016,67.5,75.25,1.4988e-014
0,1,28,73,3.5,3,6.661e-016,70.5,75.25,1.56541e-014
0,1,28,74,3.5,3,6.661e-016,73.5,75.25,1.63202e-014
0,1,27,74,3.5,3,6.661e-016,73.5,78.75,1.63202e-014
0,0,28,73,3.5,3,6.661e-016,70.5,75.25,1.56541e-014
0,1,27,74,3.5,3,6.661e-016,73.5,78.75,1.63202e-014
0,1,27,73,3.5,3,6.661e-016,70.5,78.75,1.56541e-014
0,1,27,72,3.5,3,6.662e-016,67.5,78.75,1.4988e-014
0,1,28,72,3.5,3,6.662e-016,67.5,75.25,1.4988e-014
1,1,0,0,0,0,0,0,0,0
1,1,0,0,0,0,0,0,0,0
1,1,0,0,0,0,0,0,0,0
0,1,28,74,3.5,3,6.661e-016,73.5,75.25,1.63202e-014
1,0,0,0,0,0,0,0,0,0
1,0,0,0,0,0,0,0,0,0
1,0,0,0,0,0,0,0,0,0
1,0,0,0,0,0,0,0,0,0
1,0,0,0,0,0,0,0,0,0
1,0,0,0,0,0,0,0,0,0
1,0,0,0,0,0,0,0,0,0
1,0,0,0,0,0,0,0,0,0
1,0,0,0,0,0,0,0,0,0
1,0,0,0,0,0,0,0,0,0
1,0,0,0,0,0,0,0,0,0
1,0,0,0,0,0,0,0,0,0
1,0,0,0,0,0,0,0,0,0
1,0,0,0,0,0,0,0,0,0
1,0,0,0,0,0,0,0,0,0
1,0,0,0,0,0,0,0,0,0
1,0,0,0,0,0,0,0,0,0
1,0,0,0,0,0,0,0,0,0
1,0,0,0,0,0,0,0,0,0
1,0,0,0,0,0,0,0,0,0
1,0,0,0,0,0,0,0,0,0
1,0,0,0,0,0,0,0,0,0
1,0,0,0,0,0,0,0,0,0
1,0,0,0,0,0,0,0,0,0
1,0,0,0,0,0,0,0,0,0
1,0,0,0,0,0,0,0,0,0
1,0,0,0,0,0,0,0,0,0
1,0,0,0,0,0,0,0,0,0
1,0,0,0,0,0,0,0,0,0
1,0,0,0,0,0,0,0,0,0
1,0,0,0,0,0,0,0,0,0
1,0,0,0,0,0,0,0,0,0
1,0,0,0,0,0,0,0,0,0
1,0,0,0,0,0,0,0,0,0
1,0,0,0,0,0,0,0,0,0
1,0,0,0,0,0,0,0,0,0
1,0,0,0,0,0,0,0,0,0
1,0,0,0,0,0,0,0,0,0
1,0,0,0,0,0,0,0,0,0
1,0,0,0,0,0,0,0,0,0
1,0,0,0,0,0,0,0,0,0
1,0,0,0,0,0,0,0,0,0
1,0,0,0,0,0,0,0,0,0
1,0,0,0,0,0,0,0,0,0
1,0,0,0,0,0,0,0,0,0
1,0,0,0,0,0,0,0,0,0
1,0,0,0,0,0,0,0,0,0
1,0,0,0,0,0,0,0,0,0
1,0,0,0,0,0,0,0,0,0
1,0,0,0,0,0,0,0,0,0
1,0,0,0,0,0,0,0,0,0
1,0,0,0,0,0,0,0,0,0
1,0,0,0,0,0,0,0,0,0
1,0,0,0,0,0,0,0,0,0
1,0,0,0,0,0,0,0,0,0
1,0,0,0,0,0,0,0,0,0
1,0,0,0,0,0,0,0,0,0
1,0,0,0,0,0,0,0,0,0
1,0,0,0,0,0,0,0,0,0
1,0,0,0,0,0,0,0,0,0
1,0,0,0,0,0,0,0,0,0
1,0,0,0,0,0,0,0,0,0
1,0,0,0,0,0,0,0,0,0
1,0,0,0,0,0,0,0,0,0
1,0,0,0,0,0,0,0,0,0
1,0,0,0,0,0,0,0,0,0
1,0,0,0,0,0,0,0,0,0
1,0,0,0,0,0,0,0,0,0
1,0,0,0,0,0,0,0,0,0
1,0,0,0,0,0,0,0,0,0
1,0,0,0,0,0,0,0,0,0
1,0,0,0,0,0,0,0,0,0
1,0,0,0,0,0,0,0,0,0
1,0,0,0,0,0,0,0,0,0
1,0,0,0,0,0,0,0,0,0
1,0,0,0,0,0,0,0,0,0
1,0,0,0,0,0,0,0,0,0
1,0,0,0,0,0,0,0,0,0
1,0,0,0,0,0,0,0,0,0
1,0,0,0,0,0,0,0,0,0
1,0,0,0,0,0,0,0,0,0
1,0,0,0,0,0,0,0,0,0
0,0,11,74,3.5,3,6.661e-016,73.5,134.75,1.63202e-014
1,1,0,0,0,0,0,0,0,0
1,1,0,0,0,0,0,0,0,0
1,1,0,0,0,0,0,0,0,0
0,1,11,73,3.5,3,6.661e-016,70.5,134.75,1.56541e-014
0,1,12,73,3.5,3,6.661e-016,70.5,131.25,1.56541e-014
0,1,12,74,3.5,3,6.661e-016,73.5,131.25,1.63202e-014
0,1,12,75,3.5,3,6.662e-016,76.5,131.25,1.69864e-014
0,1,11,75,3.5,3,6.662e-016,76.5,134.75,1.69864e-014
0,0,12,74,3.5,3,6.661e-016,73.5,131.25,1.63202e-014
0,1,11,75,3.5,3,6.662e-016,76.5,134.75,1.69864e-014
0,1,11,74,3.5,3,6.661e-016,73.5,134.75,1.63202e-014
0,1,11,73,3.5,3,6.661e-016,70.5,134.75,1.56541e-014
0,1,12,73,3.5,3,6.661e-016,70.5,131.25,1.56541e-014
0,1,13,73,3.5,3,6.661e-016,70.5,127.75,1.56541e-014
0,1,13,74,3.5,3,6.661e-016,73.5,127.75,1.63202e-014
0,1,13,75,3.5,3,6.662e-016,76.5,127.75,1.69864e-014
0,1,12,75,3.5,3,6.662e-016,76.5,131.25,1.69864e-014
0,0,13,74,3.5,3,6.661e-016,73.5,127.75,1.63202e-014
0,1,12,75,3.5,3,6.662e-016,76.5,131.25,1.69864e-014
0,1,12,74,3.5,3,6.661e-016,73.5,131.25,1.63202e-014
0,1,12,73,3.5,3,6.661e-016,70.5,131.25,1.56541e-014
0,1,13,73,3.5,3,6.661e-016,70.5,127.75,1.56541e-014
0,1,14,73,3.5,3,6.661e-016,70.5,124.25,1.56541e-014
0,1,14,74,3.5,3,6.661e-016,73.5,124.25,1.63202e-014
0,1,14,75,3.5,3,6.662e-016,76.5,124.25,1.69864e-014
0,1,13,75,3.5,3,6.662e-016,76.5,127.75,1.69864e-014
0,0,14,74,3.5,3,6.661e-016,73.5,124.25,1.63202e-014
0,1,13,75,3.5,3,6.662e-016,76.5,127.75,1.69864e-014
0,1,13,74,3.5,3,6.661e-016,73.5,127.75,1.63202e-014
0,1,13,73,3.5,3,6.661e-016,70.5,127.75,1.56541e-014
0,1,14,73,3.5,3,6.661e-016,70.5,124.25,1.56541e-014
0,1,15,73,3.5,3,6.661e-016,70.5,120.75,1.56541e-014
0,1,15,74,3.5,3,6.661e-016,73.5,120.75,1.63202e-014
0,1,15,75,3.5,3,6.662e-016,76.5,120.75,1.69864e-014
0,1,14,75,3.5,3,6.662e-016,76.5,124.25,1.69864e-014
0,0,15,74,3.5,3,6.661e-016,73.5,120.75,1.63202e-014
0,1,14,75,3.5,3,6.662e-016,76.5,124.25,1.69864e-014
0,1,14,74,3.5,3,6.661e-016,73.5,124.25,1.63202e-014
0,1,14,73,3.5,3,6.661e-016,70.5,124.25,1.56541e-014
0,1,15,73,3.5,3,6.661e-016,70.5,120.75,1.56541e-014
0,1,16,73,3.5,3,6.661e-016,70.5,117.25,1.56541e-014
0,1,16,74,3.5,3,6.661e-016,73.5,117.25,1.63202e-014
0,1,16,75,3.5,3,6.662e-016,76.5,117.25,1.69864e-014
0,1,15,75,3.5,3,6.662e-016,76.5,120.75,1.69864e-014
0,0,16,74,3.5,3,6.661e-016,73.5,117.25,1.63202e-014
0,1,15,75,3.5,3,6.662e-016,76.5,120.75,1.69864e-014
0,1,15,74,3.5,3,6.661e-016,73.5,120.75,1.63202e-014
0,1,15,73,3.5,3,6.661e-016,70.5,120.75,1.56541e-014
0,1,16,73,3.5,3,6.661e-016,70.5,117.25,1.56541e-014
0,1,17,73,3.5,3,6.661e-016,70.5,113.75,1.56541e-014
0,1,17,74,3.5,3,6.661e-016,73.5,113.75,1.63202e-014
0,1,17,75,3.5,3,6.662e-016,76.5,113.75,1.69864e-014
0,1,16,75,3.5,3,6.662e-016,76.5,117.25,1.69864e-014
0,0,17,74,3.5,3,6.661e-016,73.5,113.75,1.63202e-014
0,1,16,75,3.5,3,6.662e-016,76.5,117.25,1.69864e-014
0,1,16,74,3.5,3,6.661e-016,73.5,117.25,1.63202e-014
0,1,16,73,3.5,3,6.661e-016,70.5,117.25,1.56541e-014
0,1,17,73,3.5,3,6.661e-016,70.5,113.75,1.56541e-014
0,1,18,73,3.5,3,6.661e-016,70.5,110.25,1.56541e-014
0,1,18,74,3.5,3,6.661e-016,73.5,110.25,1.63202e-014
0,1,18,75,3.5,3,6.662e-016,76.5,110.25,1.69864e-014
0,1,17,75,3.5,3,6.662e-016,76.5,113.75,1.69864e-014
0,0,18,74,3.5,3,6.661e-016,73.5,110.25,1.63202e-014
0,1,17,75,3.5,3,6.662e-016,76.5,113.75,1.69864e-014
0,1,17,74,3.5,3,6.661e-016,73.5,113.75,1.63202e-014
0,1,17,73,3.5,3,6.661e-016,70.5,113.75,1.56541e-014
0,1,18,73,3.5,3,6.661e-016,70.5,110.25,1.56541e-014
0,1,19,73,3.5,3,6.661e-016,70.5,106.75,1.56541e-014
0,1,19,74,3.5,3,6.661e-016,73.5,106.75,1.63202e-014
0,1,19,75,3.5,3,6.662e-016,76.5,106.75,1.69864e-014
0,1,18,75,3.5,3,6.662e-016,76.5,110.25,1.69864e-014
0,0,19,74,3.5,3,6.661e-016,73.5,106.75,1.63202e-014
0,1,18,75,3.5,3,6.662e-016,76.5,110.25,1.69864e-014
0,1,18,74,3.5,3,6.661e-016,73.5,110.25,1.63202e-014
0,1,18,73,3.5,3,6.661e-016,70.5,110.25,1.56541e-014
0,1,19,73,3.5,3,6.661e-016,70.5,106.75,1.56541e-014
0,1,20,73,3.5,3,6.661e-016,70.5,103.25,1.56541e-014
0,1,20,74,3.5,3,6.661e-016,73.5,103.25,1.63202e-014
0,1,20,75,3.5,3,6.662e-016,76.5,103.25,1.69864e-014
0,1,19,75,3.5,3,6.662e-016,76.5,106.75,1.69864e-014
0,0,20,74,3.5,3,6.661e-016,73.5,103.25,1.63202e-014
0,1,19,75,3.5,3,6.662e-016,76.5,106.75,1.69864e-014
0,1,19,74,3.5,3,6.661e-016,73.5,106.75,1.63202e-014
0,1,19,73,3.5,3,6.661e-016,70.5,106.75,1.56541e-014
0,1,20,73,3.5,3,6.661e-016,70.5,103.25,1.56541e-014
0,1,21,73,3.5,3,6.661e-016,70.5,99.75,1.56541e-014
0,1,21,74,3.5,3,6.661e-016,73.5,99.75,1.63202e-014
0,1,21,75,3.5,3,6.662e-016,76.5,99.75,1.69864e-014
0,1,20,75,3.5,3,6.662e-016,76.5,103.25,1.69864e-014
0,0,21,74,3.5,3,6.661e-016,73.5,99.75,1.63202e-014
0,1,20,75,3.5,3,6.662e-016,76.5,103.25,1.69864e-014
0,1,20,74,3.5,3,6.661e-016,73.5,103.25,1.63202e-014
0,1,20,73,3.5,3,6.661e-016,70.5,103.25,1.56541e-014
0,1,21,73,3.5,3,6.661e-016,70.5,99.75,1.56541e-014
0,1,22,73,3.5,3,6.661e-016,70.5,96.25,1.56541e-014
0,1,22,74,3.5,3,6.661e-016,73.5,96.25,1.63202e-014
0,1,22,75,3.5,3,6.662e-016,76.5,96.25,1.69864e-014
0,1,21,75,3.5,3,6.662e-016,76.5,99.75,1.69864e-014
0,0,22,74,3.5,3,6.661e-016,73.5,96.25,1.63202e-014
0,1,21,75,3.5,3,6.662e-016,76.5,99.75,1.69864e-014
0,1,21,74,3.5,3,6.661e-016,73.5,99.75,1.63202e-014
0,1,21,73,3.5,3,6.661e-016,70.5,99.75,1.56541e-014
0,1,22,73,3.5,3,6.661e-016,70.5,96.25,1.56541e-014
0,1,23,73,3.5,3,6.661e-016,70.5,92.75,1.56541e-014
0,1,23,74,3.5,3,6.661e-016,73.5,92.75,1.63202e-014
0,1,23,75,3.5,3,6.662e-016,76.5,92.75,1.69864e-014
0,1,22,75,3.5,3,6.662e-016,76.5,96.25,1.69864e-014
0,0,23,74,3.5,3,6.661e-016,73.5,92.75,1.63202e-014
0,1,22,75,3.5,3,6.662e-016,76.5,96.25,1.69864e-014
0,1,22,74,3.5,3,6.661e-016,73.5,96.25,1.63202e-014
0,1,22,73,3.5,3,6.661e-016,70.5,96.25,1.56541e-014
0,1,23,73,3.5,3,6.661e-016,70.5,92.75,1.56541e-014
0,1,24,73,3.5,3,6.661e-016,70.5,89.25,1.56541e-014
0,1,24,74,3.5,3,6.661e-016,73.5,89.25,1.63202e-014
0,1,24,75,3.5,3,6.662e-016,76.5,89.25,1.69864e-014
0,1,23,75,3.5,3,6.662e-016,76.5,92.75,1.69864e-014
0,0,24,74,3.5,3,6.661e-016,73.5,89.25,1.63202e-014
0,1,23,75,3.5,3,6.662e-016,76.5,92.75,1.69864e-014
0,1,23,74,3.5,3,6.661e-016,73.5,92.75,1.63202e-014
0,1,23,73,3.5,3,6.661e-016,70.5,92.75,1.56541e-014
0,1,24,73,3.5,3,6.661e-016,70.5,89.25,1.56541e-014
0,1,25,73,3.5,3,6.661e-016,70.5,85.75,1.56541e-014
0,1,25,74,3.5,3,6.661e-016,73.5,85.75,1.63202e-014
0,1,25,75,3.5,3,6.662e-016,76.5,85.75,1.69864e-014
0,1,24,75,3.5,3,6.662e-016,76.5,89.25,1.69864e-014
0,0,25,74,3.5,3,6.661e-016,73.5,85.75,1.63202e-014
0,1,24,75,3.5,3,6.662e-016,76.5,89.25,1.69864e-014
0,1,24,74,3.5,3,6.661e-016,73.5,89.25,1.63202e-014
0,1,24,73,3.5,3,6.661e-016,70.5,89.25,1.56541e-014
0,1,25,73,3.5,3,6.661e-016,70.5,85.75,1.56541e-014
0,1,26,73,3.5,3,6.661e-016,70.5,82.25,1.56541e-014
0,1,26,74,3.5,3,6.661e-016,73.5,82.25,1.63202e-014
0,1,26,75,3.5,3,6.662e-016,76.5,82.25,1.69864e-014
0,1,25,75,3.5,3,6.662e-016,76.5,85.75,1.69864e-014
0,0,26,74,3.5,3,6.661e-016,73.5,82.25,1.63202e-014
0,1,25,75,3.5,3,6.662e-016,76.5,85.75,1.69864e-014
0,1,25,74,3.5,3,6.661e-016,73.5,85.75,1.63202e-014
0,1,25,73,3.5,3,6.661e-016,70.5,85.75,1.56541e-014
0,1,26,73,3.5,3,6.661e-016,70.5,82.25,1.56541e-014
0,1,27,73,3.5,3,6.661e-016,70.5,78.75,1.56541e-014
0,1,27,74,3.5,3,6.661e-016,73.5,78.75,1.63202e-014
0,1,27,75,3.5,3,6.662e-016,76.5,78.75,1.69864e-014
0,1,26,75,3.5,3,6.662e-016,76.5,82.25,1.69864e-014
0,0,27,74,3.5,3,6.661e-016,73.5,78.75,1.63202e-014
0,1,26,75,3.5,3,6.662e-016,76.5,82.25,1.69864e-014
0,1,26,74,3.5,3,6.661e-016,73.5,82.25,1.63202e-014
0,1,26,73,3.5,3,6.661e-016,70.5,82.25,1.56541e-014
0,1,27,73,3.5,3,6.661e-016,70.5,78.75,1.56541e-014
0,1,28,73,3.5,3,6.661e-016,70.5,75.25,1.56541e-014
0,1,28,74,3.5,3,6.661e-016,73.5,75.25,1.63202e-014
0,1,28,75,3.5,3,6.662e-016,76.5,75.25,1.69864e-014
0,1,27,75,3.5,3,6.662e-016,76.5,78.75,1.69864e-014
0,0,28,74,3.5,3,6.661e-016,73.5,75.25,1.63202e-014
0,1,27,75,3.5,3,6.662e-016,76.5,78.75,1.69864e-014
0,1,27,74,3.5,3,6.661e-016,73.5,78.75,1.63202e-014
0,1,27,73,3.5,3,6.661e-016,70.5,78.75,1.56541e-014
0,1,28,73,3.5,3,6.661e-016,70.5,75.25,1.56541e-014
1,1,0,0,0,0,0,0,0,0
1,1,0,0,0,0,0,0,0,0
1,1,0,0,0,0,0,0,0,0
0,1,28,75,3.5,3,6.662e-016,76.5,75.25,1.69864e-014
1,0,0,0,0,0,0,0,0,0
1,0,0,0,0,0,0,0,0,0
1,0,0,0,0,0,0,0,0,0
1,0,0,0,0,0,0,0,0,0
1,0,0,0,0,0,0,0,0,0
1,0,0,0,0,0,0,0,0,0
1,0,0,0,0,0,0,0,0,0
1,0,0,0,0,0,0,0,0,0
1,0,0,0,0,0,0,0,0,0
1,0,0,0,0,0,0,0,0,0
1,0,0,0,0,0,0,0,0,0
1,0,0,0,0,0,0,0,0,0
1,0,0,0,0,0,0,0,0,0
1,0,0,0,0,0,0,0,0,0
1,0,0,0,0,0,0,0,0,0
1,0,0,0,0,0,0,0,0,0
1,0,0,0,0,0,0,0,0,0
1,0,0,0,0,0,0,0,0,0
1,0,0,0,0,0,0,0,0,0
1,0,0,0,0,0,0,0,0,0
1,0,0,0,0,0,0,0,0,0
1,0,0,0,0,0,0,0,0,0
1,0,0,0,0,0,0,0,0,0
1,0,0,0,0,0,0,0,0,0
1,0,0,0,0,0,0,0,0,0
1,0,0,0,0,0,0,0,0,0
1,0,0,0,0,0,0,0,0,0
1,0,0,0,0,0,0,0,0,0
1,0,0,0,0,0,0,0,0,0
1,0,0,0,0,0,0,0,0,0
1,0,0,0,0,0,0,0,0,0
1,0,0,0,0,0,0,0,0,0
1,0,0,0,0,0,0,0,0,0
1,0,0,0,0,0,0,0,0,0
1,0,0,0,0,0,0,0,0,0
1,0,0,0,0,0,0,0,0,0
1,0,0,0,0,0,0,0,0,0
1,0,0,0,0,0,0,0,0,0
1,0,0,0,0,0,0,0,0,0
1,0,0,0,0,0,0,0,0,0
1,0,0,0,0,0,0,0,0,0
1,0,0,0,0,0,0,0,0,0
1,0,0,0,0,0,0,0,0,0
1,0,0,0,0,0,0,0,0,0
1,0,0,0,0,0,0,0,0,0
1,0,0,0,0,0,0,0,0,0
1,0,0,0,0,0,0,0,0,0
1,0,0,0,0,0,0,0,0,0
1,0,0,0,0,0,0,0,0,0
1,0,0,0,0,0,0,0,0,0
1,0,0,0,0,0,0,0,0,0
1,0,0,0,0,0,0,0,0,0
1,0,0,0,0,0,0,0,0,0
1,0,0,0,0,0,0,0,0,0
1,0,0,0,0,0,0,0,0,0
1,0,0,0,0,0,0,0,0,0
1,0,0,0,0,0,0,0,0,0
1,0,0,0,0,0,0,0,0,0
1,0,0,0,0,0,0,0,0,0
1,0,0,0,0,0,0,0,0,0
1,0,0,0,0,0,0,0,0,0
1,0,0,0,0,0,0,0,0,0
1,0,0,0,0,0,0,0,0,0
1,0,0,0,0,0,0,0,0,0
1,0,0,0,0,0,0,0,0,0
1,0,0,0,0,0,0,0,0,0
1,0,0,0,0,0,0,0,0,0
1,0,0,0,0,0,0,0,0,0
1,0,0,0,0,0,0,0,0,0
1,0,0,0,0,0,0,0,0,0
1,0,0,0,0,0,0,0,0,0
1,0,0,0,0,0,0,0,0,0
1,0,0,0,0,0,0,0,0,0
1,0,0,0,0,0,0,0,0,0
1,0,0,0,0,0,0,0,0,0
1,0,0,0,0,0,0,0,0,0
1,0,0,0,0,0,0,0,0,0
1,0,0,0,0,0,0,0,0,0
1,0,0,0,0,0,0,0,0,0
1,0,0,0,0,0,0,0,0,0
1,0,0,0,0,0,0,0,0,0
1,0,0,0,0,0,0,0,0,0
0,0,11,75,3.5,3,6.662e-016,76.5,134.75,1.69864e-014
1,1,0,0,0,0,0,0,0,0
1,1,0,0,0,0,0,0,0,0
1,1,0,0,0,0,0,0,0,0
0,1,11,74,3.5,3,6.661e-016,73.5,134.75,1.63202e-014
0,1,12,74,3.5,3,6.661e-016,73.5,131.25,1.63202e-014
0,1,12,75,3.5,3,6.662e-016,76.5,131.25,1.69864e-014
0,1,12,76,3.5,3,6.661e-016,79.5,131.25,1.76525e-014
0,1,11,76,3.5,3,6.661e-016,79.5,134.75,1.76525e-014
0,0,12,75,3.5,3,6.662e-016,76.5,131.25,1.69864e-014
0,1,11,76,3.5,3,6.661e-016,79.5,134.75,1.76525e-014
0,1,11,75,3.5,3,6.662e-016,76.5,134.75,1.69864e-014
0,1,11,74,3.5,3,6.661e-016,73.5,134.75,1.63202e-014
0,1,12,74,3.5,3,6.661e-016,73.5,131.25,1.63202e-014
0,1,13,74,3.5,3,6.661e-016,73.5,127.75,1.63202e-014
0,1,13,75,3.5,3,6.662e-016,76.5,127.75,1.69864e-014
0,1,13,76,3.5,3,6.661e-016,79.5,127.75,1.76525e-014
0,1,12,76,3.5,3,6.661e-016,79.5,131.25,1.76525e-014
0,0,13,75,3.5,3,6.662e-016,76.5,127.75,1.69864e-014
0,1,12,76,3.5,3,6.661e-016,79.5,131.25,1.76525e-014
0,1,12,75,3.5,3,6.662e-016,76.5,131.25,1.69864e-014
0,1,12,74,3.5,3,6.661e-016,73.5,131.25,1.63202e-014
0,1,13,74,3.5,3,6.661e-016,73.5,127.75,1.63202e-014
0,1,14,74,3.5,3,6.661e-016,73.5,124.25,1.63202e-014
0,1,14,75,3.5,3,6.662e-016,76.5,124.25,1.69864e-014
0,1,14,76,3.5,3,6.661e-016,79.5,124.25,1.76525e-014
0,1,13,76,3.5,3,6.661e-016,79.5,127.75,1.76525e-014
0,0,14,75,3.5,3,6.662e-016,76.5,124.25,1.69864e-014
0,1,13,76,3.5,3,6.661e-016,79.5,127.75,1.76525e-014
0,1,13,75,3.5,3,6.662e-016,76.5,127.75,1.69864e-014
0,1,13,74,3.5,3,6.661e-016,73.5,127.75,1.63202e-014
0,1,14,74,3.5,3,6.661e-016,73.5,124.25,1.63202e-014
0,1,15,74,3.5,3,6.661e-016,73.5,120.75,1.63202e-014
0,1,15,75,3.5,3,6.662e-016,76.5,120.75,1.69864e-014
0,1,15,76,3.5,3,6.661e-016,79.5,120.75,1.76525e-014
0,1,14,76,3.5,3,6.661e-016,79.5,124.25,1.76525e-014
0,0,15,75,3.5,3,6.662e-016,76.5,120.75,1.69864e-014
0,1,14,76,3.5,3,6.661e-016,79.5,124.25,1.76525e-014
0,1,14,75,3.5,3,6.662e-016,76.5,124.25,1.69864e-014
0,1,14,74,3.5,3,6.661e-016,73.5,124.25,1.63202e-014
0,1,15,74,3.5,3,6.661e-016,73.5,120.75,1.63202e-014
0,1,16,74,3.5,3,6.661e-016,73.5,117.25,1.63202e-014
0,1,16,75,3.5,3,6.662e-016,76.5,117.25,1.69864e-014
0,1,16,76,3.5,3,6.661e-016,79.5,117.25,1.76525e-014
0,1,15,76,3.5,3,6.661e-016,79.5,120.75,1.76525e-014
0,0,16,75,3.5,3,6.662e-016,76.5,117.25,1.69864e-014
0,1,15,76,3.5,3,6.661e-016,79.5,120.75,1.76525e-014
0,1,15,75,3.5,3,6.662e-016,76.5,120.75,1.69864e-014
0,1,15,74,3.5,3,6.661e-016,73.5,120.75,1.63202e-014
0,1,16,74,3.5,3,6.661e-016,73.5,117.25,1.63202e-014
0,1,17,74,3.5,3,6.661e-016,73.5,113.75,1.63202e-014
0,1,17,75,3.5,3,6.662e-016,76.5,113.75,1.69864e-014
0,1,17,76,3.5,3,6.661e-016,79.5,113.75,1.76525e-014
0,1,16,76,3.5,3,6.661e-016,79.5,117.25,1.76525e-014
0,0,17,75,3.5,3,6.662e-016,76.5,113.75,1.69864e-014
0,1,16,76,3.5,3,6.661e-016,79.5,117.25,1.76525e-014
0,1,16,75,3.5,3,6.662e-016,76.5,117.25,1.69864e-014
0,1,16,74,3.5,3,6.661e-016,73.5,117.25,1.63202e-014
0,1,17,74,3.5,3,6.661e-016,73.5,113.75,1.63202e-014
0,1,18,74,3.5,3,6.661e-016,73.5,110.25,1.63202e-014
0,1,18,75,3.5,3,6.662e-016,76.5,110.25,1.69864e-014
0,1,18,76,3.5,3,6.661e-016,79.5,110.25,1.76525e-014
0,1,17,76,3.5,3,6.661e-016,79.5,113.75,1.76525e-014
0,0,18,75,3.5,3,6.662e-016,76.5,110.25,1.69864e-014
0,1,17,76,3.5,3,6.661e-016,79.5,113.75,1.76525e-014
0,1,17,75,3.5,3,6.662e-016,76.5,113.75,1.69864e-014
0,1,17,74,3.5,3,6.661e-016,73.5,113.75,1.63202e-014
0,1,18,74,3.5,3,6.661e-016,73.5,110.25,1.63202e-014
0,1,19,74,3.5,3,6.661e-016,73.5,106.75,1.63202e-014
0,1,19,75,3.5,3,6.662e-016,76.5,106.75,1.69864e-014
0,1,19,76,3.5,3,6.661e-016,79.5,106.75,1.76525e-014
0,1,18,76,3.5,3,6.661e-016,79.5,110.25,1.76525e-014
0,0,19,75,3.5,3,6.662e-016,76.5,106.75,1.69864e-014
0,1,18,76,3.5,3,6.661e-016,79.5,110.25,1.76525e-014
0,1,18,75,3.5,3,6.662e-016,76.5,110.25,1.69864e-014
0,1,18,74,3.5,3,6.661e-016,73.5,110.25,1.63202e-014
0,1,19,74,3.5,3,6.661e-016,73.5,106.75,1.63202e-014
0,1,20,74,3.5,3,6.661e-016,73.5,103.25,1.63202e-014
0,1,20,75,3.5,3,6.662e-016,76.5,103.25,1.69864e-014
0,1,20,76,3.5,3,6.661e-016,79.5,103.25,1.76525e-014
0,1,19,76,3.5,3,6.661e-016,79.5,106.75,1.76525e-014
0,0,20,75,3.5,3,6.662e-016,76.5,103.25,1.69864e-014
0,1,19,76,3.5,3,6.661e-016,79.5,106.75,1.76525e-014
0,1,19,75,3.5,3,6.662e-016,76.5,106.75,1.69864e-014
0,1,19,74,3.5,3,6.661e-016,73.5,106.75,1.63202e-014
0,1,20,74,3.5,3,6.661e-016,73.5,103.25,1.63202e-014
0,1,21,74,3.5,3,6.661e-016,73.5,99.75,1.63202e-014
0,1,21,75,3.5,3,6.662e-016,76.5,99.75,1.69864e-014
0,1,21,76,3.5,3,6.661e-016,79.5,99.75,1.76525e-014
0,1,20,76,3.5,3,6.661e-016,79.5,103.25,1.76525e-014
0,0,21,75,3.5,3,6.662e-016,76.5,99.75,1.69864e-014
0,1,20,76,3.5,3,6.661e-016,79.5,103.25,1.76525e-014
0,1,20,75,3.5,3,6.662e-016,76.5,103.25,1.69864e-014
0,1,20,74,3.5,3,6.661e-016,73.5,103.25,1.63202e-014
0,1,21,74,3.5,3,6.661e-016,73.5,99.75,1.63202e-014
0,1,22,74,3.5,3,6.661e-016,73.5,96.25,1.63202e-014
0,1,22,75,3.5,3,6.662e-016,76.5,96.25,1.69864e-014
0,1,22,76,3.5,3,6.661e-016,79.5,96.25,1.76525e-014
0,1,21,76,3.5,3,6.661e-016,79.5,99.75,1.76525e-014
0,0,22,75,3.5,3,6.662e-016,76.5,96.25,1.69864e-014
0,1,21,76,3.5,3,6.661e-016,79.5,99.75,1.76525e-014
0,1,21,75,3.5,3,6.662e-016,76.5,99.75,1.69864e-014
0,1,21,74,3.5,3,6.661e-016,73.5,99.75,1.63202e-014
0,1,22,74,3.5,3,6.661e-016,73.5,96.25,1.63202e-014
0,1,23,74,3.5,3,6.661e-016,73.5,92.75,1.63202e-014
0,1,23,75,3.5,3,6.662e-016,76.5,92.75,1.69864e-014
0,1,23,76,3.5,3,6.661e-016,79.5,92.75,1.76525e-014
0,1,22,76,3.5,3,6.661e-016,79.5,96.25,1.76525e-014
0,0,23,75,3.5,3,6.662e-016,76.5,92.75,1.69864e-014
0,1,22,76,3.5,3,6.661e-016,79.5,96.25,1.76525e-014
0,1,22,75,3.5,3,6.662e-016,76.5,96.25,1.69864e-014
0,1,22,74,3.5,3,6.661e-016,73.5,96.25,1.63202e-014
0,1,23,74,3.5,3,6.661e-016,73.5,92.75,1.63202e-014
0,1,24,74,3.5,3,6.661e-016,73.5,89.25,1.63202e-014
0,1,24,75,3.5,3,6.662e-016,76.5,89.25,1.69864e-014
0,1,24,76,3.5,3,6.661e-016,79.5,89.25,1.76525e-014
0,1,23,76,3.5,3,6.661e-016,79.5,92.75,1.76525e-014
0,0,24,75,3.5,3,6.662e-016,76.5,89.25,1.69864e-014
0,1,23,76,3.5,3,6.661e-016,79.5,92.75,1.76525e-014
0,1,23,75,3.5,3,6.662e-016,76.5,92.75,1.69864e-014
0,1,23,74,3.5,3,6.661e-016,73.5,92.75,1.63202e-014
0,1,24,74,3.5,3,6.661e-016,73.5,89.25,1.63202e-014
0,1,25,74,3.5,3,6.661e-016,73.5,85.75,1.63202e-014
0,1,25,75,3.5,3,6.662e-016,76.5,85.75,1.69864e-014
0,1,25,76,3.5,3,6.661e-016,79.5,85.75,1.76525e-014
0,1,24,76,3.5,3,6.661e-016,79.5,89.25,1.76525e-014
0,0,25,75,3.5,3,6.662e-016,76.5,85.75,1.69864e-014
0,1,24,76,3.5,3,6.661e-016,79.5,89.25,1.76525e-014
0,1,24,75,3.5,3,6.662e-016,76.5,89.25,1.69864e-014
0,1,24,74,3.5,3,6.661e-016,73.5,89.25,1.63202e-014
0,1,25,74,3.5,3,6.661e-016,73.5,85.75,1.63202e-014
0,1,26,74,3.5,3,6.661e-016,73.5,82.25,1.63202e-014
0,1,26,75,3.5,3,6.662e-016,76.5,82.25,1.69864e-014
0,1,26,76,3.5,3,6.661e-016,79.5,82.25,1.76525e-014
0,1,25,76,3.5,3,6.661e-016,79.5,85.75,1.76525e-014
0,0,26,75,3.5,3,6.662e-016,76.5,82.25,1.69864e-014
0,1,25,76,3.5,3,6.661e-016,79.5,85.75,1.76525e-014
0,1,25,75,3.5,3,6.662e-016,76.5,85.75,1.69864e-014
0,1,25,74,3.5,3,6.661e-016,73.5,85.75,1.63202e-014
0,1,26,74,3.5,3,6.661e-016,73.5,82.25,1.63202e-014
0,1,27,74,3.5,3,6.661e-016,73.5,78.75,1.63202e-014
0,1,27,75,3.5,3,6.662e-016,76.5,78.75,1.69864e-014
0,1,27,76,3.5,3,6.661e-016,79.5,78.75,1.76525e-014
0,1,26,76,3.5,3,6.661e-016,79.5,82.25,1.76525e-014
0,0,27,75,3.5,3,6.662e-016,76.5,78.75,1.69864e-014
0,1,26,76,3.5,3,6.661e-016,79.5,82.25,1.76525e-014
0,1,26,75,3.5,3,6.662e-016,76.5,82.25,1.69864e-014
0,1,26,74,3.5,3,6.661e-016,73.5,82.25,1.63202e-014
0,1,27,74,3.5,3,6.661e-016,73.5,78.75,1.63202e-014
0,1,28,74,3.5,3,6.661e-016,73.5,75.25,1.63202e-014
0,1,28,75,3.5,3,6.662e-016,76.5,75.25,1.69864e-014
0,1,28,76,3.5,3,6.661e-016,79.5,75.25,1.76525e-014
0,1,27,76,3.5,3,6.661e-016,79.5,78.75,1.76525e-014
0,0,28,75,3.5,3,6.662e-016,76.5,75.25,1.69864e-014
0,1,27,76,3.5,3,6.661e-016,79.5,78.75,1.76525e-014
0,1,27,75,3.5,3,6.662e-016,76.5,78.75,1.69864e-014
0,1,27,74,3.5,3,6.661e-016,73.5,78.75,1.63202e-014
0,1,28,74,3.5,3,6.661e-016,73.5,75.25,1.63202e-014
1,1,0,0,0,0,0,0,0,0
1,1,0,0,0,0,0,0,0,0
1,1,0,0,0,0,0,0,0,0
0,1,28,76,3.5,3,6.661e-016,79.5,75.25,1.76525e-014
1,0,0,0,0,0,0,0,0,0
1,0,0,0,0,0,0,0,0,0
1,0,0,0,0,0,0,0,0,0
1,0,0,0,0,0,0,0,0,0
1,0,0,0,0,0,0,0,0,0
1,0,0,0,0,0,0,0,0,0
1,0,0,0,0,0,0,0,0,0
1,0,0,0,0,0,0,0,0,0
1,0,0,0,0,0,0,0,0,0
1,0,0,0,0,0,0,0,0,0
1,0,0,0,0,0,0,0,0,0
1,0,0,0,0,0,0,0,0,0
1,0,0,0,0,0,0,0,0,0
1,0,0,0,0,0,0,0,0,0
1,0,0,0,0,0,0,0,0,0
1,0,0,0,0,0,0,0,0,0
1,0,0,0,0,0,0,0,0,0
1,0,0,0,0,0,0,0,0,0
1,0,0,0,0,0,0,0,0,0
1,0,0,0,0,0,0,0,0,0
1,0,0,0,0,0,0,0,0,0
1,0,0,0,0,0,0,0,0,0
1,0,0,0,0,0,0,0,0,0
1,0,0,0,0,0,0,0,0,0
1,0,0,0,0,0,0,0,0,0
1,0,0,0,0,0,0,0,0,0
1,0,0,0,0,0,0,0,0,0
1,0,0,0,0,0,0,0,0,0
1,0,0,0,0,0,0,0,0,0
1,0,0,0,0,0,0,0,0,0
1,0,0,0,0,0,0,0,0,0
1,0,0,0,0,0,0,0,0,0
1,0,0,0,0,0,0,0,0,0
1,0,0,0,0,0,0,0,0,0
1,0,0,0,0,0,0,0,0,0
1,0,0,0,0,0,0,0,0,0
1,0,0,0,0,0,0,0,0,0
1,0,0,0,0,0,0,0,0,0
1,0,0,0,0,0,0,0,0,0
1,0,0,0,0,0,0,0,0,0
1,0,0,0,0,0,0,0,0,0
1,0,0,0,0,0,0,0,0,0
1,0,0,0,0,0,0,0,0,0
1,0,0,0,0,0,0,0,0,0
1,0,0,0,0,0,0,0,0,0
1,0,0,0,0,0,0,0,0,0
1,0,0,0,0,0,0,0,0,0
1,0,0,0,0,0,0,0,0,0
1,0,0,0,0,0,0,0,0,0
1,0,0,0,0,0,0,0,0,0
1,0,0,0,0,0,0,0,0,0
1,0,0,0,0,0,0,0,0,0
1,0,0,0,0,0,0,0,0,0
1,0,0,0,0,0,0,0,0,0
1,0,0,0,0,0,0,0,0,0
1,0,0,0,0,0,0,0,0,0
1,0,0,0,0,0,0,0,0,0
1,0,0,0,0,0,0,0,0,0
1,0,0,0,0,0,0,0,0,0
1,0,0,0,0,0,0,0,0,0
1,0,0,0,0,0,0,0,0,0
1,0,0,0,0,0,0,0,0,0
1,0,0,0,0,0,0,0,0,0
1,0,0,0,0,0,0,0,0,0
1,0,0,0,0,0,0,0,0,0
1,0,0,0,0,0,0,0,0,0
1,0,0,0,0,0,0,0,0,0
1,0,0,0,0,0,0,0,0,0
1,0,0,0,0,0,0,0,0,0
1,0,0,0,0,0,0,0,0,0
1,0,0,0,0,0,0,0,0,0
1,0,0,0,0,0,0,0,0,0
1,0,0,0,0,0,0,0,0,0
1,0,0,0,0,0,0,0,0,0
1,0,0,0,0,0,0,0,0,0
1,0,0,0,0,0,0,0,0,0
1,0,0,0,0,0,0,0,0,0
1,0,0,0,0,0,0,0,0,0
1,0,0,0,0,0,0,0,0,0
1,0,0,0,0,0,0,0,0,0
1,0,0,0,0,0,0,0,0,0
1,0,0,0,0,0,0,0,0,0
0,0,11,76,3.5,3,6.661e-016,79.5,134.75,1.76525e-014
1,1,0,0,0,0,0,0,0,0
1,1,0,0,0,0,0,0,0,0
1,1,0,0,0,0,0,0,0,0
0,1,11,75,3.5,3,6.662e-016,76.5,134.75,1.69864e-014
0,1,12,75,3.5,3,6.662e-016,76.5,131.25,1.69864e-014
0,1,12,76,3.5,3,6.661e-016,79.5,131.25,1.76525e-014
1,1,0,0,0,0,0,0,0,0
1,1,0,0,0,0,0,0,0,0
0,0,12,76,3.5,3,6.661e-016,79.5,131.25,1.76525e-014
1,1,0,0,0,0,0,0,0,0
0,1,11,76,3.5,3,6.661e-016,79.5,134.75,1.76525e-014
0,1,11,75,3.5,3,6.662e-016,76.5,134.75,1.69864e-014
0,1,12,75,3.5,3,6.662e-016,76.5,131.25,1.69864e-014
0,1,13,75,3.5,3,6.662e-016,76.5,127.75,1.69864e-014
0,1,13,76,3.5,3,6.661e-016,79.5,127.75,1.76525e-014
1,1,0,0,0,0,0,0,0,0
1,1,0,0,0,0,0,0,0,0
0,0,13,76,3.5,3,6.661e-016,79.5,127.75,1.76525e-014
1,1,0,0,0,0,0,0,0,0
0,1,12,76,3.5,3,6.661e-016,79.5,131.25,1.76525e-014
0,1,12,75,3.5,3,6.662e-016,76.5,131.25,1.69864e-014
0,1,13,75,3.5,3,6.662e-016,76.5,127.75,1.69864e-014
0,1,14,75,3.5,3,6.662e-016,76.5,124.25,1.69864e-014
0,1,14,76,3.5,3,6.661e-016,79.5,124.25,1.76525e-014
1,1,0,0,0,0,0,0,0,0
1,1,0,0,0,0,0,0,0,0
0,0,14,76,3.5,3,6.661e-016,79.5,124.25,1.76525e-014
1,1,0,0,0,0,0,0,0,0
0,1,13,76,3.5,3,6.661e-016,79.5,127.75,1.76525e-014
0,1,13,75,3.5,3,6.662e-016,76.5,127.75,1.69864e-014
0,1,14,75,3.5,3,6.662e-016,76.5,124.25,1.69864e-014
0,1,15,75,3.5,3,6.662e-016,76.5,120.75,1.69864e-014
0,1,15,76,3.5,3,6.661e-016,79.5,120.75,1.76525e-014
1,1,0,0,0,0,0,0,0,0
1,1,0,0,0,0,0,0,0,0
0,0,15,76,3.5,3,6.661e-016,79.5,120.75,1.76525e-014
1,1,0,0,0,0,0,0,0,0
0,1,14,76,3.5,3,6.661e-016,79.5,124.25,1.76525e-014
0,1,14,75,3.5,3,6.662e-016,76.5,124.25,1.69864e-014
0,1,15,75,3.5,3,6.662e-016,76.5,120.75,1.69864e-014
0,1,16,75,3.5,3,6.662e-016,76.5,117.25,1.69864e-014
0,1,16,76,3.5,3,6.661e-016,79.5,117.25,1.76525e-014
1,1,0,0,0,0,0,0,0,0
1,1,0,0,0,0,0,0,0,0
0,0,16,76,3.5,3,6.661e-016,79.5,117.25,1.76525e-014
1,1,0,0,0,0,0,0,0,0
0,1,15,76,3.5,3,6.661e-016,79.5,120.75,1.76525e-014
0,1,15,75,3.5,3,6.662e-016,76.5,120.75,1.69864e-014
0,1,16,75,3.5,3,6.662e-016,76.5,117.25,1.69864e-014
0,1,17,75,3.5,3,6.662e-016,76.5,113.75,1.69864e-014
0,1,17,76,3.5,3,6.661e-016,79.5,113.75,1.76525e-014
1,1,0,0,0,0,0,0,0,0
1,1,0,0,0,0,0,0,0,0
0,0,17,76,3.5,3,6.661e-016,79.5,113.75,1.76525e-014
1,1,0,0,0,0,0,0,0,0
0,1,16,76,3.5,3,6.661e-016,79.5,117.25,1.76525e-014
0,1,16,75,3.5,3,6.662e-016,76.5,117.25,1.69864e-014
0,1,17,75,3.5,3,6.662e-016,76.5,113.75,1.69864e-014
0,1,18,75,3.5,3,6.662e-016,76.5,110.25,1.69864e-014
0,1,18,76,3.5,3,6.661e-016,79.5,110.25,1.76525e-014
1,1,0,0,0,0,0,0,0,0
1,1,0,0,0,0,0,0,0,0
0,0,18,76,3.5,3,6.661e-016,79.5,110.25,1.76525e-014
1,1,0,0,0,0,0,0,0,0
0,1,17,76,3.5,3,6.661e-016,79.5,113.75,1.76525e-014
0,1,17,75,3.5,3,6.662e-016,76.5,113.75,1.69864e-014
0,1,18,75,3.5,3,6.662e-016,76.5,110.25,1.69864e-014
0,1,19,75,3.5,3,6.662e-016,76.5,106.75,1.69864e-014
0,1,19,76,3.5,3,6.661e-016,79.5,106.75,1.76525e-014
0,1,19,77,3.5,3,6.661e-016,82.5,106.75,1.83186e-014
1,1,0,0,0,0,0,0,0,0
0,0,19,76,3.5,3,6.661e-016,79.5,106.75,1.76525e-014
1,1,0,0,0,0,0,0,0,0
0,1,18,76,3.5,3,6.661e-016,79.5,110.25,1.76525e-014
0,1,18,75,3.5,3,6.662e-016,76.5,110.25,1.69864e-014
0,1,19,75,3.5,3,6.662e-016,76.5,106.75,1.69864e-014
0,1,20,75,3.5,3,6.662e-016,76.5,103.25,1.69864e-014
0,1,20,76,3.5,3,6.661e-016,79.5,103.25,1.76525e-014
0,1,20,77,3.5,3,6.661e-016,82.5,103.25,1.83186e-014
0,1,19,77,3.5,3,6.661e-016,82.5,106.75,1.83186e-014
0,0,20,76,3.5,3,6.661e-016,79.5,103.25,1.76525e-014
0,1,19,77,3.5,3,6.661e-016,82.5,106.75,1.83186e-014
0,1,19,76,3.5,3,6.661e-016,79.5,106.75,1.76525e-014
0,1,19,75,3.5,3,6.662e-016,76.5,106.75,1.69864e-014
0,1,20,75,3.5,3,6.662e-016,76.5,103.25,1.69864e-014
0,1,21,75,3.5,3,6.662e-016,76.5,99.75,1.69864e-014
0,1,21,76,3.5,3,6.661e-016,79.5,99.75,1.76525e-014
0,1,21,77,3.5,3,6.661e-016,82.5,99.75,1.83186e-014
0,1,20,77,3.5,3,6.661e-016,82.5,103.25,1.83186e-014
0,0,21,76,3.5,3,6.661e-016,79.5,99.75,1.76525e-014
0,1,20,77,3.5,3,6.661e-016,82.5,103.25,1.83186e-014
0,1,20,76,3.5,3,6.661e-016,79.5,103.25,1.76525e-014
0,1,20,75,3.5,3,6.662e-016,76.5,103.25,1.69864e-014
0,1,21,75,3.5,3,6.662e-016,76.5,99.75,1.69864e-014
0,1,22,75,3.5,3,6.662e-016,76.5,96.25,1.69864e-014
0,1,22,76,3.5,3,6.661e-016,79.5,96.25,1.76525e-014
0,1,22,77,3.5,3,6.661e-016,82.5,96.25,1.83186e-014
0,1,21,77,3.5,3,6.661e-016,82.5,99.75,1.83186e-014
0,0,22,76,3.5,3,6.661e-016,79.5,96.25,1.76525e-014
0,1,21,77,3.5,3,6.661e-016,82.5,99.75,1.83186e-014
0,1,21,76,3.5,3,6.661e-016,79.5,99.75,1.76525e-014
0,1,21,75,3.5,3,6.662e-016,76.5,99.75,1.69864e-014
0,1,22,75,3.5,3,6.662e-016,76.5,96.25,1.69864e-014
0,1,23,75,3.5,3,6.662e-016,76.5,92.75,1.69864e-014
0,1,23,76,3.5,3,6.661e-016,79.5,92.75,1.76525e-014
0,1,23,77,3.5,3,6.661e-016,82.5,92.75,1.83186e-014
0,1,22,77,3.5,3,6.661e-016,82.5,96.25,1.83186e-014
0,0,23,76,3.5,3,6.661e-016,79.5,92.75,1.76525e-014
0,1,22,77,3.5,3,6.661e-016,82.5,96.25,1.83186e-014
0,1,22,76,3.5,3,6.661e-016,79.5,96.25,1.76525e-014
0,1,22,75,3.5,3,6.662e-016,76.5,96.25,1.69864e-014
0,1,23,75,3.5,3,6.662e-016,76.5,92.75,1.69864e-014
0,1,24,75,3.5,3,6.662e-016,76.5,89.25,1.69864e-014
0,1,24,76,3.5,3,6.661e-016,79.5,89.25,1.76525e-014
0,1,24,77,3.5,3,6.661e-016,82.5,89.25,1.83186e-014
0,1,23,77,3.5,3,6.661e-016,82.5,92.75,1.83186e-014
0,0,24,76,3.5,3,6.661e-016,79.5,89.25,1.76525e-014
0,1,23,77,3.5,3,6.661e-016,82.5,92.75,1.83186e-014
0,1,23,76,3.5,3,6.661e-016,79.5,92.75,1.76525e-014
0,1,23,75,3.5,3,6.662e-016,76.5,92.75,1.69864e-014
0,1,24,75,3.5,3,6.662e-016,76.5,89.25,1.69864e-014
0,1,25,75,3.5,3,6.662e-016,76.5,85.75,1.69864e-014
0,1,25,76,3.5,3,6.661e-016,79.5,85.75,1.76525e-014
0,1,25,77,3.5,3,6.661e-016,82.5,85.75,1.83186e-014
0,1,24,77,3.5,3,6.661e-016,82.5,89.25,1.83186e-014
0,0,25,76,3.5,3,6.661e-016,79.5,85.75,1.76525e-014
0,1,24,77,3.5,3,6.661e-016,82.5,89.25,1.83186e-014
0,1,24,76,3.5,3,6.661e-016,79.5,89.25,1.76525e-014
0,1,24,75,3.5,3,6.662e-016,76.5,89.25,1.69864e-014
0,1,25,75,3.5,3,6.662e-016,76.5,85.75,1.69864e-014
0,1,26,75,3.5,3,6.662e-016,76.5,82.25,1.69864e-014
0,1,26,76,3.5,3,6.661e-016,79.5,82.25,1.76525e-014
0,1,26,77,3.5,3,6.661e-016,82.5,82.25,1.83186e-014
0,1,25,77,3.5,3,6.661e-016,82.5,85.75,1.83186e-014
0,0,26,76,3.5,3,6.661e-016,79.5,82.25,1.76525e-014
0,1,25,77,3.5,3,6.661e-016,82.5,85.75,1.83186e-014
0,1,25,76,3.5,3,6.661e-016,79.5,85.75,1.76525e-014
0,1,25,75,3.5,3,6.662e-016,76.5,85.75,1.69864e-014
0,1,26,75,3.5,3,6.662e-016,76.5,82.25,1.69864e-014
0,1,27,75,3.5,3,6.662e-016,76.5,78.75,1.69864e-014
0,1,27,76,3.5,3,6.661e-016,79.5,78.75,1.76525e-014
0,1,27,77,3.5,3,6.661e-016,82.5,78.75,1.83186e-014
0,1,26,77,3.5,3,6.661e-016,82.5,82.25,1.83186e-014
0,0,27,76,3.5,3,6.661e-016,79.5,78.75,1.76525e-014
0,1,26,77,3.5,3,6.661e-016,82.5,82.25,1.83186e-014
0,1,26,76,3.5,3,6.661e-016,79.5,82.25,1.76525e-014
0,1,26,75,3.5,3,6.662e-016,76.5,82.25,1.69864e-014
0,1,27,75,3.5,3,6.662e-016,76.5,78.75,1.69864e-014
0,1,28,75,3.5,3,6.662e-016,76.5,75.25,1.69864e-014
0,1,28,76,3.5,3,6.661e-016,79.5,75.25,1.76525e-014
0,1,28,77,3.5,3,6.661e-016,82.5,75.25,1.83186e-014
0,1,27,77,3.5,3,6.661e-016,82.5,78.75,1.83186e-014
0,0,28,76,3.5,3,6.661e-016,79.5,75.25,1.76525e-014
0,1,27,77,3.5,3,6.661e-016,82.5,78.75,1.83186e-014
0,1,27,76,3.5,3,6.661e-016,79.5,78.75,1.76525e-014
0,1,27,75,3.5,3,6.662e-016,76.5,78.75,1.69864e-014
0,1,28,75,3.5,3,6.662e-016,76.5,75.25,1.69864e-014
1,1,0,0,0,0,0,0,0,0
1,1,0,0,0,0,0,0,0,0
1,1,0,0,0,0,0,0,0,0
0,1,28,77,3.5,3,6.661e-016,82.5,75.25,1.83186e-014
1,0,0,0,0,0,0,0,0,0
1,0,0,0,0,0,0,0,0,0
1,0,0,0,0,0,0,0,0,0
1,0,0,0,0,0,0,0,0,0
1,0,0,0,0,0,0,0,0,0
1,0,0,0,0,0,0,0,0,0
1,0,0,0,0,0,0,0,0,0
1,0,0,0,0,0,0,0,0,0
1,0,0,0,0,0,0,0,0,0
1,0,0,0,0,0,0,0,0,0
1,0,0,0,0,0,0,0,0,0
1,0,0,0,0,0,0,0,0,0
1,0,0,0,0,0,0,0,0,0
1,0,0,0,0,0,0,0,0,0
1,0,0,0,0,0,0,0,0,0
1,0,0,0,0,0,0,0,0,0
1,0,0,0,0,0,0,0,0,0
1,0,0,0,0,0,0,0,0,0
1,0,0,0,0,0,0,0,0,0
1,0,0,0,0,0,0,0,0,0
1,0,0,0,0,0,0,0,0,0
1,0,0,0,0,0,0,0,0,0
1,0,0,0,0,0,0,0,0,0
1,0,0,0,0,0,0,0,0,0
1,0,0,0,0,0,0,0,0,0
1,0,0,0,0,0,0,0,0,0
1,0,0,0,0,0,0,0,0,0
1,0,0,0,0,0,0,0,0,0
1,0,0,0,0,0,0,0,0,0
1,0,0,0,0,0,0,0,0,0
1,0,0,0,0,0,0,0,0,0
1,0,0,0,0,0,0,0,0,0
1,0,0,0,0,0,0,0,0,0
1,0,0,0,0,0,0,0,0,0
1,0,0,0,0,0,0,0,0,0
1,0,0,0,0,0,0,0,0,0
1,0,0,0,0,0,0,0,0,0
1,0,0,0,0,0,0,0,0,0
1,0,0,0,0,0,0,0,0,0
1,0,0,0,0,0,0,0,0,0
1,0,0,0,0,0,0,0,0,0
1,0,0,0,0,0,0,0,0,0
1,0,0,0,0,0,0,0,0,0
1,0,0,0,0,0,0,0,0,0
1,0,0,0,0,0,0,0,0,0
1,0,0,0,0,0,0,0,0,0
1,0,0,0,0,0,0,0,0,0
1,0,0,0,0,0,0,0,0,0
1,0,0,0,0,0,0,0,0,0
1,0,0,0,0,0,0,0,0,0
1,0,0,0,0,0,0,0,0,0
1,0,0,0,0,0,0,0,0,0
1,0,0,0,0,0,0,0,0,0
1,0,0,0,0,0,0,0,0,0
1,0,0,0,0,0,0,0,0,0
1,0,0,0,0,0,0,0,0,0
1,0,0,0,0,0,0,0,0,0
1,0,0,0,0,0,0,0,0,0
1,0,0,0,0,0,0,0,0,0
1,0,0,0,0,0,0,0,0,0
1,0,0,0,0,0,0,0,0,0
1,0,0,0,0,0,0,0,0,0
1,0,0,0,0,0,0,0,0,0
1,0,0,0,0,0,0,0,0,0
1,0,0,0,0,0,0,0,0,0
1,0,0,0,0,0,0,0,0,0
1,0,0,0,0,0,0,0,0,0
1,0,0,0,0,0,0,0,0,0
1,0,0,0,0,0,0,0,0,0
1,0,0,0,0,0,0,0,0,0
1,0,0,0,0,0,0,0,0,0
1,0,0,0,0,0,0,0,0,0
1,0,0,0,0,0,0,0,0,0
1,0,0,0,0,0,0,0,0,0
1,0,0,0,0,0,0,0,0,0
1,0,0,0,0,0,0,0,0,0
1,0,0,0,0,0,0,0,0,0
1,0,0,0,0,0,0,0,0,0
1,0,0,0,0,0,0,0,0,0
1,0,0,0,0,0,0,0,0,0
1,0,0,0,0,0,0,0,0,0
1,0,0,0,0,0,0,0,0,0
1,0,0,0,0,0,0,0,0,0
1,0,0,0,0,0,0,0,0,0
1,0,0,0,0,0,0,0,0,0
1,0,0,0,0,0,0,0,0,0
1,0,0,0,0,0,0,0,0,0
1,0,0,0,0,0,0,0,0,0
1,0,0,0,0,0,0,0,0,0
1,0,0,0,0,0,0,0,0,0
0,0,19,77,3.5,3,6.661e-016,82.5,106.75,1.83186e-014
1,1,0,0,0,0,0,0,0,0
1,1,0,0,0,0,0,0,0,0
0,1,18,76,3.5,3,6.661e-016,79.5,110.25,1.76525e-014
0,1,19,76,3.5,3,6.661e-016,79.5,106.75,1.76525e-014
0,1,20,76,3.5,3,6.661e-016,79.5,103.25,1.76525e-014
0,1,20,77,3.5,3,6.661e-016,82.5,103.25,1.83186e-014
0,1,20,78,3.5,3,6.662e-016,85.5,103.25,1.89848e-014
0,1,19,78,3.5,3,6.662e-016,85.5,106.75,1.89848e-014
0,0,20,77,3.5,3,6.661e-016,82.5,103.25,1.83186e-014
0,1,19,78,3.5,3,6.662e-016,85.5,106.75,1.89848e-014
0,1,19,77,3.5,3,6.661e-016,82.5,106.75,1.83186e-014
0,1,19,76,3.5,3,6.661e-016,79.5,106.75,1.76525e-014
0,1,20,76,3.5,3,6.661e-016,79.5,103.25,1.76525e-014
0,1,21,76,3.5,3,6.661e-016,79.5,99.75,1.76525e-014
0,1,21,77,3.5,3,6.661e-016,82.5,99.75,1.83186e-014
0,1,21,78,3.5,3,6.662e-016,85.5,99.75,1.89848e-014
0,1,20,78,3.5,3,6.662e-016,85.5,103.25,1.89848e-014
0,0,21,77,3.5,3,6.661e-016,82.5,99.75,1.83186e-014
0,1,20,78,3.5,3,6.662e-016,85.5,103.25,1.89848e-014
0,1,20,77,3.5,3,6.661e-016,82.5,103.25,1.83186e-014
0,1,20,76,3.5,3,6.661e-016,79.5,103.25,1.76525e-014
0,1,21,76,3.5,3,6.661e-016,79.5,99.75,1.76525e-014
0,1,22,76,3.5,3,6.661e-016,79.5,96.25,1.76525e-014
0,1,22,77,3.5,3,6.661e-016,82.5,96.25,1.83186e-014
0,1,22,78,3.5,3,6.662e-016,85.5,96.25,1.89848e-014
0,1,21,78,3.5,3,6.662e-016,85.5,99.75,1.89848e-014
0,0,22,77,3.5,3,6.661e-016,82.5,96.25,1.83186e-014
0,1,21,78,3.5,3,6.662e-016,85.5,99.75,1.89848e-014
0,1,21,77,3.5,3,6.661e-016,82.5,99.75,1.83186e-014
0,1,21,76,3.5,3,6.661e-016,79.5,99.75,1.76525e-014
0,1,22,76,3.5,3,6.661e-016,79.5,96.25,1.76525e-014
0,1,23,76,3.5,3,6.661e-016,79.5,92.75,1.76525e-014
0,1,23,77,3.5,3,6.661e-016,82.5,92.75,1.83186e-014
0,1,23,78,3.5,3,6.662e-016,85.5,92.75,1.89848e-014
0,1,22,78,3.5,3,6.662e-016,85.5,96.25,1.89848e-014
0,0,23,77,3.5,3,6.661e-016,82.5,92.75,1.83186e-014
0,1,22,78,3.5,3,6.662e-016,85.5,96.25,1.89848e-014
0,1,22,77,3.5,3,6.661e-016,82.5,96.25,1.83186e-014
0,1,22,76,3.5,3,6.661e-016,79.5,96.25,1.76525e-014
0,1,23,76,3.5,3,6.661e-016,79.5,92.75,1.76525e-014
0,1,24,76,3.5,3,6.661e-016,79.5,89.25,1.76525e-014
0,1,24,77,3.5,3,6.661e-016,82.5,89.25,1.83186e-014
0,1,24,78,3.5,3,6.662e-016,85.5,89.25,1.89848e-014
0,1,23,78,3.5,3,6.662e-016,85.5,92.75,1.89848e-014
0,0,24,77,3.5,3,6.661e-016,82.5,89.25,1.83186e-014
0,1,23,78,3.5,3,6.662e-016,85.5,92.75,1.89848e-014
0,1,23,77,3.5,3,6.661e-016,82.5,92.75,1.83186e-014
0,1,23,76,3.5,3,6.661e-016,79.5,92.75,1.76525e-014
0,1,24,76,3.5,3,6.661e-016,79.5,89.25,1.76525e-014
0,1,25,76,3.5,3,6.661e-016,79.5,85.75,1.76525e-014
0,1,25,77,3.5,3,6.661e-016,82.5,85.75,1.83186e-014
0,1,25,78,3.5,3,6.662e-016,85.5,85.75,1.89848e-014
0,1,24,78,3.5,3,6.662e-016,85.5,89.25,1.89848e-014
0,0,25,77,3.5,3,6.661e-016,82.5,85.75,1.83186e-014
0,1,24,78,3.5,3,6.662e-016,85.5,89.25,1.89848e-014
0,1,24,77,3.5,3,6.661e-016,82.5,89.25,1.83186e-014
0,1,24,76,3.5,3,6.661e-016,79.5,89.25,1.76525e-014
0,1,25,76,3.5,3,6.661e-016,79.5,85.75,1.76525e-014
0,1,26,76,3.5,3,6.661e-016,79.5,82.25,1.76525e-014
0,1,26,77,3.5,3,6.661e-016,82.5,82.25,1.83186e-014
0,1,26,78,3.5,3,6.662e-016,85.5,82.25,1.89848e-014
0,1,25,78,3.5,3,6.662e-016,85.5,85.75,1.89848e-014
0,0,26,77,3.5,3,6.661e-016,82.5,82.25,1.83186e-014
0,1,25,78,3.5,3,6.662e-016,85.5,85.75,1.89848e-014
0,1,25,77,3.5,3,6.661e-016,82.5,85.75,1.83186e-014
0,1,25,76,3.5,3,6.661e-016,79.5,85.75,1.76525e-014
0,1,26,76,3.5,3,6.661e-016,79.5,82.25,1.76525e-014
0,1,27,76,3.5,3,6.661e-016,79.5,78.75,1.76525e-014
0,1,27,77,3.5,3,6.661e-016,82.5,78.75,1.83186e-014
0,1,27,78,3.5,3,6.662e-016,85.5,78.75,1.89848e-014
0,1,26,78,3.5,3,6.662e-016,85.5,82.25,1.89848e-014
0,0,27,77,3.5,3,6.661e-016,82.5,78.75,1.83186e-014
0,1,26,78,3.5,3,6.662e-016,85.5,82.25,1.89848e-014
0,1,26,77,3.5,3,6.661e-016,82.5,82.25,1.83186e-014
0,1,26,76,3.5,3,6.661e-016,79.5,82.25,1.76525e-014
0,1,27,76,3.5,3,6.661e-016,79.5,78.75,1.76525e-014
0,1,28,76,3.5,3,6.661e-016,79.5,75.25,1.76525e-014
0,1,28,77,3.5,3,6.661e-016,82.5,75.25,1.83186e-014
0,1,28,78,3.5,3,6.662e-016,85.5,75.25,1.89848e-014
0,1,27,78,3.5,3,6.662e-016,85.5,78.75,1.89848e-014
0,0,28,77,3.5,3,6.661e-016,82.5,75.25,1.83186e-014
0,1,27,78,3.5,3,6.662e-016,85.5,78.75,1.89848e-014
0,1,27,77,3.5,3,6.661e-016,82.5,78.75,1.83186e-014
0,1,27,76,3.5,3,6.661e-016,79.5,78.75,1.76525e-014
0,1,28,76,3.5,3,6.661e-016,79.5,75.25,1.76525e-014
1,1,0,0,0,0,0,0,0,0
1,1,0,0,0,0,0,0,0,0
1,1,0,0,0,0,0,0,0,0
0,1,28,78,3.5,3,6.662e-016,85.5,75.25,1.89848e-014
1,0,0,0,0,0,0,0,0,0
1,0,0,0,0,0,0,0,0,0
1,0,0,0,0,0,0,0,0,0
1,0,0,0,0,0,0,0,0,0
1,0,0,0,0,0,0,0,0,0
1,0,0,0,0,0,0,0,0,0
1,0,0,0,0,0,0,0,0,0
1,0,0,0,0,0,0,0,0,0
1,0,0,0,0,0,0,0,0,0
1,0,0,0,0,0,0,0,0,0
1,0,0,0,0,0,0,0,0,0
1,0,0,0,0,0,0,0,0,0
1,0,0,0,0,0,0,0,0,0
1,0,0,0,0,0,0,0,0,0
1,0,0,0,0,0,0,0,0,0
1,0,0,0,0,0,0,0,0,0
1,0,0,0,0,0,0,0,0,0
1,0,0,0,0,0,0,0,0,0
1,0,0,0,0,0,0,0,0,0
1,0,0,0,0,0,0,0,0,0
1,0,0,0,0,0,0,0,0,0
1,0,0,0,0,0,0,0,0,0
1,0,0,0,0,0,0,0,0,0
1,0,0,0,0,0,0,0,0,0
1,0,0,0,0,0,0,0,0,0
1,0,0,0,0,0,0,0,0,0
1,0,0,0,0,0,0,0,0,0
1,0,0,0,0,0,0,0,0,0
1,0,0,0,0,0,0,0,0,0
1,0,0,0,0,0,0,0,0,0
1,0,0,0,0,0,0,0,0,0
1,0,0,0,0,0,0,0,0,0
1,0,0,0,0,0,0,0,0,0
1,0,0,0,0,0,0,0,0,0
1,0,0,0,0,0,0,0,0,0
1,0,0,0,0,0,0,0,0,0
1,0,0,0,0,0,0,0,0,0
1,0,0,0,0,0,0,0,0,0
1,0,0,0,0,0,0,0,0,0
1,0,0,0,0,0,0,0,0,0
1,0,0,0,0,0,0,0,0,0
1,0,0,0,0,0,0,0,0,0
1,0,0,0,0,0,0,0,0,0
1,0,0,0,0,0,0,0,0,0
1,0,0,0,0,0,0,0,0,0
1,0,0,0,0,0,0,0,0,0
1,0,0,0,0,0,0,0,0,0
1,0,0,0,0,0,0,0,0,0
1,0,0,0,0,0,0,0,0,0
1,0,0,0,0,0,0,0,0,0
1,0,0,0,0,0,0,0,0,0
1,0,0,0,0,0,0,0,0,0
1,0,0,0,0,0,0,0,0,0
1,0,0,0,0,0,0,0,0,0
1,0,0,0,0,0,0,0,0,0
1,0,0,0,0,0,0,0,0,0
1,0,0,0,0,0,0,0,0,0
1,0,0,0,0,0,0,0,0,0
1,0,0,0,0,0,0,0,0,0
1,0,0,0,0,0,0,0,0,0
1,0,0,0,0,0,0,0,0,0
1,0,0,0,0,0,0,0,0,0
1,0,0,0,0,0,0,0,0,0
1,0,0,0,0,0,0,0,0,0
1,0,0,0,0,0,0,0,0,0
1,0,0,0,0,0,0,0,0,0
1,0,0,0,0,0,0,0,0,0
1,0,0,0,0,0,0,0,0,0
1,0,0,0,0,0,0,0,0,0
1,0,0,0,0,0,0,0,0,0
1,0,0,0,0,0,0,0,0,0
1,0,0,0,0,0,0,0,0,0
1,0,0,0,0,0,0,0,0,0
1,0,0,0,0,0,0,0,0,0
1,0,0,0,0,0,0,0,0,0
1,0,0,0,0,0,0,0,0,0
1,0,0,0,0,0,0,0,0,0
1,0,0,0,0,0,0,0,0,0
1,0,0,0,0,0,0,0,0,0
1,0,0,0,0,0,0,0,0,0
1,0,0,0,0,0,0,0,0,0
1,0,0,0,0,0,0,0,0,0
1,0,0,0,0,0,0,0,0,0
1,0,0,0,0,0,0,0,0,0
1,0,0,0,0,0,0,0,0,0
1,0,0,0,0,0,0,0,0,0
1,0,0,0,0,0,0,0,0,0
1,0,0,0,0,0,0,0,0,0
1,0,0,0,0,0,0,0,0,0
1,0,0,0,0,0,0,0,0,0
0,0,19,78,3.5,3,6.662e-016,85.5,106.75,1.89848e-014
1,1,0,0,0,0,0,0,0,0
1,1,0,0,0,0,0,0,0,0
1,1,0,0,0,0,0,0,0,0
0,1,19,77,3.5,3,6.661e-016,82.5,106.75,1.83186e-014
0,1,20,77,3.5,3,6.661e-016,82.5,103.25,1.83186e-014
0,1,20,78,3.5,3,6.662e-016,85.5,103.25,1.89848e-014
0,1,20,79,3.5,3,6.661e-016,88.5,103.25,1.96509e-014
0,1,19,79,3.5,3,6.661e-016,88.5,106.75,1.96509e-014
0,0,20,78,3.5,3,6.662e-016,85.5,103.25,1.89848e-014
0,1,19,79,3.5,3,6.661e-016,88.5,106.75,1.96509e-014
0,1,19,78,3.5,3,6.662e-016,85.5,106.75,1.89848e-014
0,1,19,77,3.5,3,6.661e-016,82.5,106.75,1.83186e-014
0,1,20,77,3.5,3,6.661e-016,82.5,103.25,1.83186e-014
0,1,21,77,3.5,3,6.661e-016,82.5,99.75,1.83186e-014
0,1,21,78,3.5,3,6.662e-016,85.5,99.75,1.89848e-014
0,1,21,79,3.5,3,6.661e-016,88.5,99.75,1.96509e-014
0,1,20,79,3.5,3,6.661e-016,88.5,103.25,1.96509e-014
0,0,21,78,3.5,3,6.662e-016,85.5,99.75,1.89848e-014
0,1,20,79,3.5,3,6.661e-016,88.5,103.25,1.96509e-014
0,1,20,78,3.5,3,6.662e-016,85.5,103.25,1.89848e-014
0,1,20,77,3.5,3,6.661e-016,82.5,103.25,1.83186e-014
0,1,21,77,3.5,3,6.661e-016,82.5,99.75,1.83186e-014
0,1,22,77,3.5,3,6.661e-016,82.5,96.25,1.83186e-014
0,1,22,78,3.5,3,6.662e-016,85.5,96.25,1.89848e-014
0,1,22,79,3.5,3,6.661e-016,88.5,96.25,1.96509e-014
0,1,21,79,3.5,3,6.661e-016,88.5,99.75,1.96509e-014
0,0,22,78,3.5,3,6.662e-016,85.5,96.25,1.89848e-014
0,1,21,79,3.5,3,6.661e-016,88.5,99.75,1.96509e-014
0,1,21,78,3.5,3,6.662e-016,85.5,99.75,1.89848e-014
0,1,21,77,3.5,3,6.661e-016,82.5,99.75,1.83186e-014
0,1,22,77,3.5,3,6.661e-016,82.5,96.25,1.83186e-014
0,1,23,77,3.5,3,6.661e-016,82.5,92.75,1.83186e-014
0,1,23,78,3.5,3,6.662e-016,85.5,92.75,1.89848e-014
0,1,23,79,3.5,3,6.661e-016,88.5,92.75,1.96509e-014
0,1,22,79,3.5,3,6.661e-016,88.5,96.25,1.96509e-014
0,0,23,78,3.5,3,6.662e-016,85.5,92.75,1.89848e-014
0,1,22,79,3.5,3,6.661e-016,88.5,96.25,1.96509e-014
0,1,22,78,3.5,3,6.662e-016,85.5,96.25,1.89848e-014
0,1,22,77,3.5,3,6.661e-016,82.5,96.25,1.83186e-014
0,1,23,77,3.5,3,6.661e-016,82.5,92.75,1.83186e-014
0,1,24,77,3.5,3,6.661e-016,82.5,89.25,1.83186e-014
0,1,24,78,3.5,3,6.662e-016,85.5,89.25,1.89848e-014
0,1,24,79,3.5,3,6.661e-016,88.5,89.25,1.96509e-014
0,1,23,79,3.5,3,6.661e-016,88.5,92.75,1.96509e-014
0,0,24,78,3.5,3,6.662e-016,85.5,89.25,1.89848e-014
0,1,23,79,3.5,3,6.661e-016,88.5,92.75,1.96509e-014
0,1,23,78,3.5,3,6.662e-016,85.5,92.75,1.89848e-014
0,1,23,77,3.5,3,6.661e-016,82.5,92.75,1.83186e-014
0,1,24,77,3.5,3,6.661e-016,82.5,89.25,1.83186e-014
0,1,25,77,3.5,3,6.661e-016,82.5,85.75,1.83186e-014
0,1,25,78,3.5,3,6.662e-016,85.5,85.75,1.89848e-014
0,1,25,79,3.5,3,6.661e-016,88.5,85.75,1.96509e-014
0,1,24,79,3.5,3,6.661e-016,88.5,89.25,1.96509e-014
0,0,25,78,3.5,3,6.662e-016,85.5,85.75,1.89848e-014
0,1,24,79,3.5,3,6.661e-016,88.5,89.25,1.96509e-014
0,1,24,78,3.5,3,6.662e-016,85.5,89.25,1.89848e-014
0,1,24,77,3.5,3,6.661e-016,82.5,89.25,1.83186e-014
0,1,25,77,3.5,3,6.661e-016,82.5,85.75,1.83186e-014
0,1,26,77,3.5,3,6.661e-016,82.5,82.25,1.83186e-014
0,1,26,78,3.5,3,6.662e-016,85.5,82.25,1.89848e-014
0,1,26,79,3.5,3,6.661e-016,88.5,82.25,1.96509e-014
0,1,25,79,3.5,3,6.661e-016,88.5,85.75,1.96509e-014
0,0,26,78,3.5,3,6.662e-016,85.5,82.25,1.89848e-014
0,1,25,79,3.5,3,6.661e-016,88.5,85.75,1.96509e-014
0,1,25,78,3.5,3,6.662e-016,85.5,85.75,1.89848e-014
0,1,25,77,3.5,3,6.661e-016,82.5,85.75,1.83186e-014
0,1,26,77,3.5,3,6.661e-016,82.5,82.25,1.83186e-014
0,1,27,77,3.5,3,6.661e-016,82.5,78.75,1.83186e-014
0,1,27,78,3.5,3,6.662e-016,85.5,78.75,1.89848e-014
0,1,27,79,3.5,3,6.661e-016,88.5,78.75,1.96509e-014
0,1,26,79,3.5,3,6.661e-016,88.5,82.25,1.96509e-014
0,0,27,78,3.5,3,6.662e-016,85.5,78.75,1.89848e-014
0,1,26,79,3.5,3,6.661e-016,88.5,82.25,1.96509e-014
0,1,26,78,3.5,3,6.662e-016,85.5,82.25,1.89848e-014
0,1,26,77,3.5,3,6.661e-016,82.5,82.25,1.83186e-014
0,1,27,77,3.5,3,6.661e-016,82.5,78.75,1.83186e-014
0,1,28,77,3.5,3,6.661e-016,82.5,75.25,1.83186e-014
0,1,28,78,3.5,3,6.662e-016,85.5,75.25,1.89848e-014
0,1,28,79,3.5,3,6.661e-016,88.5,75.25,1.96509e-014
0,1,27,79,3.5,3,6.661e-016,88.5,78.75,1.96509e-014
0,0,28,78,3.5,3,6.662e-016,85.5,75.25,1.89848e-014
0,1,27,79,3.5,3,6.661e-016,88.5,78.75,1.96509e-014
0,1,27,78,3.5,3,6.662e-016,85.5,78.75,1.89848e-014
0,1,27,77,3.5,3,6.661e-016,82.5,78.75,1.83186e-014
0,1,28,77,3.5,3,6.661e-016,82.5,75.25,1.83186e-014
1,1,0,0,0,0,0,0,0,0
1,1,0,0,0,0,0,0,0,0
1,1,0,0,0,0,0,0,0,0
0,1,28,79,3.5,3,6.661e-016,88.5,75.25,1.96509e-014
1,0,0,0,0,0,0,0,0,0
1,0,0,0,0,0,0,0,0,0
1,0,0,0,0,0,0,0,0,0
1,0,0,0,0,0,0,0,0,0
1,0,0,0,0,0,0,0,0,0
1,0,0,0,0,0,0,0,0,0
1,0,0,0,0,0,0,0,0,0
1,0,0,0,0,0,0,0,0,0
1,0,0,0,0,0,0,0,0,0
1,0,0,0,0,0,0,0,0,0
1,0,0,0,0,0,0,0,0,0
1,0,0,0,0,0,0,0,0,0
1,0,0,0,0,0,0,0,0,0
1,0,0,0,0,0,0,0,0,0
1,0,0,0,0,0,0,0,0,0
1,0,0,0,0,0,0,0,0,0
1,0,0,0,0,0,0,0,0,0
1,0,0,0,0,0,0,0,0,0
1,0,0,0,0,0,0,0,0,0
1,0,0,0,0,0,0,0,0,0
1,0,0,0,0,0,0,0,0,0
1,0,0,0,0,0,0,0,0,0
1,0,0,0,0,0,0,0,0,0
1,0,0,0,0,0,0,0,0,0
1,0,0,0,0,0,0,0,0,0
1,0,0,0,0,0,0,0,0,0
1,0,0,0,0,0,0,0,0,0
1,0,0,0,0,0,0,0,0,0
1,0,0,0,0,0,0,0,0,0
1,0,0,0,0,0,0,0,0,0
1,0,0,0,0,0,0,0,0,0
1,0,0,0,0,0,0,0,0,0
1,0,0,0,0,0,0,0,0,0
1,0,0,0,0,0,0,0,0,0
1,0,0,0,0,0,0,0,0,0
1,0,0,0,0,0,0,0,0,0
1,0,0,0,0,0,0,0,0,0
1,0,0,0,0,0,0,0,0,0
1,0,0,0,0,0,0,0,0,0
1,0,0,0,0,0,0,0,0,0
1,0,0,0,0,0,0,0,0,0
1,0,0,0,0,0,0,0,0,0
1,0,0,0,0,0,0,0,0,0
1,0,0,0,0,0,0,0,0,0
1,0,0,0,0,0,0,0,0,0
1,0,0,0,0,0,0,0,0,0
1,0,0,0,0,0,0,0,0,0
1,0,0,0,0,0,0,0,0,0
1,0,0,0,0,0,0,0,0,0
1,0,0,0,0,0,0,0,0,0
1,0,0,0,0,0,0,0,0,0
1,0,0,0,0,0,0,0,0,0
1,0,0,0,0,0,0,0,0,0
1,0,0,0,0,0,0,0,0,0
1,0,0,0,0,0,0,0,0,0
1,0,0,0,0,0,0,0,0,0
1,0,0,0,0,0,0,0,0,0
1,0,0,0,0,0,0,0,0,0
1,0,0,0,0,0,0,0,0,0
1,0,0,0,0,0,0,0,0,0
1,0,0,0,0,0,0,0,0,0
1,0,0,0,0,0,0,0,0,0
1,0,0,0,0,0,0,0,0,0
1,0,0,0,0,0,0,0,0,0
1,0,0,0,0,0,0,0,0,0
1,0,0,0,0,0,0,0,0,0
1,0,0,0,0,0,0,0,0,0
1,0,0,0,0,0,0,0,0,0
1,0,0,0,0,0,0,0,0,0
1,0,0,0,0,0,0,0,0,0
1,0,0,0,0,0,0,0,0,0
1,0,0,0,0,0,0,0,0,0
1,0,0,0,0,0,0,0,0,0
1,0,0,0,0,0,0,0,0,0
1,0,0,0,0,0,0,0,0,0
1,0,0,0,0,0,0,0,0,0
1,0,0,0,0,0,0,0,0,0
1,0,0,0,0,0,0,0,0,0
1,0,0,0,0,0,0,0,0,0
1,0,0,0,0,0,0,0,0,0
1,0,0,0,0,0,0,0,0,0
1,0,0,0,0,0,0,0,0,0
1,0,0,0,0,0,0,0,0,0
1,0,0,0,0,0,0,0,0,0
1,0,0,0,0,0,0,0,0,0
1,0,0,0,0,0,0,0,0,0
1,0,0,0,0,0,0,0,0,0
1,0,0,0,0,0,0,0,0,0
1,0,0,0,0,0,0,0,0,0
1,0,0,0,0,0,0,0,0,0
0,0,19,79,3.5,3,6.661e-016,88.5,106.75,1.96509e-014
1,1,0,0,0,0,0,0,0,0
1,1,0,0,0,0,0,0,0,0
1,1,0,0,0,0,0,0,0,0
0,1,19,78,3.5,3,6.662e-016,85.5,106.75,1.89848e-014
0,1,20,78,3.5,3,6.662e-016,85.5,103.25,1.89848e-014
0,1,20,79,3.5,3,6.661e-016,88.5,103.25,1.96509e-014
0,1,20,80,3.5,3,6.66102e-016,91.5,103.25,2.03171e-014
0,1,19,80,3.5,3,6.66102e-016,91.5,106.75,2.03171e-014
0,0,20,79,3.5,3,6.661e-016,88.5,103.25,1.96509e-014
0,1,19,80,3.5,3,6.66102e-016,91.5,106.75,2.03171e-014
0,1,19,79,3.5,3,6.661e-016,88.5,106.75,1.96509e-014
0,1,19,78,3.5,3,6.662e-016,85.5,106.75,1.89848e-014
0,1,20,78,3.5,3,6.662e-016,85.5,103.25,1.89848e-014
0,1,21,78,3.5,3,6.662e-016,85.5,99.75,1.89848e-014
0,1,21,79,3.5,3,6.661e-016,88.5,99.75,1.96509e-014
0,1,21,80,3.5,3,6.66102e-016,91.5,99.75,2.03171e-014
0,1,20,80,3.5,3,6.66102e-016,91.5,103.25,2.03171e-014
0,0,21,79,3.5,3,6.661e-016,88.5,99.75,1.96509e-014
0,1,20,80,3.5,3,6.66102e-016,91.5,103.25,2.03171e-014
0,1,20,79,3.5,3,6.661e-016,88.5,103.25,1.96509e-014
0,1,20,78,3.5,3,6.662e-016,85.5,103.25,1.89848e-014
0,1,21,78,3.5,3,6.662e-016,85.5,99.75,1.89848e-014
0,1,22,78,3.5,3,6.662e-016,85.5,96.25,1.89848e-014
0,1,22,79,3.5,3,6.661e-016,88.5,96.25,1.96509e-014
0,1,22,80,3.5,3,6.66102e-016,91.5,96.25,2.03171e-014
0,1,21,80,3.5,3,6.66102e-016,91.5,99.75,2.03171e-014
0,0,22,79,3.5,3,6.661e-016,88.5,96.25,1.96509e-014
0,1,21,80,3.5,3,6.66102e-016,91.5,99.75,2.03171e-014
0,1,21,79,3.5,3,6.661e-016,88.5,99.75,1.96509e-014
0,1,21,78,3.5,3,6.662e-016,85.5,99.75,1.89848e-014
0,1,22,78,3.5,3,6.662e-016,85.5,96.25,1.89848e-014
0,1,23,78,3.5,3,6.662e-016,85.5,92.75,1.89848e-014
0,1,23,79,3.5,3,6.661e-016,88.5,92.75,1.96509e-014
0,1,23,80,3.5,3,6.66102e-016,91.5,92.75,2.03171e-014
0,1,22,80,3.5,3,6.66102e-016,91.5,96.25,2.03171e-014
0,0,23,79,3.5,3,6.661e-016,88.5,92.75,1.96509e-014
0,1,22,80,3.5,3,6.66102e-016,91.5,96.25,2.03171e-014
0,1,22,79,3.5,3,6.661e-016,88.5,96.25,1.96509e-014
0,1,22,78,3.5,3,6.662e-016,85.5,96.25,1.89848e-014
0,1,23,78,3.5,3,6.662e-016,85.5,92.75,1.89848e-014
0,1,24,78,3.5,3,6.662e-016,85.5,89.25,1.89848e-014
0,1,24,79,3.5,3,6.661e-016,88.5,89.25,1.96509e-014
0,1,24,80,3.5,3,6.66102e-016,91.5,89.25,2.03171e-014
0,1,23,80,3.5,3,6.66102e-016,91.5,92.75,2.03171e-014
0,0,24,79,3.5,3,6.661e-016,88.5,89.25,1.96509e-014
0,1,23,80,3.5,3,6.66102e-016,91.5,92.75,2.03171e-014
0,1,23,79,3.5,3,6.661e-016,88.5,92.75,1.96509e-014
0,1,23,78,3.5,3,6.662e-016,85.5,92.75,1.89848e-014
0,1,24,78,3.5,3,6.662e-016,85.5,89.25,1.89848e-014
0,1,25,78,3.5,3,6.662e-016,85.5,85.75,1.89848e-014
0,1,25,79,3.5,3,6.661e-016,88.5,85.75,1.96509e-014
0,1,25,80,3.5,3,6.66102e-016,91.5,85.75,2.03171e-014
0,1,24,80,3.5,3,6.66102e-016,91.5,89.25,2.03171e-014
0,0,25,79,3.5,3,6.661e-016,88.5,85.75,1.96509e-014
0,1,24,80,3.5,3,6.66102e-016,91.5,89.25,2.03171e-014
0,1,24,79,3.5,3,6.661e-016,88.5,89.25,1.96509e-014
0,1,24,78,3.5,3,6.662e-016,85.5,89.25,1.89848e-014
0,1,25,78,3.5,3,6.662e-016,85.5,85.75,1.89848e-014
0,1,26,78,3.5,3,6.662e-016,85.5,82.25,1.89848e-014
0,1,26,79,3.5,3,6.661e-016,88.5,82.25,1.96509e-014
0,1,26,80,3.5,3,6.66102e-016,91.5,82.25,2.03171e-014
0,1,25,80,3.5,3,6.66102e-016,91.5,85.75,2.03171e-014
0,0,26,79,3.5,3,6.661e-016,88.5,82.25,1.96509e-014
0,1,25,80,3.5,3,6.66102e-016,91.5,85.75,2.03171e-014
0,1,25,79,3.5,3,6.661e-016,88.5,85.75,1.96509e-014
0,1,25,78,3.5,3,6.662e-016,85.5,85.75,1.89848e-014
0,1,26,78,3.5,3,6.662e-016,85.5,82.25,1.89848e-014
0,1,27,78,3.5,3,6.662e-016,85.5,78.75,1.89848e-014
0,1,27,79,3.5,3,6.661e-016,88.5,78.75,1.96509e-014
0,1,27,80,3.5,3,6.66102e-016,91.5,78.75,2.03171e-014
0,1,26,80,3.5,3,6.66102e-016,91.5,82.25,2.03171e-014
0,0,27,79,3.5,3,6.661e-016,88.5,78.75,1.96509e-014
0,1,26,80,3.5,3,6.66102e-016,91.5,82.25,2.03171e-014
0,1,26,79,3.5,3,6.661e-016,88.5,82.25,1.96509e-014
0,1,26,78,3.5,3,6.662e-016,85.5,82.25,1.89848e-014
0,1,27,78,3.5,3,6.662e-016,85.5,78.75,1.89848e-014
0,1,28,78,3.5,3,6.662e-016,85.5,75.25,1.89848e-014
0,1,28,79,3.5,3,6.661e-016,88.5,75.25,1.96509e-014
0,1,28,80,3.5,3,6.66102e-016,91.5,75.25,2.03171e-014
0,1,27,80,3.5,3,6.66102e-016,91.5,78.75,2.03171e-014
0,0,28,79,3.5,3,6.661e-016,88.5,75.25,1.96509e-014
0,1,27,80,3.5,3,6.66102e-016,91.5,78.75,2.03171e-014
0,1,27,79,3.5,3,6.661e-016,88.5,78.75,1.96509e-014
0,1,27,78,3.5,3,6.662e-016,85.5,78.75,1.89848e-014
0,1,28,78,3.5,3,6.662e-016,85.5,75.25,1.89848e-014
1,1,0,0,0,0,0,0,0,0
1,1,0,0,0,0,0,0,0,0
1,1,0,0,0,0,0,0,0,0
0,1,28,80,3.5,3,6.66102e-016,91.5,75.25,2.03171e-014
1,0,0,0,0,0,0,0,0,0
1,0,0,0,0,0,0,0,0,0
1,0,0,0,0,0,0,0,0,0
1,0,0,0,0,0,0,0,0,0
1,0,0,0,0,0,0,0,0,0
1,0,0,0,0,0,0,0,0,0
1,0,0,0,0,0,0,0,0,0
1,0,0,0,0,0,0,0,0,0
1,0,0,0,0,0,0,0,0,0
1,0,0,0,0,0,0,0,0,0
1,0,0,0,0,0,0,0,0,0
1,0,0,0,0,0,0,0,0,0
1,0,0,0,0,0,0,0,0,0
1,0,0,0,0,0,0,0,0,0
1,0,0,0,0,0,0,0,0,0
1,0,0,0,0,0,0,0,0,0
1,0,0,0,0,0,0,0,0,0
1,0,0,0,0,0,0,0,0,0
1,0,0,0,0,0,0,0,0,0
1,0,0,0,0,0,0,0,0,0
1,0,0,0,0,0,0,0,0,0
1,0,0,0,0,0,0,0,0,0
1,0,0,0,0,0,0,0,0,0
1,0,0,0,0,0,0,0,0,0
1,0,0,0,0,0,0,0,0,0
1,0,0,0,0,0,0,0,0,0
1,0,0,0,0,0,0,0,0,0
1,0,0,0,0,0,0,0,0,0
1,0,0,0,0,0,0,0,0,0
1,0,0,0,0,0,0,0,0,0
1,0,0,0,0,0,0,0,0,0
1,0,0,0,0,0,0,0,0,0
1,0,0,0,0,0,0,0,0,0
1,0,0,0,0,0,0,0,0,0
1,0,0,0,0,0,0,0,0,0
1,0,0,0,0,0,0,0,0,0
1,0,0,0,0,0,0,0,0,0
1,0,0,0,0,0,0,0,0,0
1,0,0,0,0,0,0,0,0,0
1,0,0,0,0,0,0,0,0,0
1,0,0,0,0,0,0,0,0,0
1,0,0,0,0,0,0,0,0,0
1,0,0,0,0,0,0,0,0,0
1,0,0,0,0,0,0,0,0,0
1,0,0,0,0,0,0,0,0,0
1,0,0,0,0,0,0,0,0,0
1,0,0,0,0,0,0,0,0,0
1,0,0,0,0,0,0,0,0,0
1,0,0,0,0,0,0,0,0,0
1,0,0,0,0,0,0,0,0,0
1,0,0,0,0,0,0,0,0,0
1,0,0,0,0,0,0,0,0,0
1,0,0,0,0,0,0,0,0,0
1,0,0,0,0,0,0,0,0,0
1,0,0,0,0,0,0,0,0,0
1,0,0,0,0,0,0,0,0,0
1,0,0,0,0,0,0,0,0,0
1,0,0,0,0,0,0,0,0,0
1,0,0,0,0,0,0,0,0,0
1,0,0,0,0,0,0,0,0,0
1,0,0,0,0,0,0,0,0,0
1,0,0,0,0,0,0,0,0,0
1,0,0,0,0,0,0,0,0,0
1,0,0,0,0,0,0,0,0,0
1,0,0,0,0,0,0,0,0,0
1,0,0,0,0,0,0,0,0,0
1,0,0,0,0,0,0,0,0,0
1,0,0,0,0,0,0,0,0,0
1,0,0,0,0,0,0,0,0,0
1,0,0,0,0,0,0,0,0,0
1,0,0,0,0,0,0,0,0,0
1,0,0,0,0,0,0,0,0,0
1,0,0,0,0,0,0,0,0,0
1,0,0,0,0,0,0,0,0,0
1,0,0,0,0,0,0,0,0,0
1,0,0,0,0,0,0,0,0,0
1,0,0,0,0,0,0,0,0,0
1,0,0,0,0,0,0,0,0,0
1,0,0,0,0,0,0,0,0,0
1,0,0,0,0,0,0,0,0,0
1,0,0,0,0,0,0,0,0,0
1,0,0,0,0,0,0,0,0,0
1,0,0,0,0,0,0,0,0,0
1,0,0,0,0,0,0,0,0,0
1,0,0,0,0,0,0,0,0,0
1,0,0,0,0,0,0,0,0,0
1,0,0,0,0,0,0,0,0,0
1,0,0,0,0,0,0,0,0,0
1,0,0,0,0,0,0,0,0,0
1,0,0,0,0,0,0,0,0,0
0,0,19,80,3.5,3,6.66102e-016,91.5,106.75,2.03171e-014
1,1,0,0,0,0,0,0,0,0
1,1,0,0,0,0,0,0,0,0
1,1,0,0,0,0,0,0,0,0
0,1,19,79,3.5,3,6.661e-016,88.5,106.75,1.96509e-014
0,1,20,79,3.5,3,6.661e-016,88.5,103.25,1.96509e-014
0,1,20,80,3.5,3,6.66102e-016,91.5,103.25,2.03171e-014
0,1,20,81,3.5,3,6.662e-016,94.5,103.25,2.09832e-014
0,1,19,81,3.5,3,6.662e-016,94.5,106.75,2.09832e-014
0,0,20,80,3.5,3,6.66102e-016,91.5,103.25,2.03171e-014
0,1,19,81,3.5,3,6.662e-016,94.5,106.75,2.09832e-014
0,1,19,80,3.5,3,6.66102e-016,91.5,106.75,2.03171e-014
0,1,19,79,3.5,3,6.661e-016,88.5,106.75,1.96509e-014
0,1,20,79,3.5,3,6.661e-016,88.5,103.25,1.96509e-014
0,1,21,79,3.5,3,6.661e-016,88.5,99.75,1.96509e-014
0,1,21,80,3.5,3,6.66102e-016,91.5,99.75,2.03171e-014
0,1,21,81,3.5,3,6.662e-016,94.5,99.75,2.09832e-014
0,1,20,81,3.5,3,6.662e-016,94.5,103.25,2.09832e-014
0,0,21,80,3.5,3,6.66102e-016,91.5,99.75,2.03171e-014
0,1,20,81,3.5,3,6.662e-016,94.5,103.25,2.09832e-014
0,1,20,80,3.5,3,6.66102e-016,91.5,103.25,2.03171e-014
0,1,20,79,3.5,3,6.661e-016,88.5,103.25,1.96509e-014
0,1,21,79,3.5,3,6.661e-016,88.5,99.75,1.96509e-014
0,1,22,79,3.5,3,6.661e-016,88.5,96.25,1.96509e-014
0,1,22,80,3.5,3,6.66102e-016,91.5,96.25,2.03171e-014
0,1,22,81,3.5,3,6.662e-016,94.5,96.25,2.09832e-014
0,1,21,81,3.5,3,6.662e-016,94.5,99.75,2.09832e-014
0,0,22,80,3.5,3,6.66102e-016,91.5,96.25,2.03171e-014
0,1,21,81,3.5,3,6.662e-016,94.5,99.75,2.09832e-014
0,1,21,80,3.5,3,6.66102e-016,91.5,99.75,2.03171e-014
0,1,21,79,3.5,3,6.661e-016,88.5,99.75,1.96509e-014
0,1,22,79,3.5,3,6.661e-016,88.5,96.25,1.96509e-014
0,1,23,79,3.5,3,6.661e-016,88.5,92.75,1.96509e-014
0,1,23,80,3.5,3,6.66102e-016,91.5,92.75,2.03171e-014
0,1,23,81,3.5,3,6.662e-016,94.5,92.75,2.09832e-014
0,1,22,81,3.5,3,6.662e-016,94.5,96.25,2.09832e-014
0,0,23,80,3.5,3,6.66102e-016,91.5,92.75,2.03171e-014
0,1,22,81,3.5,3,6.662e-016,94.5,96.25,2.09832e-014
0,1,22,80,3.5,3,6.66102e-016,91.5,96.25,2.03171e-014
0,1,22,79,3.5,3,6.661e-016,88.5,96.25,1.96509e-014
0,1,23,79,3.5,3,6.661e-016,88.5,92.75,1.96509e-014
0,1,24,79,3.5,3,6.661e-016,88.5,89.25,1.96509e-014
0,1,24,80,3.5,3,6.66102e-016,91.5,89.25,2.03171e-014
0,1,24,81,3.5,3,6.662e-016,94.5,89.25,2.09832e-014
0,1,23,81,3.5,3,6.662e-016,94.5,92.75,2.09832e-014
0,0,24,80,3.5,3,6.66102e-016,91.5,89.25,2.03171e-014
0,1,23,81,3.5,3,6.662e-016,94.5,92.75,2.09832e-014
0,1,23,80,3.5,3,6.66102e-016,91.5,92.75,2.03171e-014
0,1,23,79,3.5,3,6.661e-016,88.5,92.75,1.96509e-014
0,1,24,79,3.5,3,6.661e-016,88.5,89.25,1.96509e-014
0,1,25,79,3.5,3,6.661e-016,88.5,85.75,1.96509e-014
0,1,25,80,3.5,3,6.66102e-016,91.5,85.75,2.03171e-014
0,1,25,81,3.5,3,6.662e-016,94.5,85.75,2.09832e-014
0,1,24,81,3.5,3,6.662e-016,94.5,89.25,2.09832e-014
0,0,25,80,3.5,3,6.66102e-016,91.5,85.75,2.03171e-014
0,1,24,81,3.5,3,6.662e-016,94.5,89.25,2.09832e-014
0,1,24,80,3.5,3,6.66102e-016,91.5,89.25,2.03171e-014
0,1,24,79,3.5,3,6.661e-016,88.5,89.25,1.96509e-014
0,1,25,79,3.5,3,6.661e-016,88.5,85.75,1.96509e-014
0,1,26,79,3.5,3,6.661e-016,88.5,82.25,1.96509e-014
0,1,26,80,3.5,3,6.66102e-016,91.5,82.25,2.03171e-014
0,1,26,81,3.5,3,6.662e-016,94.5,82.25,2.09832e-014
0,1,25,81,3.5,3,6.662e-016,94.5,85.75,2.09832e-014
0,0,26,80,3.5,3,6.66102e-016,91.5,82.25,2.03171e-014
0,1,25,81,3.5,3,6.662e-016,94.5,85.75,2.09832e-014
0,1,25,80,3.5,3,6.66102e-016,91.5,85.75,2.03171e-014
0,1,25,79,3.5,3,6.661e-016,88.5,85.75,1.96509e-014
0,1,26,79,3.5,3,6.661e-016,88.5,82.25,1.96509e-014
0,1,27,79,3.5,3,6.661e-016,88.5,78.75,1.96509e-014
0,1,27,80,3.5,3,6.66102e-016,91.5,78.75,2.03171e-014
0,1,27,81,3.5,3,6.662e-016,94.5,78.75,2.09832e-014
0,1,26,81,3.5,3,6.662e-016,94.5,82.25,2.09832e-014
0,0,27,80,3.5,3,6.66102e-016,91.5,78.75,2.03171e-014
0,1,26,81,3.5,3,6.662e-016,94.5,82.25,2.09832e-014
0,1,26,80,3.5,3,6.66102e-016,91.5,82.25,2.03171e-014
0,1,26,79,3.5,3,6.661e-016,88.5,82.25,1.96509e-014
0,1,27,79,3.5,3,6.661e-016,88.5,78.75,1.96509e-014
0,1,28,79,3.5,3,6.661e-016,88.5,75.25,1.96509e-014
0,1,28,80,3.5,3,6.66102e-016,91.5,75.25,2.03171e-014
0,1,28,81,3.5,3,6.662e-016,94.5,75.25,2.09832e-014
0,1,27,81,3.5,3,6.662e-016,94.5,78.75,2.09832e-014
0,0,28,80,3.5,3,6.66102e-016,91.5,75.25,2.03171e-014
0,1,27,81,3.5,3,6.662e-016,94.5,78.75,2.09832e-014
0,1,27,80,3.5,3,6.66102e-016,91.5,78.75,2.03171e-014
0,1,27,79,3.5,3,6.661e-016,88.5,78.75,1.96509e-014
0,1,28,79,3.5,3,6.661e-016,88.5,75.25,1.96509e-014
1,1,0,0,0,0,0,0,0,0
1,1,0,0,0,0,0,0,0,0
1,1,0,0,0,0,0,0,0,0
0,1,28,81,3.5,3,6.662e-016,94.5,75.25,2.09832e-014
1,0,0,0,0,0,0,0,0,0
1,0,0,0,0,0,0,0,0,0
1,0,0,0,0,0,0,0,0,0
1,0,0,0,0,0,0,0,0,0
1,0,0,0,0,0,0,0,0,0
1,0,0,0,0,0,0,0,0,0
1,0,0,0,0,0,0,0,0,0
1,0,0,0,0,0,0,0,0,0
1,0,0,0,0,0,0,0,0,0
1,0,0,0,0,0,0,0,0,0
1,0,0,0,0,0,0,0,0,0
1,0,0,0,0,0,0,0,0,0
1,0,0,0,0,0,0,0,0,0
1,0,0,0,0,0,0,0,0,0
1,0,0,0,0,0,0,0,0,0
1,0,0,0,0,0,0,0,0,0
1,0,0,0,0,0,0,0,0,0
1,0,0,0,0,0,0,0,0,0
1,0,0,0,0,0,0,0,0,0
1,0,0,0,0,0,0,0,0,0
1,0,0,0,0,0,0,0,0,0
1,0,0,0,0,0,0,0,0,0
1,0,0,0,0,0,0,0,0,0
1,0,0,0,0,0,0,0,0,0
1,0,0,0,0,0,0,0,0,0
1,0,0,0,0,0,0,0,0,0
1,0,0,0,0,0,0,0,0,0
1,0,0,0,0,0,0,0,0,0
1,0,0,0,0,0,0,0,0,0
1,0,0,0,0,0,0,0,0,0
1,0,0,0,0,0,0,0,0,0
1,0,0,0,0,0,0,0,0,0
1,0,0,0,0,0,0,0,0,0
1,0,0,0,0,0,0,0,0,0
1,0,0,0,0,0,0,0,0,0
1,0,0,0,0,0,0,0,0,0
1,0,0,0,0,0,0,0,0,0
1,0,0,0,0,0,0,0,0,0
1,0,0,0,0,0,0,0,0,0
1,0,0,0,0,0,0,0,0,0
1,0,0,0,0,0,0,0,0,0
1,0,0,0,0,0,0,0,0,0
1,0,0,0,0,0,0,0,0,0
1,0,0,0,0,0,0,0,0,0
1,0,0,0,0,0,0,0,0,0
1,0,0,0,0,0,0,0,0,0
1,0,0,0,0,0,0,0,0,0
1,0,0,0,0,0,0,0,0,0
1,0,0,0,0,0,0,0,0,0
1,0,0,0,0,0,0,0,0,0
1,0,0,0,0,0,0,0,0,0
1,0,0,0,0,0,0,0,0,0
1,0,0,0,0,0,0,0,0,0
1,0,0,0,0,0,0,0,0,0
1,0,0,0,0,0,0,0,0,0
1,0,0,0,0,0,0,0,0,0
1,0,0,0,0,0,0,0,0,0
1,0,0,0,0,0,0,0,0,0
1,0,0,0,0,0,0,0,0,0
1,0,0,0,0,0,0,0,0,0
1,0,0,0,0,0,0,0,0,0
1,0,0,0,0,0,0,0,0,0
1,0,0,0,0,0,0,0,0,0
1,0,0,0,0,0,0,0,0,0
1,0,0,0,0,0,0,0,0,0
1,0,0,0,0,0,0,0,0,0
1,0,0,0,0,0,0,0,0,0
1,0,0,0,0,0,0,0,0,0
1,0,0,0,0,0,0,0,0,0
1,0,0,0,0,0,0,0,0,0
1,0,0,0,0,0,0,0,0,0
1,0,0,0,0,0,0,0,0,0
1,0,0,0,0,0,0,0,0,0
1,0,0,0,0,0,0,0,0,0
1,0,0,0,0,0,0,0,0,0
1,0,0,0,0,0,0,0,0,0
1,0,0,0,0,0,0,0,0,0
1,0,0,0,0,0,0,0,0,0
1,0,0,0,0,0,0,0,0,0
1,0,0,0,0,0,0,0,0,0
1,0,0,0,0,0,0,0,0,0
1,0,0,0,0,0,0,0,0,0
1,0,0,0,0,0,0,0,0,0
1,0,0,0,0,0,0,0,0,0
1,0,0,0,0,0,0,0,0,0
1,0,0,0,0,0,0,0,0,0
1,0,0,0,0,0,0,0,0,0
1,0,0,0,0,0,0,0,0,0
1,0,0,0,0,0,0,0,0,0
1,0,0,0,0,0,0,0,0,0
0,0,19,81,3.5,3,6.662e-016,94.5,106.75,2.09832e-014
1,1,0,0,0,0,0,0,0,0
1,1,0,0,0,0,0,0,0,0
1,1,0,0,0,0,0,0,0,0
0,1,19,80,3.5,3,6.66102e-016,91.5,106.75,2.03171e-014
0,1,20,80,3.5,3,6.66102e-016,91.5,103.25,2.03171e-014
0,1,20,81,3.5,3,6.662e-016,94.5,103.25,2.09832e-014
0,1,20,82,3.5,3,6.661e-016,97.5,103.25,2.16494e-014
0,1,19,82,3.5,3,6.661e-016,97.5,106.75,2.16494e-014
0,0,20,81,3.5,3,6.662e-016,94.5,103.25,2.09832e-014
0,1,19,82,3.5,3,6.661e-016,97.5,106.75,2.16494e-014
0,1,19,81,3.5,3,6.662e-016,94.5,106.75,2.09832e-014
0,1,19,80,3.5,3,6.66102e-016,91.5,106.75,2.03171e-014
0,1,20,80,3.5,3,6.66102e-016,91.5,103.25,2.03171e-014
0,1,21,80,3.5,3,6.66102e-016,91.5,99.75,2.03171e-014
0,1,21,81,3.5,3,6.662e-016,94.5,99.75,2.09832e-014
0,1,21,82,3.5,3,6.661e-016,97.5,99.75,2.16494e-014
0,1,20,82,3.5,3,6.661e-016,97.5,103.25,2.16494e-014
0,0,21,81,3.5,3,6.662e-016,94.5,99.75,2.09832e-014
0,1,20,82,3.5,3,6.661e-016,97.5,103.25,2.16494e-014
0,1,20,81,3.5,3,6.662e-016,94.5,103.25,2.09832e-014
0,1,20,80,3.5,3,6.66102e-016,91.5,103.25,2.03171e-014
0,1,21,80,3.5,3,6.66102e-016,91.5,99.75,2.03171e-014
0,1,22,80,3.5,3,6.66102e-016,91.5,96.25,2.03171e-014
0,1,22,81,3.5,3,6.662e-016,94.5,96.25,2.09832e-014
0,1,22,82,3.5,3,6.661e-016,97.5,96.25,2.16494e-014
0,1,21,82,3.5,3,6.661e-016,97.5,99.75,2.16494e-014
0,0,22,81,3.5,3,6.662e-016,94.5,96.25,2.09832e-014
0,1,21,82,3.5,3,6.661e-016,97.5,99.75,2.16494e-014
0,1,21,81,3.5,3,6.662e-016,94.5,99.75,2.09832e-014
0,1,21,80,3.5,3,6.66102e-016,91.5,99.75,2.03171e-014
0,1,22,80,3.5,3,6.66102e-016,91.5,96.25,2.03171e-014
0,1,23,80,3.5,3,6.66102e-016,91.5,92.75,2.03171e-014
0,1,23,81,3.5,3,6.662e-016,94.5,92.75,2.09832e-014
0,1,23,82,3.5,3,6.661e-016,97.5,92.75,2.16494e-014
0,1,22,82,3.5,3,6.661e-016,97.5,96.25,2.16494e-014
0,0,23,81,3.5,3,6.662e-016,94.5,92.75,2.09832e-014
0,1,22,82,3.5,3,6.661e-016,97.5,96.25,2.16494e-014
0,1,22,81,3.5,3,6.662e-016,94.5,96.25,2.09832e-014
0,1,22,80,3.5,3,6.66102e-016,91.5,96.25,2.03171e-014
0,1,23,80,3.5,3,6.66102e-016,91.5,92.75,2.03171e-014
0,1,24,80,3.5,3,6.66102e-016,91.5,89.25,2.03171e-014
0,1,24,81,3.5,3,6.662e-016,94.5,89.25,2.09832e-014
0,1,24,82,3.5,3,6.661e-016,97.5,89.25,2.16494e-014
0,1,23,82,3.5,3,6.661e-016,97.5,92.75,2.16494e-014
0,0,24,81,3.5,3,6.662e-016,94.5,89.25,2.09832e-014
0,1,23,82,3.5,3,6.661e-016,97.5,92.75,2.16494e-014
0,1,23,81,3.5,3,6.662e-016,94.5,92.75,2.09832e-014
0,1,23,80,3.5,3,6.66102e-016,91.5,92.75,2.03171e-014
0,1,24,80,3.5,3,6.66102e-016,91.5,89.25,2.03171e-014
0,1,25,80,3.5,3,6.66102e-016,91.5,85.75,2.03171e-014
0,1,25,81,3.5,3,6.662e-016,94.5,85.75,2.09832e-014
0,1,25,82,3.5,3,6.661e-016,97.5,85.75,2.16494e-014
0,1,24,82,3.5,3,6.661e-016,97.5,89.25,2.16494e-014
0,0,25,81,3.5,3,6.662e-016,94.5,85.75,2.09832e-014
0,1,24,82,3.5,3,6.661e-016,97.5,89.25,2.16494e-014
0,1,24,81,3.5,3,6.662e-016,94.5,89.25,2.09832e-014
0,1,24,80,3.5,3,6.66102e-016,91.5,89.25,2.03171e-014
0,1,25,80,3.5,3,6.66102e-016,91.5,85.75,2.03171e-014
0,1,26,80,3.5,3,6.66102e-016,91.5,82.25,2.03171e-014
0,1,26,81,3.5,3,6.662e-016,94.5,82.25,2.09832e-014
0,1,26,82,3.5,3,6.661e-016,97.5,82.25,2.16494e-014
0,1,25,82,3.5,3,6.661e-016,97.5,85.75,2.16494e-014
0,0,26,81,3.5,3,6.662e-016,94.5,82.25,2.09832e-014
0,1,25,82,3.5,3,6.661e-016,97.5,85.75,2.16494e-014
0,1,25,81,3.5,3,6.662e-016,94.5,85.75,2.09832e-014
0,1,25,80,3.5,3,6.66102e-016,91.5,85.75,2.03171e-014
0,1,26,80,3.5,3,6.66102e-016,91.5,82.25,2.03171e-014
0,1,27,80,3.5,3,6.66102e-016,91.5,78.75,2.03171e-014
0,1,27,81,3.5,3,6.662e-016,94.5,78.75,2.09832e-014
0,1,27,82,3.5,3,6.661e-016,97.5,78.75,2.16494e-014
0,1,26,82,3.5,3,6.661e-016,97.5,82.25,2.16494e-014
0,0,27,81,3.5,3,6.662e-016,94.5,78.75,2.09832e-014
0,1,26,82,3.5,3,6.661e-016,97.5,82.25,2.16494e-014
0,1,26,81,3.5,3,6.662e-016,94.5,82.25,2.09832e-014
0,1,26,80,3.5,3,6.66102e-016,91.5,82.25,2.03171e-014
0,1,27,80,3.5,3,6.66102e-016,91.5,78.75,2.03171e-014
0,1,28,80,3.5,3,6.66102e-016,91.5,75.25,2.03171e-014
0,1,28,81,3.5,3,6.662e-016,94.5,75.25,2.09832e-014
0,1,28,82,3.5,3,6.661e-016,97.5,75.25,2.16494e-014
0,1,27,82,3.5,3,6.661e-016,97.5,78.75,2.16494e-014
0,0,28,81,3.5,3,6.662e-016,94.5,75.25,2.09832e-014
0,1,27,82,3.5,3,6.661e-016,97.5,78.75,2.16494e-014
0,1,27,81,3.5,3,6.662e-016,94.5,78.75,2.09832e-014
0,1,27,80,3.5,3,6.66102e-016,91.5,78.75,2.03171e-014
0,1,28,80,3.5,3,6.66102e-016,91.5,75.25,2.03171e-014
1,1,0,0,0,0,0,0,0,0
1,1,0,0,0,0,0,0,0,0
1,1,0,0,0,0,0,0,0,0
0,1,28,82,3.5,3,6.661e-016,97.5,75.25,2.16494e-014
1,0,0,0,0,0,0,0,0,0
1,0,0,0,0,0,0,0,0,0
1,0,0,0,0,0,0,0,0,0
1,0,0,0,0,0,0,0,0,0
1,0,0,0,0,0,0,0,0,0
1,0,0,0,0,0,0,0,0,0
1,0,0,0,0,0,0,0,0,0
1,0,0,0,0,0,0,0,0,0
1,0,0,0,0,0,0,0,0,0
1,0,0,0,0,0,0,0,0,0
1,0,0,0,0,0,0,0,0,0
1,0,0,0,0,0,0,0,0,0
1,0,0,0,0,0,0,0,0,0
1,0,0,0,0,0,0,0,0,0
1,0,0,0,0,0,0,0,0,0
1,0,0,0,0,0,0,0,0,0
1,0,0,0,0,0,0,0,0,0
1,0,0,0,0,0,0,0,0,0
1,0,0,0,0,0,0,0,0,0
1,0,0,0,0,0,0,0,0,0
1,0,0,0,0,0,0,0,0,0
1,0,0,0,0,0,0,0,0,0
1,0,0,0,0,0,0,0,0,0
1,0,0,0,0,0,0,0,0,0
1,0,0,0,0,0,0,0,0,0
1,0,0,0,0,0,0,0,0,0
1,0,0,0,0,0,0,0,0,0
1,0,0,0,0,0,0,0,0,0
1,0,0,0,0,0,0,0,0,0
1,0,0,0,0,0,0,0,0,0
1,0,0,0,0,0,0,0,0,0
1,0,0,0,0,0,0,0,0,0
1,0,0,0,0,0,0,0,0,0
1,0,0,0,0,0,0,0,0,0
1,0,0,0,0,0,0,0,0,0
1,0,0,0,0,0,0,0,0,0
1,0,0,0,0,0,0,0,0,0
1,0,0,0,0,0,0,0,0,0
1,0,0,0,0,0,0,0,0,0
1,0,0,0,0,0,0,0,0,0
1,0,0,0,0,0,0,0,0,0
1,0,0,0,0,0,0,0,0,0
1,0,0,0,0,0,0,0,0,0
1,0,0,0,0,0,0,0,0,0
1,0,0,0,0,0,0,0,0,0
1,0,0,0,0,0,0,0,0,0
1,0,0,0,0,0,0,0,0,0
1,0,0,0,0,0,0,0,0,0
1,0,0,0,0,0,0,0,0,0
1,0,0,0,0,0,0,0,0,0
1,0,0,0,0,0,0,0,0,0
1,0,0,0,0,0,0,0,0,0
1,0,0,0,0,0,0,0,0,0
1,0,0,0,0,0,0,0,0,0
1,0,0,0,0,0,0,0,0,0
1,0,0,0,0,0,0,0,0,0
1,0,0,0,0,0,0,0,0,0
1,0,0,0,0,0,0,0,0,0
1,0,0,0,0,0,0,0,0,0
1,0,0,0,0,0,0,0,0,0
1,0,0,0,0,0,0,0,0,0
1,0,0,0,0,0,0,0,0,0
1,0,0,0,0,0,0,0,0,0
1,0,0,0,0,0,0,0,0,0
1,0,0,0,0,0,0,0,0,0
1,0,0,0,0,0,0,0,0,0
1,0,0,0,0,0,0,0,0,0
1,0,0,0,0,0,0,0,0,0
1,0,0,0,0,0,0,0,0,0
1,0,0,0,0,0,0,0,0,0
1,0,0,0,0,0,0,0,0,0
1,0,0,0,0,0,0,0,0,0
1,0,0,0,0,0,0,0,0,0
1,0,0,0,0,0,0,0,0,0
1,0,0,0,0,0,0,0,0,0
1,0,0,0,0,0,0,0,0,0
1,0,0,0,0,0,0,0,0,0
1,0,0,0,0,0,0,0,0,0
1,0,0,0,0,0,0,0,0,0
1,0,0,0,0,0,0,0,0,0
1,0,0,0,0,0,0,0,0,0
1,0,0,0,0,0,0,0,0,0
1,0,0,0,0,0,0,0,0,0
1,0,0,0,0,0,0,0,0,0
1,0,0,0,0,0,0,0,0,0
1,0,0,0,0,0,0,0,0,0
1,0,0,0,0,0,0,0,0,0
1,0,0,0,0,0,0,0,0,0
1,0,0,0,0,0,0,0,0,0
1,0,0,0,0,0,0,0,0,0
0,0,19,82,3.5,3,6.661e-016,97.5,106.75,2.16494e-014
1,1,0,0,0,0,0,0,0,0
1,1,0,0,0,0,0,0,0,0
1,1,0,0,0,0,0,0,0,0
0,1,19,81,3.5,3,6.662e-016,94.5,106.75,2.09832e-014
0,1,20,81,3.5,3,6.662e-016,94.5,103.25,2.09832e-014
0,1,20,82,3.5,3,6.661e-016,97.5,103.25,2.16494e-014
0,1,20,83,3.5,3,6.661e-016,100.5,103.25,2.23155e-014
0,1,19,83,3.5,3,6.661e-016,100.5,106.75,2.23155e-014
0,0,20,82,3.5,3,6.661e-016,97.5,103.25,2.16494e-014
0,1,19,83,3.5,3,6.661e-016,100.5,106.75,2.23155e-014
0,1,19,82,3.5,3,6.661e-016,97.5,106.75,2.16494e-014
0,1,19,81,3.5,3,6.662e-016,94.5,106.75,2.09832e-014
0,1,20,81,3.5,3,6.662e-016,94.5,103.25,2.09832e-014
0,1,21,81,3.5,3,6.662e-016,94.5,99.75,2.09832e-014
0,1,21,82,3.5,3,6.661e-016,97.5,99.75,2.16494e-014
0,1,21,83,3.5,3,6.661e-016,100.5,99.75,2.23155e-014
0,1,20,83,3.5,3,6.661e-016,100.5,103.25,2.23155e-014
0,0,21,82,3.5,3,6.661e-016,97.5,99.75,2.16494e-014
0,1,20,83,3.5,3,6.661e-016,100.5,103.25,2.23155e-014
0,1,20,82,3.5,3,6.661e-016,97.5,103.25,2.16494e-014
0,1,20,81,3.5,3,6.662e-016,94.5,103.25,2.09832e-014
0,1,21,81,3.5,3,6.662e-016,94.5,99.75,2.09832e-014
0,1,22,81,3.5,3,6.662e-016,94.5,96.25,2.09832e-014
0,1,22,82,3.5,3,6.661e-016,97.5,96.25,2.16494e-014
0,1,22,83,3.5,3,6.661e-016,100.5,96.25,2.23155e-014
0,1,21,83,3.5,3,6.661e-016,100.5,99.75,2.23155e-014
0,0,22,82,3.5,3,6.661e-016,97.5,96.25,2.16494e-014
0,1,21,83,3.5,3,6.661e-016,100.5,99.75,2.23155e-014
0,1,21,82,3.5,3,6.661e-016,97.5,99.75,2.16494e-014
0,1,21,81,3.5,3,6.662e-016,94.5,99.75,2.09832e-014
0,1,22,81,3.5,3,6.662e-016,94.5,96.25,2.09832e-014
0,1,23,81,3.5,3,6.662e-016,94.5,92.75,2.09832e-014
0,1,23,82,3.5,3,6.661e-016,97.5,92.75,2.16494e-014
0,1,23,83,3.5,3,6.661e-016,100.5,92.75,2.23155e-014
0,1,22,83,3.5,3,6.661e-016,100.5,96.25,2.23155e-014
0,0,23,82,3.5,3,6.661e-016,97.5,92.75,2.16494e-014
0,1,22,83,3.5,3,6.661e-016,100.5,96.25,2.23155e-014
0,1,22,82,3.5,3,6.661e-016,97.5,96.25,2.16494e-014
0,1,22,81,3.5,3,6.662e-016,94.5,96.25,2.09832e-014
0,1,23,81,3.5,3,6.662e-016,94.5,92.75,2.09832e-014
0,1,24,81,3.5,3,6.662e-016,94.5,89.25,2.09832e-014
0,1,24,82,3.5,3,6.661e-016,97.5,89.25,2.16494e-014
0,1,24,83,3.5,3,6.661e-016,100.5,89.25,2.23155e-014
0,1,23,83,3.5,3,6.661e-016,100.5,92.75,2.23155e-014
0,0,24,82,3.5,3,6.661e-016,97.5,89.25,2.16494e-014
0,1,23,83,3.5,3,6.661e-016,100.5,92.75,2.23155e-014
0,1,23,82,3.5,3,6.661e-016,97.5,92.75,2.16494e-014
0,1,23,81,3.5,3,6.662e-016,94.5,92.75,2.09832e-014
0,1,24,81,3.5,3,6.662e-016,94.5,89.25,2.09832e-014
0,1,25,81,3.5,3,6.662e-016,94.5,85.75,2.09832e-014
0,1,25,82,3.5,3,6.661e-016,97.5,85.75,2.16494e-014
0,1,25,83,3.5,3,6.661e-016,100.5,85.75,2.23155e-014
0,1,24,83,3.5,3,6.661e-016,100.5,89.25,2.23155e-014
0,0,25,82,3.5,3,6.661e-016,97.5,85.75,2.16494e-014
0,1,24,83,3.5,3,6.661e-016,100.5,89.25,2.23155e-014
0,1,24,82,3.5,3,6.661e-016,97.5,89.25,2.16494e-014
0,1,24,81,3.5,3,6.662e-016,94.5,89.25,2.09832e-014
0,1,25,81,3.5,3,6.662e-016,94.5,85.75,2.09832e-014
0,1,26,81,3.5,3,6.662e-016,94.5,82.25,2.09832e-014
0,1,26,82,3.5,3,6.661e-016,97.5,82.25,2.16494e-014
0,1,26,83,3.5,3,6.661e-016,100.5,82.25,2.23155e-014
0,1,25,83,3.5,3,6.661e-016,100.5,85.75,2.23155e-014
0,0,26,82,3.5,3,6.661e-016,97.5,82.25,2.16494e-014
0,1,25,83,3.5,3,6.661e-016,100.5,85.75,2.23155e-014
0,1,25,82,3.5,3,6.661e-016,97.5,85.75,2.16494e-014
0,1,25,81,3.5,3,6.662e-016,94.5,85.75,2.09832e-014
0,1,26,81,3.5,3,6.662e-016,94.5,82.25,2.09832e-014
0,1,27,81,3.5,3,6.662e-016,94.5,78.75,2.09832e-014
0,1,27,82,3.5,3,6.661e-016,97.5,78.75,2.16494e-014
0,1,27,83,3.5,3,6.661e-016,100.5,78.75,2.23155e-014
0,1,26,83,3.5,3,6.661e-016,100.5,82.25,2.23155e-014
0,0,27,82,3.5,3,6.661e-016,97.5,78.75,2.16494e-014
0,1,26,83,3.5,3,6.661e-016,100.5,82.25,2.23155e-014
0,1,26,82,3.5,3,6.661e-016,97.5,82.25,2.16494e-014
0,1,26,81,3.5,3,6.662e-016,94.5,82.25,2.09832e-014
0,1,27,81,3.5,3,6.662e-016,94.5,78.75,2.09832e-014
0,1,28,81,3.5,3,6.662e-016,94.5,75.25,2.09832e-014
0,1,28,82,3.5,3,6.661e-016,97.5,75.25,2.16494e-014
0,1,28,83,3.5,3,6.661e-016,100.5,75.25,2.23155e-014
0,1,27,83,3.5,3,6.661e-016,100.5,78.75,2.23155e-014
0,0,28,82,3.5,3,6.661e-016,97.5,75.25,2.16494e-014
0,1,27,83,3.5,3,6.661e-016,100.5,78.75,2.23155e-014
0,1,27,82,3.5,3,6.661e-016,97.5,78.75,2.16494e-014
0,1,27,81,3.5,3,6.662e-016,94.5,78.75,2.09832e-014
0,1,28,81,3.5,3,6.662e-016,94.5,75.25,2.09832e-014
1,1,0,0,0,0,0,0,0,0
1,1,0,0,0,0,0,0,0,0
1,1,0,0,0,0,0,0,0,0
0,1,28,83,3.5,3,6.661e-016,100.5,75.25,2.23155e-014
1,0,0,0,0,0,0,0,0,0
1,0,0,0,0,0,0,0,0,0
1,0,0,0,0,0,0,0,0,0
1,0,0,0,0,0,0,0,0,0
1,0,0,0,0,0,0,0,0,0
1,0,0,0,0,0,0,0,0,0
1,0,0,0,0,0,0,0,0,0
1,0,0,0,0,0,0,0,0,0
1,0,0,0,0,0,0,0,0,0
1,0,0,0,0,0,0,0,0,0
1,0,0,0,0,0,0,0,0,0
1,0,0,0,0,0,0,0,0,0
1,0,0,0,0,0,0,0,0,0
1,0,0,0,0,0,0,0,0,0
1,0,0,0,0,0,0,0,0,0
1,0,0,0,0,0,0,0,0,0
1,0,0,0,0,0,0,0,0,0
1,0,0,0,0,0,0,0,0,0
1,0,0,0,0,0,0,0,0,0
1,0,0,0,0,0,0,0,0,0
1,0,0,0,0,0,0,0,0,0
1,0,0,0,0,0,0,0,0,0
1,0,0,0,0,0,0,0,0,0
1,0,0,0,0,0,0,0,0,0
1,0,0,0,0,0,0,0,0,0
1,0,0,0,0,0,0,0,0,0
1,0,0,0,0,0,0,0,0,0
1,0,0,0,0,0,0,0,0,0
1,0,0,0,0,0,0,0,0,0
1,0,0,0,0,0,0,0,0,0
1,0,0,0,0,0,0,0,0,0
1,0,0,0,0,0,0,0,0,0
1,0,0,0,0,0,0,0,0,0
1,0,0,0,0,0,0,0,0,0
1,0,0,0,0,0,0,0,0,0
1,0,0,0,0,0,0,0,0,0
1,0,0,0,0,0,0,0,0,0
1,0,0,0,0,0,0,0,0,0
1,0,0,0,0,0,0,0,0,0
1,0,0,0,0,0,0,0,0,0
1,0,0,0,0,0,0,0,0,0
1,0,0,0,0,0,0,0,0,0
1,0,0,0,0,0,0,0,0,0
1,0,0,0,0,0,0,0,0,0
1,0,0,0,0,0,0,0,0,0
1,0,0,0,0,0,0,0,0,0
1,0,0,0,0,0,0,0,0,0
1,0,0,0,0,0,0,0,0,0
1,0,0,0,0,0,0,0,0,0
1,0,0,0,0,0,0,0,0,0
1,0,0,0,0,0,0,0,0,0
1,0,0,0,0,0,0,0,0,0
1,0,0,0,0,0,0,0,0,0
1,0,0,0,0,0,0,0,0,0
1,0,0,0,0,0,0,0,0,0
1,0,0,0,0,0,0,0,0,0
1,0,0,0,0,0,0,0,0,0
1,0,0,0,0,0,0,0,0,0
1,0,0,0,0,0,0,0,0,0
1,0,0,0,0,0,0,0,0,0
1,0,0,0,0,0,0,0,0,0
1,0,0,0,0,0,0,0,0,0
1,0,0,0,0,0,0,0,0,0
1,0,0,0,0,0,0,0,0,0
1,0,0,0,0,0,0,0,0,0
1,0,0,0,0,0,0,0,0,0
1,0,0,0,0,0,0,0,0,0
1,0,0,0,0,0,0,0,0,0
1,0,0,0,0,0,0,0,0,0
1,0,0,0,0,0,0,0,0,0
1,0,0,0,0,0,0,0,0,0
1,0,0,0,0,0,0,0,0,0
1,0,0,0,0,0,0,0,0,0
1,0,0,0,0,0,0,0,0,0
1,0,0,0,0,0,0,0,0,0
1,0,0,0,0,0,0,0,0,0
1,0,0,0,0,0,0,0,0,0
1,0,0,0,0,0,0,0,0,0
1,0,0,0,0,0,0,0,0,0
1,0,0,0,0,0,0,0,0,0
1,0,0,0,0,0,0,0,0,0
1,0,0,0,0,0,0,0,0,0
1,0,0,0,0,0,0,0,0,0
1,0,0,0,0,0,0,0,0,0
1,0,0,0,0,0,0,0,0,0
1,0,0,0,0,0,0,0,0,0
1,0,0,0,0,0,0,0,0,0
1,0,0,0,0,0,0,0,0,0
1,0,0,0,0,0,0,0,0,0
1,0,0,0,0,0,0,0,0,0
0,0,19,83,3.5,3,6.661e-016,100.5,106.75,2.23155e-014
1,1,0,0,0,0,0,0,0,0
1,1,0,0,0,0,0,0,0,0
1,1,0,0,0,0,0,0,0,0
0,1,19,82,3.5,3,6.661e-016,97.5,106.75,2.16494e-014
0,1,20,82,3.5,3,6.661e-016,97.5,103.25,2.16494e-014
0,1,20,83,3.5,3,6.661e-016,100.5,103.25,2.23155e-014
0,1,20,84,3.5,3,6.662e-016,103.5,103.25,2.29816e-014
0,1,19,84,3.5,3,6.662e-016,103.5,106.75,2.29816e-014
0,0,20,83,3.5,3,6.661e-016,100.5,103.25,2.23155e-014
0,1,19,84,3.5,3,6.662e-016,103.5,106.75,2.29816e-014
0,1,19,83,3.5,3,6.661e-016,100.5,106.75,2.23155e-014
0,1,19,82,3.5,3,6.661e-016,97.5,106.75,2.16494e-014
0,1,20,82,3.5,3,6.661e-016,97.5,103.25,2.16494e-014
0,1,21,82,3.5,3,6.661e-016,97.5,99.75,2.16494e-014
0,1,21,83,3.5,3,6.661e-016,100.5,99.75,2.23155e-014
0,1,21,84,3.5,3,6.662e-016,103.5,99.75,2.29816e-014
0,1,20,84,3.5,3,6.662e-016,103.5,103.25,2.29816e-014
0,0,21,83,3.5,3,6.661e-016,100.5,99.75,2.23155e-014
0,1,20,84,3.5,3,6.662e-016,103.5,103.25,2.29816e-014
0,1,20,83,3.5,3,6.661e-016,100.5,103.25,2.23155e-014
0,1,20,82,3.5,3,6.661e-016,97.5,103.25,2.16494e-014
0,1,21,82,3.5,3,6.661e-016,97.5,99.75,2.16494e-014
0,1,22,82,3.5,3,6.661e-016,97.5,96.25,2.16494e-014
0,1,22,83,3.5,3,6.661e-016,100.5,96.25,2.23155e-014
0,1,22,84,3.5,3,6.662e-016,103.5,96.25,2.29816e-014
0,1,21,84,3.5,3,6.662e-016,103.5,99.75,2.29816e-014
0,0,22,83,3.5,3,6.661e-016,100.5,96.25,2.23155e-014
0,1,21,84,3.5,3,6.662e-016,103.5,99.75,2.29816e-014
0,1,21,83,3.5,3,6.661e-016,100.5,99.75,2.23155e-014
0,1,21,82,3.5,3,6.661e-016,97.5,99.75,2.16494e-014
0,1,22,82,3.5,3,6.661e-016,97.5,96.25,2.16494e-014
0,1,23,82,3.5,3,6.661e-016,97.5,92.75,2.16494e-014
0,1,23,83,3.5,3,6.661e-016,100.5,92.75,2.23155e-014
0,1,23,84,3.5,3,6.662e-016,103.5,92.75,2.29816e-014
0,1,22,84,3.5,3,6.662e-016,103.5,96.25,2.29816e-014
0,0,23,83,3.5,3,6.661e-016,100.5,92.75,2.23155e-014
0,1,22,84,3.5,3,6.662e-016,103.5,96.25,2.29816e-014
0,1,22,83,3.5,3,6.661e-016,100.5,96.25,2.23155e-014
0,1,22,82,3.5,3,6.661e-016,97.5,96.25,2.16494e-014
0,1,23,82,3.5,3,6.661e-016,97.5,92.75,2.16494e-014
0,1,24,82,3.5,3,6.661e-016,97.5,89.25,2.16494e-014
0,1,24,83,3.5,3,6.661e-016,100.5,89.25,2.23155e-014
0,1,24,84,3.5,3,6.662e-016,103.5,89.25,2.29816e-014
0,1,23,84,3.5,3,6.662e-016,103.5,92.75,2.29816e-014
0,0,24,83,3.5,3,6.661e-016,100.5,89.25,2.23155e-014
0,1,23,84,3.5,3,6.662e-016,103.5,92.75,2.29816e-014
0,1,23,83,3.5,3,6.661e-016,100.5,92.75,2.23155e-014
0,1,23,82,3.5,3,6.661e-016,97.5,92.75,2.16494e-014
0,1,24,82,3.5,3,6.661e-016,97.5,89.25,2.16494e-014
0,1,25,82,3.5,3,6.661e-016,97.5,85.75,2.16494e-014
0,1,25,83,3.5,3,6.661e-016,100.5,85.75,2.23155e-014
0,1,25,84,3.5,3,6.662e-016,103.5,85.75,2.29816e-014
0,1,24,84,3.5,3,6.662e-016,103.5,89.25,2.29816e-014
0,0,25,83,3.5,3,6.661e-016,100.5,85.75,2.23155e-014
0,1,24,84,3.5,3,6.662e-016,103.5,89.25,2.29816e-014
0,1,24,83,3.5,3,6.661e-016,100.5,89.25,2.23155e-014
0,1,24,82,3.5,3,6.661e-016,97.5,89.25,2.16494e-014
0,1,25,82,3.5,3,6.661e-016,97.5,85.75,2.16494e-014
0,1,26,82,3.5,3,6.661e-016,97.5,82.25,2.16494e-014
0,1,26,83,3.5,3,6.661e-016,100.5,82.25,2.23155e-014
0,1,26,84,3.5,3,6.662e-016,103.5,82.25,2.29816e-014
0,1,25,84,3.5,3,6.662e-016,103.5,85.75,2.29816e-014
0,0,26,83,3.5,3,6.661e-016,100.5,82.25,2.23155e-014
0,1,25,84,3.5,3,6.662e-016,103.5,85.75,2.29816e-014
0,1,25,83,3.5,3,6.661e-016,100.5,85.75,2.23155e-014
0,1,25,82,3.5,3,6.661e-016,97.5,85.75,2.16494e-014
0,1,26,82,3.5,3,6.661e-016,97.5,82.25,2.16494e-014
0,1,27,82,3.5,3,6.661e-016,97.5,78.75,2.16494e-014
0,1,27,83,3.5,3,6.661e-016,100.5,78.75,2.23155e-014
0,1,27,84,3.5,3,6.662e-016,103.5,78.75,2.29816e-014
0,1,26,84,3.5,3,6.662e-016,103.5,82.25,2.29816e-014
0,0,27,83,3.5,3,6.661e-016,100.5,78.75,2.23155e-014
0,1,26,84,3.5,3,6.662e-016,103.5,82.25,2.29816e-014
0,1,26,83,3.5,3,6.661e-016,100.5,82.25,2.23155e-014
0,1,26,82,3.5,3,6.661e-016,97.5,82.25,2.16494e-014
0,1,27,82,3.5,3,6.661e-016,97.5,78.75,2.16494e-014
0,1,28,82,3.5,3,6.661e-016,97.5,75.25,2.16494e-014
0,1,28,83,3.5,3,6.661e-016,100.5,75.25,2.23155e-014
0,1,28,84,3.5,3,6.662e-016,103.5,75.25,2.29816e-014
0,1,27,84,3.5,3,6.662e-016,103.5,78.75,2.29816e-014
0,0,28,83,3.5,3,6.661e-016,100.5,75.25,2.23155e-014
0,1,27,84,3.5,3,6.662e-016,103.5,78.75,2.29816e-014
0,1,27,83,3.5,3,6.661e-016,100.5,78.75,2.23155e-014
0,1,27,82,3.5,3,6.661e-016,97.5,78.75,2.16494e-014
0,1,28,82,3.5,3,6.661e-016,97.5,75.25,2.16494e-014
1,1,0,0,0,0,0,0,0,0
1,1,0,0,0,0,0,0,0,0
0,1,29,84,3.5,3,6.662e-016,103.5,71.75,2.29816e-014
0,1,28,84,3.5,3,6.662e-016,103.5,75.25,2.29816e-014
1,0,0,0,0,0,0,0,0,0
1,0,0,0,0,0,0,0,0,0
1,0,0,0,0,0,0,0,0,0
1,0,0,0,0,0,0,0,0,0
1,0,0,0,0,0,0,0,0,0
1,0,0,0,0,0,0,0,0,0
1,0,0,0,0,0,0,0,0,0
1,0,0,0,0,0,0,0,0,0
1,0,0,0,0,0,0,0,0,0
1,0,0,0,0,0,0,0,0,0
1,0,0,0,0,0,0,0,0,0
1,0,0,0,0,0,0,0,0,0
1,0,0,0,0,0,0,0,0,0
1,0,0,0,0,0,0,0,0,0
1,0,0,0,0,0,0,0,0,0
1,0,0,0,0,0,0,0,0,0
1,0,0,0,0,0,0,0,0,0
1,0,0,0,0,0,0,0,0,0
1,0,0,0,0,0,0,0,0,0
1,0,0,0,0,0,0,0,0,0
1,0,0,0,0,0,0,0,0,0
1,0,0,0,0,0,0,0,0,0
1,0,0,0,0,0,0,0,0,0
1,0,0,0,0,0,0,0,0,0
1,0,0,0,0,0,0,0,0,0
1,0,0,0,0,0,0,0,0,0
1,0,0,0,0,0,0,0,0,0
1,0,0,0,0,0,0,0,0,0
1,0,0,0,0,0,0,0,0,0
1,0,0,0,0,0,0,0,0,0
1,0,0,0,0,0,0,0,0,0
1,0,0,0,0,0,0,0,0,0
1,0,0,0,0,0,0,0,0,0
1,0,0,0,0,0,0,0,0,0
1,0,0,0,0,0,0,0,0,0
1,0,0,0,0,0,0,0,0,0
1,0,0,0,0,0,0,0,0,0
1,0,0,0,0,0,0,0,0,0
1,0,0,0,0,0,0,0,0,0
1,0,0,0,0,0,0,0,0,0
1,0,0,0,0,0,0,0,0,0
1,0,0,0,0,0,0,0,0,0
1,0,0,0,0,0,0,0,0,0
1,0,0,0,0,0,0,0,0,0
1,0,0,0,0,0,0,0,0,0
1,0,0,0,0,0,0,0,0,0
1,0,0,0,0,0,0,0,0,0
1,0,0,0,0,0,0,0,0,0
1,0,0,0,0,0,0,0,0,0
1,0,0,0,0,0,0,0,0,0
1,0,0,0,0,0,0,0,0,0
1,0,0,0,0,0,0,0,0,0
1,0,0,0,0,0,0,0,0,0
1,0,0,0,0,0,0,0,0,0
1,0,0,0,0,0,0,0,0,0
1,0,0,0,0,0,0,0,0,0
1,0,0,0,0,0,0,0,0,0
1,0,0,0,0,0,0,0,0,0
1,0,0,0,0,0,0,0,0,0
1,0,0,0,0,0,0,0,0,0
1,0,0,0,0,0,0,0,0,0
1,0,0,0,0,0,0,0,0,0
1,0,0,0,0,0,0,0,0,0
1,0,0,0,0,0,0,0,0,0
1,0,0,0,0,0,0,0,0,0
1,0,0,0,0,0,0,0,0,0
1,0,0,0,0,0,0,0,0,0
1,0,0,0,0,0,0,0,0,0
1,0,0,0,0,0,0,0,0,0
1,0,0,0,0,0,0,0,0,0
1,0,0,0,0,0,0,0,0,0
1,0,0,0,0,0,0,0,0,0
1,0,0,0,0,0,0,0,0,0
1,0,0,0,0,0,0,0,0,0
1,0,0,0,0,0,0,0,0,0
1,0,0,0,0,0,0,0,0,0
1,0,0,0,0,0,0,0,0,0
1,0,0,0,0,0,0,0,0,0
1,0,0,0,0,0,0,0,0,0
1,0,0,0,0,0,0,0,0,0
1,0,0,0,0,0,0,0,0,0
1,0,0,0,0,0,0,0,0,0
1,0,0,0,0,0,0,0,0,0
1,0,0,0,0,0,0,0,0,0
1,0,0,0,0,0,0,0,0,0
1,0,0,0,0,0,0,0,0,0
1,0,0,0,0,0,0,0,0,0
1,0,0,0,0,0,0,0,0,0
1,0,0,0,0,0,0,0,0,0
1,0,0,0,0,0,0,0,0,0
0,0,19,84,3.5,3,6.662e-016,103.5,106.75,2.29816e-014
1,1,0,0,0,0,0,0,0,0
1,1,0,0,0,0,0,0,0,0
1,1,0,0,0,0,0,0,0,0
0,1,19,83,3.5,3,6.661e-016,100.5,106.75,2.23155e-014
0,1,20,83,3.5,3,6.661e-016,100.5,103.25,2.23155e-014
0,1,20,84,3.5,3,6.662e-016,103.5,103.25,2.29816e-014
0,1,20,85,3.5,3,6.661e-016,106.5,103.25,2.36478e-014
0,1,19,85,3.5,3,6.661e-016,106.5,106.75,2.36478e-014
0,0,20,84,3.5,3,6.662e-016,103.5,103.25,2.29816e-014
0,1,19,85,3.5,3,6.661e-016,106.5,106.75,2.36478e-014
0,1,19,84,3.5,3,6.662e-016,103.5,106.75,2.29816e-014
0,1,19,83,3.5,3,6.661e-016,100.5,106.75,2.23155e-014
0,1,20,83,3.5,3,6.661e-016,100.5,103.25,2.23155e-014
0,1,21,83,3.5,3,6.661e-016,100.5,99.75,2.23155e-014
0,1,21,84,3.5,3,6.662e-016,103.5,99.75,2.29816e-014
0,1,21,85,3.5,3,6.661e-016,106.5,99.75,2.36478e-014
0,1,20,85,3.5,3,6.661e-016,106.5,103.25,2.36478e-014
0,0,21,84,3.5,3,6.662e-016,103.5,99.75,2.29816e-014
0,1,20,85,3.5,3,6.661e-016,106.5,103.25,2.36478e-014
0,1,20,84,3.5,3,6.662e-016,103.5,103.25,2.29816e-014
0,1,20,83,3.5,3,6.661e-016,100.5,103.25,2.23155e-014
0,1,21,83,3.5,3,6.661e-016,100.5,99.75,2.23155e-014
0,1,22,83,3.5,3,6.661e-016,100.5,96.25,2.23155e-014
0,1,22,84,3.5,3,6.662e-016,103.5,96.25,2.29816e-014
0,1,22,85,3.5,3,6.661e-016,106.5,96.25,2.36478e-014
0,1,21,85,3.5,3,6.661e-016,106.5,99.75,2.36478e-014
0,0,22,84,3.5,3,6.662e-016,103.5,96.25,2.29816e-014
0,1,21,85,3.5,3,6.661e-016,106.5,99.75,2.36478e-014
0,1,21,84,3.5,3,6.662e-016,103.5,99.75,2.29816e-014
0,1,21,83,3.5,3,6.661e-016,100.5,99.75,2.23155e-014
0,1,22,83,3.5,3,6.661e-016,100.5,96.25,2.23155e-014
0,1,23,83,3.5,3,6.661e-016,100.5,92.75,2.23155e-014
0,1,23,84,3.5,3,6.662e-016,103.5,92.75,2.29816e-014
0,1,23,85,3.5,3,6.661e-016,106.5,92.75,2.36478e-014
0,1,22,85,3.5,3,6.661e-016,106.5,96.25,2.36478e-014
0,0,23,84,3.5,3,6.662e-016,103.5,92.75,2.29816e-014
0,1,22,85,3.5,3,6.661e-016,106.5,96.25,2.36478e-014
0,1,22,84,3.5,3,6.662e-016,103.5,96.25,2.29816e-014
0,1,22,83,3.5,3,6.661e-016,100.5,96.25,2.23155e-014
0,1,23,83,3.5,3,6.661e-016,100.5,92.75,2.23155e-014
0,1,24,83,3.5,3,6.661e-016,100.5,89.25,2.23155e-014
0,1,24,84,3.5,3,6.662e-016,103.5,89.25,2.29816e-014
0,1,24,85,3.5,3,6.661e-016,106.5,89.25,2.36478e-014
0,1,23,85,3.5,3,6.661e-016,106.5,92.75,2.36478e-014
0,0,24,84,3.5,3,6.662e-016,103.5,89.25,2.29816e-014
0,1,23,85,3.5,3,6.661e-016,106.5,92.75,2.36478e-014
0,1,23,84,3.5,3,6.662e-016,103.5,92.75,2.29816e-014
0,1,23,83,3.5,3,6.661e-016,100.5,92.75,2.23155e-014
0,1,24,83,3.5,3,6.661e-016,100.5,89.25,2.23155e-014
0,1,25,83,3.5,3,6.661e-016,100.5,85.75,2.23155e-014
0,1,25,84,3.5,3,6.662e-016,103.5,85.75,2.29816e-014
0,1,25,85,3.5,3,6.661e-016,106.5,85.75,2.36478e-014
0,1,24,85,3.5,3,6.661e-016,106.5,89.25,2.36478e-014
0,0,25,84,3.5,3,6.662e-016,103.5,85.75,2.29816e-014
0,1,24,85,3.5,3,6.661e-016,106.5,89.25,2.36478e-014
0,1,24,84,3.5,3,6.662e-016,103.5,89.25,2.29816e-014
0,1,24,83,3.5,3,6.661e-016,100.5,89.25,2.23155e-014
0,1,25,83,3.5,3,6.661e-016,100.5,85.75,2.23155e-014
0,1,26,83,3.5,3,6.661e-016,100.5,82.25,2.23155e-014
0,1,26,84,3.5,3,6.662e-016,103.5,82.25,2.29816e-014
0,1,26,85,3.5,3,6.661e-016,106.5,82.25,2.36478e-014
0,1,25,85,3.5,3,6.661e-016,106.5,85.75,2.36478e-014
0,0,26,84,3.5,3,6.662e-016,103.5,82.25,2.29816e-014
0,1,25,85,3.5,3,6.661e-016,106.5,85.75,2.36478e-014
0,1,25,84,3.5,3,6.662e-016,103.5,85.75,2.29816e-014
0,1,25,83,3.5,3,6.661e-016,100.5,85.75,2.23155e-014
0,1,26,83,3.5,3,6.661e-016,100.5,82.25,2.23155e-014
0,1,27,83,3.5,3,6.661e-016,100.5,78.75,2.23155e-014
0,1,27,84,3.5,3,6.662e-016,103.5,78.75,2.29816e-014
0,1,27,85,3.5,3,6.661e-016,106.5,78.75,2.36478e-014
0,1,26,85,3.5,3,6.661e-016,106.5,82.25,2.36478e-014
0,0,27,84,3.5,3,6.662e-016,103.5,78.75,2.29816e-014
0,1,26,85,3.5,3,6.661e-016,106.5,82.25,2.36478e-014
0,1,26,84,3.5,3,6.662e-016,103.5,82.25,2.29816e-014
0,1,26,83,3.5,3,6.661e-016,100.5,82.25,2.23155e-014
0,1,27,83,3.5,3,6.661e-016,100.5,78.75,2.23155e-014
0,1,28,83,3.5,3,6.661e-016,100.5,75.25,2.23155e-014
0,1,28,84,3.5,3,6.662e-016,103.5,75.25,2.29816e-014
0,1,28,85,3.5,3,6.661e-016,106.5,75.25,2.36478e-014
0,1,27,85,3.5,3,6.661e-016,106.5,78.75,2.36478e-014
0,0,28,84,3.5,3,6.662e-016,103.5,75.25,2.29816e-014
0,1,27,85,3.5,3,6.661e-016,106.5,78.75,2.36478e-014
0,1,27,84,3.5,3,6.662e-016,103.5,78.75,2.29816e-014
0,1,27,83,3.5,3,6.661e-016,100.5,78.75,2.23155e-014
0,1,28,83,3.5,3,6.661e-016,100.5,75.25,2.23155e-014
1,1,0,0,0,0,0,0,0,0
0,1,29,84,3.5,3,6.662e-016,103.5,71.75,2.29816e-014
0,1,29,85,3.5,3,6.661e-016,106.5,71.75,2.36478e-014
0,1,28,85,3.5,3,6.661e-016,106.5,75.25,2.36478e-014
0,0,29,84,3.5,3,6.662e-016,103.5,71.75,2.29816e-014
0,1,28,85,3.5,3,6.661e-016,106.5,75.25,2.36478e-014
0,1,28,84,3.5,3,6.662e-016,103.5,75.25,2.29816e-014
0,1,28,83,3.5,3,6.661e-016,100.5,75.25,2.23155e-014
1,1,0,0,0,0,0,0,0,0
1,1,0,0,0,0,0,0,0,0
0,1,30,84,3.5,3,6.662e-016,103.5,68.25,2.29816e-014
0,1,30,85,3.5,3,6.661e-016,106.5,68.25,2.36478e-014
0,1,29,85,3.5,3,6.661e-016,106.5,71.75,2.36478e-014
0,0,30,84,3.5,3,6.662e-016,103.5,68.25,2.29816e-014
0,1,29,85,3.5,3,6.661e-016,106.5,71.75,2.36478e-014
0,1,29,84,3.5,3,6.662e-016,103.5,71.75,2.29816e-014
1,1,0,0,0,0,0,0,0,0
1,1,0,0,0,0,0,0,0,0
1,1,0,0,0,0,0,0,0,0
1,1,0,0,0,0,0,0,0,0
0,1,31,85,3.5,3,6.661e-016,106.5,64.75,2.36478e-014
0,1,30,85,3.5,3,6.661e-016,106.5,68.25,2.36478e-014
1,0,0,0,0,0,0,0,0,0
1,0,0,0,0,0,0,0,0,0
1,0,0,0,0,0,0,0,0,0
1,0,0,0,0,0,0,0,0,0
1,0,0,0,0,0,0,0,0,0
1,0,0,0,0,0,0,0,0,0
1,0,0,0,0,0,0,0,0,0
1,0,0,0,0,0,0,0,0,0
1,0,0,0,0,0,0,0,0,0
1,0,0,0,0,0,0,0,0,0
1,0,0,0,0,0,0,0,0,0
1,0,0,0,0,0,0,0,0,0
1,0,0,0,0,0,0,0,0,0
1,0,0,0,0,0,0,0,0,0
1,0,0,0,0,0,0,0,0,0
1,0,0,0,0,0,0,0,0,0
1,0,0,0,0,0,0,0,0,0
1,0,0,0,0,0,0,0,0,0
1,0,0,0,0,0,0,0,0,0
1,0,0,0,0,0,0,0,0,0
1,0,0,0,0,0,0,0,0,0
1,0,0,0,0,0,0,0,0,0
1,0,0,0,0,0,0,0,0,0
1,0,0,0,0,0,0,0,0,0
1,0,0,0,0,0,0,0,0,0
1,0,0,0,0,0,0,0,0,0
1,0,0,0,0,0,0,0,0,0
1,0,0,0,0,0,0,0,0,0
1,0,0,0,0,0,0,0,0,0
1,0,0,0,0,0,0,0,0,0
1,0,0,0,0,0,0,0,0,0
1,0,0,0,0,0,0,0,0,0
1,0,0,0,0,0,0,0,0,0
1,0,0,0,0,0,0,0,0,0
1,0,0,0,0,0,0,0,0,0
1,0,0,0,0,0,0,0,0,0
1,0,0,0,0,0,0,0,0,0
1,0,0,0,0,0,0,0,0,0
1,0,0,0,0,0,0,0,0,0
1,0,0,0,0,0,0,0,0,0
1,0,0,0,0,0,0,0,0,0
1,0,0,0,0,0,0,0,0,0
1,0,0,0,0,0,0,0,0,0
1,0,0,0,0,0,0,0,0,0
1,0,0,0,0,0,0,0,0,0
1,0,0,0,0,0,0,0,0,0
1,0,0,0,0,0,0,0,0,0
1,0,0,0,0,0,0,0,0,0
1,0,0,0,0,0,0,0,0,0
1,0,0,0,0,0,0,0,0,0
1,0,0,0,0,0,0,0,0,0
1,0,0,0,0,0,0,0,0,0
1,0,0,0,0,0,0,0,0,0
1,0,0,0,0,0,0,0,0,0
1,0,0,0,0,0,0,0,0,0
1,0,0,0,0,0,0,0,0,0
1,0,0,0,0,0,0,0,0,0
1,0,0,0,0,0,0,0,0,0
1,0,0,0,0,0,0,0,0,0
1,0,0,0,0,0,0,0,0,0
1,0,0,0,0,0,0,0,0,0
1,0,0,0,0,0,0,0,0,0
1,0,0,0,0,0,0,0,0,0
1,0,0,0,0,0,0,0,0,0
1,0,0,0,0,0,0,0,0,0
1,0,0,0,0,0,0,0,0,0
1,0,0,0,0,0,0,0,0,0
1,0,0,0,0,0,0,0,0,0
1,0,0,0,0,0,0,0,0,0
1,0,0,0,0,0,0,0,0,0
1,0,0,0,0,0,0,0,0,0
1,0,0,0,0,0,0,0,0,0
1,0,0,0,0,0,0,0,0,0
1,0,0,0,0,0,0,0,0,0
1,0,0,0,0,0,0,0,0,0
1,0,0,0,0,0,0,0,0,0
1,0,0,0,0,0,0,0,0,0
1,0,0,0,0,0,0,0,0,0
1,0,0,0,0,0,0,0,0,0
1,0,0,0,0,0,0,0,0,0
1,0,0,0,0,0,0,0,0,0
1,0,0,0,0,0,0,0,0,0
1,0,0,0,0,0,0,0,0,0
1,0,0,0,0,0,0,0,0,0
1,0,0,0,0,0,0,0,0,0
1,0,0,0,0,0,0,0,0,0
1,0,0,0,0,0,0,0,0,0
1,0,0,0,0,0,0,0,0,0
0,0,19,85,3.5,3,6.661e-016,106.5,106.75,2.36478e-014
1,1,0,0,0,0,0,0,0,0
1,1,0,0,0,0,0,0,0,0
1,1,0,0,0,0,0,0,0,0
0,1,19,84,3.5,3,6.662e-016,103.5,106.75,2.29816e-014
0,1,20,84,3.5,3,6.662e-016,103.5,103.25,2.29816e-014
0,1,20,85,3.5,3,6.661e-016,106.5,103.25,2.36478e-014
0,1,20,86,3.5,3,6.662e-016,109.5,103.25,2.43139e-014
0,1,19,86,3.5,3,6.662e-016,109.5,106.75,2.43139e-014
0,0,20,85,3.5,3,6.661e-016,106.5,103.25,2.36478e-014
0,1,19,86,3.5,3,6.662e-016,109.5,106.75,2.43139e-014
0,1,19,85,3.5,3,6.661e-016,106.5,106.75,2.36478e-014
0,1,19,84,3.5,3,6.662e-016,103.5,106.75,2.29816e-014
0,1,20,84,3.5,3,6.662e-016,103.5,103.25,2.29816e-014
0,1,21,84,3.5,3,6.662e-016,103.5,99.75,2.29816e-014
0,1,21,85,3.5,3,6.661e-016,106.5,99.75,2.36478e-014
0,1,21,86,3.5,3,6.662e-016,109.5,99.75,2.43139e-014
0,1,20,86,3.5,3,6.662e-016,109.5,103.25,2.43139e-014
0,0,21,85,3.5,3,6.661e-016,106.5,99.75,2.36478e-014
0,1,20,86,3.5,3,6.662e-016,109.5,103.25,2.43139e-014
0,1,20,85,3.5,3,6.661e-016,106.5,103.25,2.36478e-014
0,1,20,84,3.5,3,6.662e-016,103.5,103.25,2.29816e-014
0,1,21,84,3.5,3,6.662e-016,103.5,99.75,2.29816e-014
0,1,22,84,3.5,3,6.662e-016,103.5,96.25,2.29816e-014
0,1,22,85,3.5,3,6.661e-016,106.5,96.25,2.36478e-014
0,1,22,86,3.5,3,6.662e-016,109.5,96.25,2.43139e-014
0,1,21,86,3.5,3,6.662e-016,109.5,99.75,2.43139e-014
0,0,22,85,3.5,3,6.661e-016,106.5,96.25,2.36478e-014
0,1,21,86,3.5,3,6.662e-016,109.5,99.75,2.43139e-014
0,1,21,85,3.5,3,6.661e-016,106.5,99.75,2.36478e-014
0,1,21,84,3.5,3,6.662e-016,103.5,99.75,2.29816e-014
0,1,22,84,3.5,3,6.662e-016,103.5,96.25,2.29816e-014
0,1,23,84,3.5,3,6.662e-016,103.5,92.75,2.29816e-014
0,1,23,85,3.5,3,6.661e-016,106.5,92.75,2.36478e-014
0,1,23,86,3.5,3,6.662e-016,109.5,92.75,2.43139e-014
0,1,22,86,3.5,3,6.662e-016,109.5,96.25,2.43139e-014
0,0,23,85,3.5,3,6.661e-016,106.5,92.75,2.36478e-014
0,1,22,86,3.5,3,6.662e-016,109.5,96.25,2.43139e-014
0,1,22,85,3.5,3,6.661e-016,106.5,96.25,2.36478e-014
0,1,22,84,3.5,3,6.662e-016,103.5,96.25,2.29816e-014
0,1,23,84,3.5,3,6.662e-016,103.5,92.75,2.29816e-014
0,1,24,84,3.5,3,6.662e-016,103.5,89.25,2.29816e-014
0,1,24,85,3.5,3,6.661e-016,106.5,89.25,2.36478e-014
0,1,24,86,3.5,3,6.662e-016,109.5,89.25,2.43139e-014
0,1,23,86,3.5,3,6.662e-016,109.5,92.75,2.43139e-014
0,0,24,85,3.5,3,6.661e-016,106.5,89.25,2.36478e-014
0,1,23,86,3.5,3,6.662e-016,109.5,92.75,2.43139e-014
0,1,23,85,3.5,3,6.661e-016,106.5,92.75,2.36478e-014
0,1,23,84,3.5,3,6.662e-016,103.5,92.75,2.29816e-014
0,1,24,84,3.5,3,6.662e-016,103.5,89.25,2.29816e-014
0,1,25,84,3.5,3,6.662e-016,103.5,85.75,2.29816e-014
0,1,25,85,3.5,3,6.661e-016,106.5,85.75,2.36478e-014
0,1,25,86,3.5,3,6.662e-016,109.5,85.75,2.43139e-014
0,1,24,86,3.5,3,6.662e-016,109.5,89.25,2.43139e-014
0,0,25,85,3.5,3,6.661e-016,106.5,85.75,2.36478e-014
0,1,24,86,3.5,3,6.662e-016,109.5,89.25,2.43139e-014
0,1,24,85,3.5,3,6.661e-016,106.5,89.25,2.36478e-014
0,1,24,84,3.5,3,6.662e-016,103.5,89.25,2.29816e-014
0,1,25,84,3.5,3,6.662e-016,103.5,85.75,2.29816e-014
0,1,26,84,3.5,3,6.662e-016,103.5,82.25,2.29816e-014
0,1,26,85,3.5,3,6.661e-016,106.5,82.25,2.36478e-014
0,1,26,86,3.5,3,6.662e-016,109.5,82.25,2.43139e-014
0,1,25,86,3.5,3,6.662e-016,109.5,85.75,2.43139e-014
0,0,26,85,3.5,3,6.661e-016,106.5,82.25,2.36478e-014
0,1,25,86,3.5,3,6.662e-016,109.5,85.75,2.43139e-014
0,1,25,85,3.5,3,6.661e-016,106.5,85.75,2.36478e-014
0,1,25,84,3.5,3,6.662e-016,103.5,85.75,2.29816e-014
0,1,26,84,3.5,3,6.662e-016,103.5,82.25,2.29816e-014
0,1,27,84,3.5,3,6.662e-016,103.5,78.75,2.29816e-014
0,1,27,85,3.5,3,6.661e-016,106.5,78.75,2.36478e-014
0,1,27,86,3.5,3,6.662e-016,109.5,78.75,2.43139e-014
0,1,26,86,3.5,3,6.662e-016,109.5,82.25,2.43139e-014
0,0,27,85,3.5,3,6.661e-016,106.5,78.75,2.36478e-014
0,1,26,86,3.5,3,6.662e-016,109.5,82.25,2.43139e-014
0,1,26,85,3.5,3,6.661e-016,106.5,82.25,2.36478e-014
0,1,26,84,3.5,3,6.662e-016,103.5,82.25,2.29816e-014
0,1,27,84,3.5,3,6.662e-016,103.5,78.75,2.29816e-014
0,1,28,84,3.5,3,6.662e-016,103.5,75.25,2.29816e-014
0,1,28,85,3.5,3,6.661e-016,106.5,75.25,2.36478e-014
0,1,28,86,3.5,3,6.662e-016,109.5,75.25,2.43139e-014
0,1,27,86,3.5,3,6.662e-016,109.5,78.75,2.43139e-014
0,0,28,85,3.5,3,6.661e-016,106.5,75.25,2.36478e-014
0,1,27,86,3.5,3,6.662e-016,109.5,78.75,2.43139e-014
0,1,27,85,3.5,3,6.661e-016,106.5,78.75,2.36478e-014
0,1,27,84,3.5,3,6.662e-016,103.5,78.75,2.29816e-014
0,1,28,84,3.5,3,6.662e-016,103.5,75.25,2.29816e-014
0,1,29,84,3.5,3,6.662e-016,103.5,71.75,2.29816e-014
0,1,29,85,3.5,3,6.661e-016,106.5,71.75,2.36478e-014
0,1,29,86,3.5,3,6.662e-016,109.5,71.75,2.43139e-014
0,1,28,86,3.5,3,6.662e-016,109.5,75.25,2.43139e-014
0,0,29,85,3.5,3,6.661e-016,106.5,71.75,2.36478e-014
0,1,28,86,3.5,3,6.662e-016,109.5,75.25,2.43139e-014
0,1,28,85,3.5,3,6.661e-016,106.5,75.25,2.36478e-014
0,1,28,84,3.5,3,6.662e-016,103.5,75.25,2.29816e-014
0,1,29,84,3.5,3,6.662e-016,103.5,71.75,2.29816e-014
0,1,30,84,3.5,3,6.662e-016,103.5,68.25,2.29816e-014
0,1,30,85,3.5,3,6.661e-016,106.5,68.25,2.36478e-014
0,1,30,86,3.5,3,6.662e-016,109.5,68.25,2.43139e-014
0,1,29,86,3.5,3,6.662e-016,109.5,71.75,2.43139e-014
0,0,30,85,3.5,3,6.661e-016,106.5,68.25,2.36478e-014
0,1,29,86,3.5,3,6.662e-016,109.5,71.75,2.43139e-014
0,1,29,85,3.5,3,6.661e-016,106.5,71.75,2.36478e-014
0,1,29,84,3.5,3,6.662e-016,103.5,71.75,2.29816e-014
0,1,30,84,3.5,3,6.662e-016,103.5,68.25,2.29816e-014
1,1,0,0,0,0,0,0,0,0
0,1,31,85,3.5,3,6.661e-016,106.5,64.75,2.36478e-014
0,1,31,86,3.5,3,6.662e-016,109.5,64.75,2.43139e-014
0,1,30,86,3.5,3,6.662e-016,109.5,68.25,2.43139e-014
0,0,31,85,3.5,3,6.661e-016,106.5,64.75,2.36478e-014
0,1,30,86,3.5,3,6.662e-016,109.5,68.25,2.43139e-014
0,1,30,85,3.5,3,6.661e-016,106.5,68.25,2.36478e-014
0,1,30,84,3.5,3,6.662e-016,103.5,68.25,2.29816e-014
1,1,0,0,0,0,0,0,0,0
1,1,0,0,0,0,0,0,0,0
1,1,0,0,0,0,0,0,0,0
0,1,32,86,3.5,3,6.662e-016,109.5,61.25,2.43139e-014
0,1,31,86,3.5,3,6.662e-016,109.5,64.75,2.43139e-014
1,0,0,0,0,0,0,0,0,0
1,0,0,0,0,0,0,0,0,0
1,0,0,0,0,0,0,0,0,0
1,0,0,0,0,0,0,0,0,0
1,0,0,0,0,0,0,0,0,0
1,0,0,0,0,0,0,0,0,0
1,0,0,0,0,0,0,0,0,0
1,0,0,0,0,0,0,0,0,0
1,0,0,0,0,0,0,0,0,0
1,0,0,0,0,0,0,0,0,0
1,0,0,0,0,0,0,0,0,0
1,0,0,0,0,0,0,0,0,0
1,0,0,0,0,0,0,0,0,0
1,0,0,0,0,0,0,0,0,0
1,0,0,0,0,0,0,0,0,0
1,0,0,0,0,0,0,0,0,0
1,0,0,0,0,0,0,0,0,0
1,0,0,0,0,0,0,0,0,0
1,0,0,0,0,0,0,0,0,0
1,0,0,0,0,0,0,0,0,0
1,0,0,0,0,0,0,0,0,0
1,0,0,0,0,0,0,0,0,0
1,0,0,0,0,0,0,0,0,0
1,0,0,0,0,0,0,0,0,0
1,0,0,0,0,0,0,0,0,0
1,0,0,0,0,0,0,0,0,0
1,0,0,0,0,0,0,0,0,0
1,0,0,0,0,0,0,0,0,0
1,0,0,0,0,0,0,0,0,0
1,0,0,0,0,0,0,0,0,0
1,0,0,0,0,0,0,0,0,0
1,0,0,0,0,0,0,0,0,0
1,0,0,0,0,0,0,0,0,0
1,0,0,0,0,0,0,0,0,0
1,0,0,0,0,0,0,0,0,0
1,0,0,0,0,0,0,0,0,0
1,0,0,0,0,0,0,0,0,0
1,0,0,0,0,0,0,0,0,0
1,0,0,0,0,0,0,0,0,0
1,0,0,0,0,0,0,0,0,0
1,0,0,0,0,0,0,0,0,0
1,0,0,0,0,0,0,0,0,0
1,0,0,0,0,0,0,0,0,0
1,0,0,0,0,0,0,0,0,0
1,0,0,0,0,0,0,0,0,0
1,0,0,0,0,0,0,0,0,0
1,0,0,0,0,0,0,0,0,0
1,0,0,0,0,0,0,0,0,0
1,0,0,0,0,0,0,0,0,0
1,0,0,0,0,0,0,0,0,0
1,0,0,0,0,0,0,0,0,0
1,0,0,0,0,0,0,0,0,0
1,0,0,0,0,0,0,0,0,0
1,0,0,0,0,0,0,0,0,0
1,0,0,0,0,0,0,0,0,0
1,0,0,0,0,0,0,0,0,0
1,0,0,0,0,0,0,0,0,0
1,0,0,0,0,0,0,0,0,0
1,0,0,0,0,0,0,0,0,0
1,0,0,0,0,0,0,0,0,0
1,0,0,0,0,0,0,0,0,0
1,0,0,0,0,0,0,0,0,0
1,0,0,0,0,0,0,0,0,0
1,0,0,0,0,0,0,0,0,0
1,0,0,0,0,0,0,0,0,0
1,0,0,0,0,0,0,0,0,0
1,0,0,0,0,0,0,0,0,0
1,0,0,0,0,0,0,0,0,0
1,0,0,0,0,0,0,0,0,0
1,0,0,0,0,0,0,0,0,0
1,0,0,0,0,0,0,0,0,0
1,0,0,0,0,0,0,0,0,0
1,0,0,0,0,0,0,0,0,0
1,0,0,0,0,0,0,0,0,0
1,0,0,0,0,0,0,0,0,0
1,0,0,0,0,0,0,0,0,0
1,0,0,0,0,0,0,0,0,0
1,0,0,0,0,0,0,0,0,0
1,0,0,0,0,0,0,0,0,0
1,0,0,0,0,0,0,0,0,0
1,0,0,0,0,0,0,0,0,0
1,0,0,0,0,0,0,0,0,0
1,0,0,0,0,0,0,0,0,0
1,0,0,0,0,0,0,0,0,0
1,0,0,0,0,0,0,0,0,0
1,0,0,0,0,0,0,0,0,0
1,0,0,0,0,0,0,0,0,0
0,0,19,86,3.5,3,6.662e-016,109.5,106.75,2.43139e-014
1,1,0,0,0,0,0,0,0,0
1,1,0,0,0,0,0,0,0,0
1,1,0,0,0,0,0,0,0,0
0,1,19,85,3.5,3,6.661e-016,106.5,106.75,2.36478e-014
0,1,20,85,3.5,3,6.661e-016,106.5,103.25,2.36478e-014
0,1,20,86,3.5,3,6.662e-016,109.5,103.25,2.43139e-014
0,1,20,87,3.5,3,6.661e-016,112.5,103.25,2.49801e-014
0,1,19,87,3.5,3,6.661e-016,112.5,106.75,2.49801e-014
0,0,20,86,3.5,3,6.662e-016,109.5,103.25,2.43139e-014
0,1,19,87,3.5,3,6.661e-016,112.5,106.75,2.49801e-014
0,1,19,86,3.5,3,6.662e-016,109.5,106.75,2.43139e-014
0,1,19,85,3.5,3,6.661e-016,106.5,106.75,2.36478e-014
0,1,20,85,3.5,3,6.661e-016,106.5,103.25,2.36478e-014
0,1,21,85,3.5,3,6.661e-016,106.5,99.75,2.36478e-014
0,1,21,86,3.5,3,6.662e-016,109.5,99.75,2.43139e-014
0,1,21,87,3.5,3,6.661e-016,112.5,99.75,2.49801e-014
0,1,20,87,3.5,3,6.661e-016,112.5,103.25,2.49801e-014
0,0,21,86,3.5,3,6.662e-016,109.5,99.75,2.43139e-014
0,1,20,87,3.5,3,6.661e-016,112.5,103.25,2.49801e-014
0,1,20,86,3.5,3,6.662e-016,109.5,103.25,2.43139e-014
0,1,20,85,3.5,3,6.661e-016,106.5,103.25,2.36478e-014
0,1,21,85,3.5,3,6.661e-016,106.5,99.75,2.36478e-014
0,1,22,85,3.5,3,6.661e-016,106.5,96.25,2.36478e-014
0,1,22,86,3.5,3,6.662e-016,109.5,96.25,2.43139e-014
0,1,22,87,3.5,3,6.661e-016,112.5,96.25,2.49801e-014
0,1,21,87,3.5,3,6.661e-016,112.5,99.75,2.49801e-014
0,0,22,86,3.5,3,6.662e-016,109.5,96.25,2.43139e-014
0,1,21,87,3.5,3,6.661e-016,112.5,99.75,2.49801e-014
0,1,21,86,3.5,3,6.662e-016,109.5,99.75,2.43139e-014
0,1,21,85,3.5,3,6.661e-016,106.5,99.75,2.36478e-014
0,1,22,85,3.5,3,6.661e-016,106.5,96.25,2.36478e-014
0,1,23,85,3.5,3,6.661e-016,106.5,92.75,2.36478e-014
0,1,23,86,3.5,3,6.662e-016,109.5,92.75,2.43139e-014
0,1,23,87,3.5,3,6.661e-016,112.5,92.75,2.49801e-014
0,1,22,87,3.5,3,6.661e-016,112.5,96.25,2.49801e-014
0,0,23,86,3.5,3,6.662e-016,109.5,92.75,2.43139e-014
0,1,22,87,3.5,3,6.661e-016,112.5,96.25,2.49801e-014
0,1,22,86,3.5,3,6.662e-016,109.5,96.25,2.43139e-014
0,1,22,85,3.5,3,6.661e-016,106.5,96.25,2.36478e-014
0,1,23,85,3.5,3,6.661e-016,106.5,92.75,2.36478e-014
0,1,24,85,3.5,3,6.661e-016,106.5,89.25,2.36478e-014
0,1,24,86,3.5,3,6.662e-016,109.5,89.25,2.43139e-014
0,1,24,87,3.5,3,6.661e-016,112.5,89.25,2.49801e-014
0,1,23,87,3.5,3,6.661e-016,112.5,92.75,2.49801e-014
0,0,24,86,3.5,3,6.662e-016,109.5,89.25,2.43139e-014
0,1,23,87,3.5,3,6.661e-016,112.5,92.75,2.49801e-014
0,1,23,86,3.5,3,6.662e-016,109.5,92.75,2.43139e-014
0,1,23,85,3.5,3,6.661e-016,106.5,92.75,2.36478e-014
0,1,24,85,3.5,3,6.661e-016,106.5,89.25,2.36478e-014
0,1,25,85,3.5,3,6.661e-016,106.5,85.75,2.36478e-014
0,1,25,86,3.5,3,6.662e-016,109.5,85.75,2.43139e-014
0,1,25,87,3.5,3,6.661e-016,112.5,85.75,2.49801e-014
0,1,24,87,3.5,3,6.661e-016,112.5,89.25,2.49801e-014
0,0,25,86,3.5,3,6.662e-016,109.5,85.75,2.43139e-014
0,1,24,87,3.5,3,6.661e-016,112.5,89.25,2.49801e-014
0,1,24,86,3.5,3,6.662e-016,109.5,89.25,2.43139e-014
0,1,24,85,3.5,3,6.661e-016,106.5,89.25,2.36478e-014
0,1,25,85,3.5,3,6.661e-016,106.5,85.75,2.36478e-014
0,1,26,85,3.5,3,6.661e-016,106.5,82.25,2.36478e-014
0,1,26,86,3.5,3,6.662e-016,109.5,82.25,2.43139e-014
0,1,26,87,3.5,3,6.661e-016,112.5,82.25,2.49801e-014
0,1,25,87,3.5,3,6.661e-016,112.5,85.75,2.49801e-014
0,0,26,86,3.5,3,6.662e-016,109.5,82.25,2.43139e-014
0,1,25,87,3.5,3,6.661e-016,112.5,85.75,2.49801e-014
0,1,25,86,3.5,3,6.662e-016,109.5,85.75,2.43139e-014
0,1,25,85,3.5,3,6.661e-016,106.5,85.75,2.36478e-014
0,1,26,85,3.5,3,6.661e-016,106.5,82.25,2.36478e-014
0,1,27,85,3.5,3,6.661e-016,106.5,78.75,2.36478e-014
0,1,27,86,3.5,3,6.662e-016,109.5,78.75,2.43139e-014
0,1,27,87,3.5,3,6.661e-016,112.5,78.75,2.49801e-014
0,1,26,87,3.5,3,6.661e-016,112.5,82.25,2.49801e-014
0,0,27,86,3.5,3,6.662e-016,109.5,78.75,2.43139e-014
0,1,26,87,3.5,3,6.661e-016,112.5,82.25,2.49801e-014
0,1,26,86,3.5,3,6.662e-016,109.5,82.25,2.43139e-014
0,1,26,85,3.5,3,6.661e-016,106.5,82.25,2.36478e-014
0,1,27,85,3.5,3,6.661e-016,106.5,78.75,2.36478e-014
0,1,28,85,3.5,3,6.661e-016,106.5,75.25,2.36478e-014
0,1,28,86,3.5,3,6.662e-016,109.5,75.25,2.43139e-014
0,1,28,87,3.5,3,6.661e-016,112.5,75.25,2.49801e-014
0,1,27,87,3.5,3,6.661e-016,112.5,78.75,2.49801e-014
0,0,28,86,3.5,3,6.662e-016,109.5,75.25,2.43139e-014
0,1,27,87,3.5,3,6.661e-016,112.5,78.75,2.49801e-014
0,1,27,86,3.5,3,6.662e-016,109.5,78.75,2.43139e-014
0,1,27,85,3.5,3,6.661e-016,106.5,78.75,2.36478e-014
0,1,28,85,3.5,3,6.661e-016,106.5,75.25,2.36478e-014
0,1,29,85,3.5,3,6.661e-016,106.5,71.75,2.36478e-014
0,1,29,86,3.5,3,6.662e-016,109.5,71.75,2.43139e-014
0,1,29,87,3.5,3,6.661e-016,112.5,71.75,2.49801e-014
0,1,28,87,3.5,3,6.661e-016,112.5,75.25,2.49801e-014
0,0,29,86,3.5,3,6.662e-016,109.5,71.75,2.43139e-014
0,1,28,87,3.5,3,6.661e-016,112.5,75.25,2.49801e-014
0,1,28,86,3.5,3,6.662e-016,109.5,75.25,2.43139e-014
0,1,28,85,3.5,3,6.661e-016,106.5,75.25,2.36478e-014
0,1,29,85,3.5,3,6.661e-016,106.5,71.75,2.36478e-014
0,1,30,85,3.5,3,6.661e-016,106.5,68.25,2.36478e-014
0,1,30,86,3.5,3,6.662e-016,109.5,68.25,2.43139e-014
0,1,30,87,3.5,3,6.661e-016,112.5,68.25,2.49801e-014
0,1,29,87,3.5,3,6.661e-016,112.5,71.75,2.49801e-014
0,0,30,86,3.5,3,6.662e-016,109.5,68.25,2.43139e-014
0,1,29,87,3.5,3,6.661e-016,112.5,71.75,2.49801e-014
0,1,29,86,3.5,3,6.662e-016,109.5,71.75,2.43139e-014
0,1,29,85,3.5,3,6.661e-016,106.5,71.75,2.36478e-014
0,1,30,85,3.5,3,6.661e-016,106.5,68.25,2.36478e-014
0,1,31,85,3.5,3,6.661e-016,106.5,64.75,2.36478e-014
0,1,31,86,3.5,3,6.662e-016,109.5,64.75,2.43139e-014
0,1,31,87,3.5,3,6.661e-016,112.5,64.75,2.49801e-014
0,1,30,87,3.5,3,6.661e-016,112.5,68.25,2.49801e-014
0,0,31,86,3.5,3,6.662e-016,109.5,64.75,2.43139e-014
0,1,30,87,3.5,3,6.661e-016,112.5,68.25,2.49801e-014
0,1,30,86,3.5,3,6.662e-016,109.5,68.25,2.43139e-014
0,1,30,85,3.5,3,6.661e-016,106.5,68.25,2.36478e-014
0,1,31,85,3.5,3,6.661e-016,106.5,64.75,2.36478e-014
1,1,0,0,0,0,0,0,0,0
0,1,32,86,3.5,3,6.662e-016,109.5,61.25,2.43139e-014
0,1,32,87,3.5,3,6.661e-016,112.5,61.25,2.49801e-014
0,1,31,87,3.5,3,6.661e-016,112.5,64.75,2.49801e-014
0,0,32,86,3.5,3,6.662e-016,109.5,61.25,2.43139e-014
0,1,31,87,3.5,3,6.661e-016,112.5,64.75,2.49801e-014
0,1,31,86,3.5,3,6.662e-016,109.5,64.75,2.43139e-014
0,1,31,85,3.5,3,6.661e-016,106.5,64.75,2.36478e-014
1,1,0,0,0,0,0,0,0,0
1,1,0,0,0,0,0,0,0,0
1,1,0,0,0,0,0,0,0,0
0,1,33,87,3.5,3,6.661e-016,112.5,57.75,2.49801e-014
0,1,32,87,3.5,3,6.661e-016,112.5,61.25,2.49801e-014
1,0,0,0,0,0,0,0,0,0
1,0,0,0,0,0,0,0,0,0
1,0,0,0,0,0,0,0,0,0
1,0,0,0,0,0,0,0,0,0
1,0,0,0,0,0,0,0,0,0
1,0,0,0,0,0,0,0,0,0
1,0,0,0,0,0,0,0,0,0
1,0,0,0,0,0,0,0,0,0
1,0,0,0,0,0,0,0,0,0
1,0,0,0,0,0,0,0,0,0
1,0,0,0,0,0,0,0,0,0
1,0,0,0,0,0,0,0,0,0
1,0,0,0,0,0,0,0,0,0
1,0,0,0,0,0,0,0,0,0
1,0,0,0,0,0,0,0,0,0
1,0,0,0,0,0,0,0,0,0
1,0,0,0,0,0,0,0,0,0
1,0,0,0,0,0,0,0,0,0
1,0,0,0,0,0,0,0,0,0
1,0,0,0,0,0,0,0,0,0
1,0,0,0,0,0,0,0,0,0
1,0,0,0,0,0,0,0,0,0
1,0,0,0,0,0,0,0,0,0
1,0,0,0,0,0,0,0,0,0
1,0,0,0,0,0,0,0,0,0
1,0,0,0,0,0,0,0,0,0
1,0,0,0,0,0,0,0,0,0
1,0,0,0,0,0,0,0,0,0
1,0,0,0,0,0,0,0,0,0
1,0,0,0,0,0,0,0,0,0
1,0,0,0,0,0,0,0,0,0
1,0,0,0,0,0,0,0,0,0
1,0,0,0,0,0,0,0,0,0
1,0,0,0,0,0,0,0,0,0
1,0,0,0,0,0,0,0,0,0
1,0,0,0,0,0,0,0,0,0
1,0,0,0,0,0,0,0,0,0
1,0,0,0,0,0,0,0,0,0
1,0,0,0,0,0,0,0,0,0
1,0,0,0,0,0,0,0,0,0
1,0,0,0,0,0,0,0,0,0
1,0,0,0,0,0,0,0,0,0
1,0,0,0,0,0,0,0,0,0
1,0,0,0,0,0,0,0,0,0
1,0,0,0,0,0,0,0,0,0
1,0,0,0,0,0,0,0,0,0
1,0,0,0,0,0,0,0,0,0
1,0,0,0,0,0,0,0,0,0
1,0,0,0,0,0,0,0,0,0
1,0,0,0,0,0,0,0,0,0
1,0,0,0,0,0,0,0,0,0
1,0,0,0,0,0,0,0,0,0
1,0,0,0,0,0,0,0,0,0
1,0,0,0,0,0,0,0,0,0
1,0,0,0,0,0,0,0,0,0
1,0,0,0,0,0,0,0,0,0
1,0,0,0,0,0,0,0,0,0
1,0,0,0,0,0,0,0,0,0
1,0,0,0,0,0,0,0,0,0
1,0,0,0,0,0,0,0,0,0
1,0,0,0,0,0,0,0,0,0
1,0,0,0,0,0,0,0,0,0
1,0,0,0,0,0,0,0,0,0
1,0,0,0,0,0,0,0,0,0
1,0,0,0,0,0,0,0,0,0
1,0,0,0,0,0,0,0,0,0
1,0,0,0,0,0,0,0,0,0
1,0,0,0,0,0,0,0,0,0
1,0,0,0,0,0,0,0,0,0
1,0,0,0,0,0,0,0,0,0
1,0,0,0,0,0,0,0,0,0
1,0,0,0,0,0,0,0,0,0
1,0,0,0,0,0,0,0,0,0
1,0,0,0,0,0,0,0,0,0
1,0,0,0,0,0,0,0,0,0
1,0,0,0,0,0,0,0,0,0
1,0,0,0,0,0,0,0,0,0
1,0,0,0,0,0,0,0,0,0
1,0,0,0,0,0,0,0,0,0
1,0,0,0,0,0,0,0,0,0
1,0,0,0,0,0,0,0,0,0
1,0,0,0,0,0,0,0,0,0
1,0,0,0,0,0,0,0,0,0
1,0,0,0,0,0,0,0,0,0
1,0,0,0,0,0,0,0,0,0
1,0,0,0,0,0,0,0,0,0
0,0,19,87,3.5,3,6.661e-016,112.5,106.75,2.49801e-014
1,1,0,0,0,0,0,0,0,0
1,1,0,0,0,0,0,0,0,0
1,1,0,0,0,0,0,0,0,0
0,1,19,86,3.5,3,6.662e-016,109.5,106.75,2.43139e-014
0,1,20,86,3.5,3,6.662e-016,109.5,103.25,2.43139e-014
0,1,20,87,3.5,3,6.661e-016,112.5,103.25,2.49801e-014
0,1,20,88,3.5,3,6.661e-016,115.5,103.25,2.56462e-014
0,1,19,88,3.5,3,6.661e-016,115.5,106.75,2.56462e-014
0,0,20,87,3.5,3,6.661e-016,112.5,103.25,2.49801e-014
0,1,19,88,3.5,3,6.661e-016,115.5,106.75,2.56462e-014
0,1,19,87,3.5,3,6.661e-016,112.5,106.75,2.49801e-014
0,1,19,86,3.5,3,6.662e-016,109.5,106.75,2.43139e-014
0,1,20,86,3.5,3,6.662e-016,109.5,103.25,2.43139e-014
0,1,21,86,3.5,3,6.662e-016,109.5,99.75,2.43139e-014
0,1,21,87,3.5,3,6.661e-016,112.5,99.75,2.49801e-014
0,1,21,88,3.5,3,6.661e-016,115.5,99.75,2.56462e-014
0,1,20,88,3.5,3,6.661e-016,115.5,103.25,2.56462e-014
0,0,21,87,3.5,3,6.661e-016,112.5,99.75,2.49801e-014
0,1,20,88,3.5,3,6.661e-016,115.5,103.25,2.56462e-014
0,1,20,87,3.5,3,6.661e-016,112.5,103.25,2.49801e-014
0,1,20,86,3.5,3,6.662e-016,109.5,103.25,2.43139e-014
0,1,21,86,3.5,3,6.662e-016,109.5,99.75,2.43139e-014
0,1,22,86,3.5,3,6.662e-016,109.5,96.25,2.43139e-014
0,1,22,87,3.5,3,6.661e-016,112.5,96.25,2.49801e-014
0,1,22,88,3.5,3,6.661e-016,115.5,96.25,2.56462e-014
0,1,21,88,3.5,3,6.661e-016,115.5,99.75,2.56462e-014
0,0,22,87,3.5,3,6.661e-016,112.5,96.25,2.49801e-014
0,1,21,88,3.5,3,6.661e-016,115.5,99.75,2.56462e-014
0,1,21,87,3.5,3,6.661e-016,112.5,99.75,2.49801e-014
0,1,21,86,3.5,3,6.662e-016,109.5,99.75,2.43139e-014
0,1,22,86,3.5,3,6.662e-016,109.5,96.25,2.43139e-014
0,1,23,86,3.5,3,6.662e-016,109.5,92.75,2.43139e-014
0,1,23,87,3.5,3,6.661e-016,112.5,92.75,2.49801e-014
0,1,23,88,3.5,3,6.661e-016,115.5,92.75,2.56462e-014
0,1,22,88,3.5,3,6.661e-016,115.5,96.25,2.56462e-014
0,0,23,87,3.5,3,6.661e-016,112.5,92.75,2.49801e-014
0,1,22,88,3.5,3,6.661e-016,115.5,96.25,2.56462e-014
0,1,22,87,3.5,3,6.661e-016,112.5,96.25,2.49801e-014
0,1,22,86,3.5,3,6.662e-016,109.5,96.25,2.43139e-014
0,1,23,86,3.5,3,6.662e-016,109.5,92.75,2.43139e-014
0,1,24,86,3.5,3,6.662e-016,109.5,89.25,2.43139e-014
0,1,24,87,3.5,3,6.661e-016,112.5,89.25,2.49801e-014
0,1,24,88,3.5,3,6.661e-016,115.5,89.25,2.56462e-014
0,1,23,88,3.5,3,6.661e-016,115.5,92.75,2.56462e-014
0,0,24,87,3.5,3,6.661e-016,112.5,89.25,2.49801e-014
0,1,23,88,3.5,3,6.661e-016,115.5,92.75,2.56462e-014
0,1,23,87,3.5,3,6.661e-016,112.5,92.75,2.49801e-014
0,1,23,86,3.5,3,6.662e-016,109.5,92.75,2.43139e-014
0,1,24,86,3.5,3,6.662e-016,109.5,89.25,2.43139e-014
0,1,25,86,3.5,3,6.662e-016,109.5,85.75,2.43139e-014
0,1,25,87,3.5,3,6.661e-016,112.5,85.75,2.49801e-014
0,1,25,88,3.5,3,6.661e-016,115.5,85.75,2.56462e-014
0,1,24,88,3.5,3,6.661e-016,115.5,89.25,2.56462e-014
0,0,25,87,3.5,3,6.661e-016,112.5,85.75,2.49801e-014
0,1,24,88,3.5,3,6.661e-016,115.5,89.25,2.56462e-014
0,1,24,87,3.5,3,6.661e-016,112.5,89.25,2.49801e-014
0,1,24,86,3.5,3,6.662e-016,109.5,89.25,2.43139e-014
0,1,25,86,3.5,3,6.662e-016,109.5,85.75,2.43139e-014
0,1,26,86,3.5,3,6.662e-016,109.5,82.25,2.43139e-014
0,1,26,87,3.5,3,6.661e-016,112.5,82.25,2.49801e-014
0,1,26,88,3.5,3,6.661e-016,115.5,82.25,2.56462e-014
0,1,25,88,3.5,3,6.661e-016,115.5,85.75,2.56462e-014
0,0,26,87,3.5,3,6.661e-016,112.5,82.25,2.49801e-014
0,1,25,88,3.5,3,6.661e-016,115.5,85.75,2.56462e-014
0,1,25,87,3.5,3,6.661e-016,112.5,85.75,2.49801e-014
0,1,25,86,3.5,3,6.662e-016,109.5,85.75,2.43139e-014
0,1,26,86,3.5,3,6.662e-016,109.5,82.25,2.43139e-014
0,1,27,86,3.5,3,6.662e-016,109.5,78.75,2.43139e-014
0,1,27,87,3.5,3,6.661e-016,112.5,78.75,2.49801e-014
0,1,27,88,3.5,3,6.661e-016,115.5,78.75,2.56462e-014
0,1,26,88,3.5,3,6.661e-016,115.5,82.25,2.56462e-014
0,0,27,87,3.5,3,6.661e-016,112.5,78.75,2.49801e-014
0,1,26,88,3.5,3,6.661e-016,115.5,82.25,2.56462e-014
0,1,26,87,3.5,3,6.661e-016,112.5,82.25,2.49801e-014
0,1,26,86,3.5,3,6.662e-016,109.5,82.25,2.43139e-014
0,1,27,86,3.5,3,6.662e-016,109.5,78.75,2.43139e-014
0,1,28,86,3.5,3,6.662e-016,109.5,75.25,2.43139e-014
0,1,28,87,3.5,3,6.661e-016,112.5,75.25,2.49801e-014
0,1,28,88,3.5,3,6.661e-016,115.5,75.25,2.56462e-014
0,1,27,88,3.5,3,6.661e-016,115.5,78.75,2.56462e-014
0,0,28,87,3.5,3,6.661e-016,112.5,75.25,2.49801e-014
0,1,27,88,3.5,3,6.661e-016,115.5,78.75,2.56462e-014
0,1,27,87,3.5,3,6.661e-016,112.5,78.75,2.49801e-014
0,1,27,86,3.5,3,6.662e-016,109.5,78.75,2.43139e-014
0,1,28,86,3.5,3,6.662e-016,109.5,75.25,2.43139e-014
0,1,29,86,3.5,3,6.662e-016,109.5,71.75,2.43139e-014
0,1,29,87,3.5,3,6.661e-016,112.5,71.75,2.49801e-014
0,1,29,88,3.5,3,6.661e-016,115.5,71.75,2.56462e-014
0,1,28,88,3.5,3,6.661e-016,115.5,75.25,2.56462e-014
0,0,29,87,3.5,3,6.661e-016,112.5,71.75,2.49801e-014
0,1,28,88,3.5,3,6.661e-016,115.5,75.25,2.56462e-014
0,1,28,87,3.5,3,6.661e-016,112.5,75.25,2.49801e-014
0,1,28,86,3.5,3,6.662e-016,109.5,75.25,2.43139e-014
0,1,29,86,3.5,3,6.662e-016,109.5,71.75,2.43139e-014
0,1,30,86,3.5,3,6.662e-016,109.5,68.25,2.43139e-014
0,1,30,87,3.5,3,6.661e-016,112.5,68.25,2.49801e-014
0,1,30,88,3.5,3,6.661e-016,115.5,68.25,2.56462e-014
0,1,29,88,3.5,3,6.661e-016,115.5,71.75,2.56462e-014
0,0,30,87,3.5,3,6.661e-016,112.5,68.25,2.49801e-014
0,1,29,88,3.5,3,6.661e-016,115.5,71.75,2.56462e-014
0,1,29,87,3.5,3,6.661e-016,112.5,71.75,2.49801e-014
0,1,29,86,3.5,3,6.662e-016,109.5,71.75,2.43139e-014
0,1,30,86,3.5,3,6.662e-016,109.5,68.25,2.43139e-014
0,1,31,86,3.5,3,6.662e-016,109.5,64.75,2.43139e-014
0,1,31,87,3.5,3,6.661e-016,112.5,64.75,2.49801e-014
0,1,31,88,3.5,3,6.661e-016,115.5,64.75,2.56462e-014
0,1,30,88,3.5,3,6.661e-016,115.5,68.25,2.56462e-014
0,0,31,87,3.5,3,6.661e-016,112.5,64.75,2.49801e-014
0,1,30,88,3.5,3,6.661e-016,115.5,68.25,2.56462e-014
0,1,30,87,3.5,3,6.661e-016,112.5,68.25,2.49801e-014
0,1,30,86,3.5,3,6.662e-016,109.5,68.25,2.43139e-014
0,1,31,86,3.5,3,6.662e-016,109.5,64.75,2.43139e-014
0,1,32,86,3.5,3,6.662e-016,109.5,61.25,2.43139e-014
0,1,32,87,3.5,3,6.661e-016,112.5,61.25,2.49801e-014
0,1,32,88,3.5,3,6.661e-016,115.5,61.25,2.56462e-014
0,1,31,88,3.5,3,6.661e-016,115.5,64.75,2.56462e-014
0,0,32,87,3.5,3,6.661e-016,112.5,61.25,2.49801e-014
0,1,31,88,3.5,3,6.661e-016,115.5,64.75,2.56462e-014
0,1,31,87,3.5,3,6.661e-016,112.5,64.75,2.49801e-014
0,1,31,86,3.5,3,6.662e-016,109.5,64.75,2.43139e-014
0,1,32,86,3.5,3,6.662e-016,109.5,61.25,2.43139e-014
1,1,0,0,0,0,0,0,0,0
0,1,33,87,3.5,3,6.661e-016,112.5,57.75,2.49801e-014
0,1,33,88,3.5,3,6.661e-016,115.5,57.75,2.56462e-014
0,1,32,88,3.5,3,6.661e-016,115.5,61.25,2.56462e-014
0,0,33,87,3.5,3,6.661e-016,112.5,57.75,2.49801e-014
0,1,32,88,3.5,3,6.661e-016,115.5,61.25,2.56462e-014
0,1,32,87,3.5,3,6.661e-016,112.5,61.25,2.49801e-014
0,1,32,86,3.5,3,6.662e-016,109.5,61.25,2.43139e-014
1,1,0,0,0,0,0,0,0,0
1,1,0,0,0,0,0,0,0,0
1,1,0,0,0,0,0,0,0,0
0,1,34,88,3.5,3,6.661e-016,115.5,54.25,2.56462e-014
0,1,33,88,3.5,3,6.661e-016,115.5,57.75,2.56462e-014
1,0,0,0,0,0,0,0,0,0
1,0,0,0,0,0,0,0,0,0
1,0,0,0,0,0,0,0,0,0
1,0,0,0,0,0,0,0,0,0
1,0,0,0,0,0,0,0,0,0
1,0,0,0,0,0,0,0,0,0
1,0,0,0,0,0,0,0,0,0
1,0,0,0,0,0,0,0,0,0
1,0,0,0,0,0,0,0,0,0
1,0,0,0,0,0,0,0,0,0
1,0,0,0,0,0,0,0,0,0
1,0,0,0,0,0,0,0,0,0
1,0,0,0,0,0,0,0,0,0
1,0,0,0,0,0,0,0,0,0
1,0,0,0,0,0,0,0,0,0
1,0,0,0,0,0,0,0,0,0
1,0,0,0,0,0,0,0,0,0
1,0,0,0,0,0,0,0,0,0
1,0,0,0,0,0,0,0,0,0
1,0,0,0,0,0,0,0,0,0
1,0,0,0,0,0,0,0,0,0
1,0,0,0,0,0,0,0,0,0
1,0,0,0,0,0,0,0,0,0
1,0,0,0,0,0,0,0,0,0
1,0,0,0,0,0,0,0,0,0
1,0,0,0,0,0,0,0,0,0
1,0,0,0,0,0,0,0,0,0
1,0,0,0,0,0,0,0,0,0
1,0,0,0,0,0,0,0,0,0
1,0,0,0,0,0,0,0,0,0
1,0,0,0,0,0,0,0,0,0
1,0,0,0,0,0,0,0,0,0
1,0,0,0,0,0,0,0,0,0
1,0,0,0,0,0,0,0,0,0
1,0,0,0,0,0,0,0,0,0
1,0,0,0,0,0,0,0,0,0
1,0,0,0,0,0,0,0,0,0
1,0,0,0,0,0,0,0,0,0
1,0,0,0,0,0,0,0,0,0
1,0,0,0,0,0,0,0,0,0
1,0,0,0,0,0,0,0,0,0
1,0,0,0,0,0,0,0,0,0
1,0,0,0,0,0,0,0,0,0
1,0,0,0,0,0,0,0,0,0
1,0,0,0,0,0,0,0,0,0
1,0,0,0,0,0,0,0,0,0
1,0,0,0,0,0,0,0,0,0
1,0,0,0,0,0,0,0,0,0
1,0,0,0,0,0,0,0,0,0
1,0,0,0,0,0,0,0,0,0
1,0,0,0,0,0,0,0,0,0
1,0,0,0,0,0,0,0,0,0
1,0,0,0,0,0,0,0,0,0
1,0,0,0,0,0,0,0,0,0
1,0,0,0,0,0,0,0,0,0
1,0,0,0,0,0,0,0,0,0
1,0,0,0,0,0,0,0,0,0
1,0,0,0,0,0,0,0,0,0
1,0,0,0,0,0,0,0,0,0
1,0,0,0,0,0,0,0,0,0
1,0,0,0,0,0,0,0,0,0
1,0,0,0,0,0,0,0,0,0
1,0,0,0,0,0,0,0,0,0
1,0,0,0,0,0,0,0,0,0
1,0,0,0,0,0,0,0,0,0
1,0,0,0,0,0,0,0,0,0
1,0,0,0,0,0,0,0,0,0
1,0,0,0,0,0,0,0,0,0
1,0,0,0,0,0,0,0,0,0
1,0,0,0,0,0,0,0,0,0
1,0,0,0,0,0,0,0,0,0
1,0,0,0,0,0,0,0,0,0
1,0,0,0,0,0,0,0,0,0
1,0,0,0,0,0,0,0,0,0
1,0,0,0,0,0,0,0,0,0
1,0,0,0,0,0,0,0,0,0
1,0,0,0,0,0,0,0,0,0
1,0,0,0,0,0,0,0,0,0
1,0,0,0,0,0,0,0,0,0
1,0,0,0,0,0,0,0,0,0
1,0,0,0,0,0,0,0,0,0
1,0,0,0,0,0,0,0,0,0
1,0,0,0,0,0,0,0,0,0
1,0,0,0,0,0,0,0,0,0
1,0,0,0,0,0,0,0,0,0
0,0,19,88,3.5,3,6.661e-016,115.5,106.75,2.56462e-014
1,1,0,0,0,0,0,0,0,0
1,1,0,0,0,0,0,0,0,0
1,1,0,0,0,0,0,0,0,0
0,1,19,87,3.5,3,6.661e-016,112.5,106.75,2.49801e-014
0,1,20,87,3.5,3,6.661e-016,112.5,103.25,2.49801e-014
0,1,20,88,3.5,3,6.661e-016,115.5,103.25,2.56462e-014
0,1,20,89,3.5,3,6.662e-016,118.5,103.25,2.63123e-014
0,1,19,89,3.5,3,6.662e-016,118.5,106.75,2.63123e-014
0,0,20,88,3.5,3,6.661e-016,115.5,103.25,2.56462e-014
0,1,19,89,3.5,3,6.662e-016,118.5,106.75,2.63123e-014
0,1,19,88,3.5,3,6.661e-016,115.5,106.75,2.56462e-014
0,1,19,87,3.5,3,6.661e-016,112.5,106.75,2.49801e-014
0,1,20,87,3.5,3,6.661e-016,112.5,103.25,2.49801e-014
0,1,21,87,3.5,3,6.661e-016,112.5,99.75,2.49801e-014
0,1,21,88,3.5,3,6.661e-016,115.5,99.75,2.56462e-014
0,1,21,89,3.5,3,6.662e-016,118.5,99.75,2.63123e-014
0,1,20,89,3.5,3,6.662e-016,118.5,103.25,2.63123e-014
0,0,21,88,3.5,3,6.661e-016,115.5,99.75,2.56462e-014
0,1,20,89,3.5,3,6.662e-016,118.5,103.25,2.63123e-014
0,1,20,88,3.5,3,6.661e-016,115.5,103.25,2.56462e-014
0,1,20,87,3.5,3,6.661e-016,112.5,103.25,2.49801e-014
0,1,21,87,3.5,3,6.661e-016,112.5,99.75,2.49801e-014
0,1,22,87,3.5,3,6.661e-016,112.5,96.25,2.49801e-014
0,1,22,88,3.5,3,6.661e-016,115.5,96.25,2.56462e-014
0,1,22,89,3.5,3,6.662e-016,118.5,96.25,2.63123e-014
0,1,21,89,3.5,3,6.662e-016,118.5,99.75,2.63123e-014
0,0,22,88,3.5,3,6.661e-016,115.5,96.25,2.56462e-014
0,1,21,89,3.5,3,6.662e-016,118.5,99.75,2.63123e-014
0,1,21,88,3.5,3,6.661e-016,115.5,99.75,2.56462e-014
0,1,21,87,3.5,3,6.661e-016,112.5,99.75,2.49801e-014
0,1,22,87,3.5,3,6.661e-016,112.5,96.25,2.49801e-014
0,1,23,87,3.5,3,6.661e-016,112.5,92.75,2.49801e-014
0,1,23,88,3.5,3,6.661e-016,115.5,92.75,2.56462e-014
0,1,23,89,3.5,3,6.662e-016,118.5,92.75,2.63123e-014
0,1,22,89,3.5,3,6.662e-016,118.5,96.25,2.63123e-014
0,0,23,88,3.5,3,6.661e-016,115.5,92.75,2.56462e-014
0,1,22,89,3.5,3,6.662e-016,118.5,96.25,2.63123e-014
0,1,22,88,3.5,3,6.661e-016,115.5,96.25,2.56462e-014
0,1,22,87,3.5,3,6.661e-016,112.5,96.25,2.49801e-014
0,1,23,87,3.5,3,6.661e-016,112.5,92.75,2.49801e-014
0,1,24,87,3.5,3,6.661e-016,112.5,89.25,2.49801e-014
0,1,24,88,3.5,3,6.661e-016,115.5,89.25,2.56462e-014
0,1,24,89,3.5,3,6.662e-016,118.5,89.25,2.63123e-014
0,1,23,89,3.5,3,6.662e-016,118.5,92.75,2.63123e-014
0,0,24,88,3.5,3,6.661e-016,115.5,89.25,2.56462e-014
0,1,23,89,3.5,3,6.662e-016,118.5,92.75,2.63123e-014
0,1,23,88,3.5,3,6.661e-016,115.5,92.75,2.56462e-014
0,1,23,87,3.5,3,6.661e-016,112.5,92.75,2.49801e-014
0,1,24,87,3.5,3,6.661e-016,112.5,89.25,2.49801e-014
0,1,25,87,3.5,3,6.661e-016,112.5,85.75,2.49801e-014
0,1,25,88,3.5,3,6.661e-016,115.5,85.75,2.56462e-014
0,1,25,89,3.5,3,6.662e-016,118.5,85.75,2.63123e-014
0,1,24,89,3.5,3,6.662e-016,118.5,89.25,2.63123e-014
0,0,25,88,3.5,3,6.661e-016,115.5,85.75,2.56462e-014
0,1,24,89,3.5,3,6.662e-016,118.5,89.25,2.63123e-014
0,1,24,88,3.5,3,6.661e-016,115.5,89.25,2.56462e-014
0,1,24,87,3.5,3,6.661e-016,112.5,89.25,2.49801e-014
0,1,25,87,3.5,3,6.661e-016,112.5,85.75,2.49801e-014
0,1,26,87,3.5,3,6.661e-016,112.5,82.25,2.49801e-014
0,1,26,88,3.5,3,6.661e-016,115.5,82.25,2.56462e-014
0,1,26,89,3.5,3,6.662e-016,118.5,82.25,2.63123e-014
0,1,25,89,3.5,3,6.662e-016,118.5,85.75,2.63123e-014
0,0,26,88,3.5,3,6.661e-016,115.5,82.25,2.56462e-014
0,1,25,89,3.5,3,6.662e-016,118.5,85.75,2.63123e-014
0,1,25,88,3.5,3,6.661e-016,115.5,85.75,2.56462e-014
0,1,25,87,3.5,3,6.661e-016,112.5,85.75,2.49801e-014
0,1,26,87,3.5,3,6.661e-016,112.5,82.25,2.49801e-014
0,1,27,87,3.5,3,6.661e-016,112.5,78.75,2.49801e-014
0,1,27,88,3.5,3,6.661e-016,115.5,78.75,2.56462e-014
0,1,27,89,3.5,3,6.662e-016,118.5,78.75,2.63123e-014
0,1,26,89,3.5,3,6.662e-016,118.5,82.25,2.63123e-014
0,0,27,88,3.5,3,6.661e-016,115.5,78.75,2.56462e-014
0,1,26,89,3.5,3,6.662e-016,118.5,82.25,2.63123e-014
0,1,26,88,3.5,3,6.661e-016,115.5,82.25,2.56462e-014
0,1,26,87,3.5,3,6.661e-016,112.5,82.25,2.49801e-014
0,1,27,87,3.5,3,6.661e-016,112.5,78.75,2.49801e-014
0,1,28,87,3.5,3,6.661e-016,112.5,75.25,2.49801e-014
0,1,28,88,3.5,3,6.661e-016,115.5,75.25,2.56462e-014
0,1,28,89,3.5,3,6.662e-016,118.5,75.25,2.63123e-014
0,1,27,89,3.5,3,6.662e-016,118.5,78.75,2.63123e-014
0,0,28,88,3.5,3,6.661e-016,115.5,75.25,2.56462e-014
0,1,27,89,3.5,3,6.662e-016,118.5,78.75,2.63123e-014
0,1,27,88,3.5,3,6.661e-016,115.5,78.75,2.56462e-014
0,1,27,87,3.5,3,6.661e-016,112.5,78.75,2.49801e-014
0,1,28,87,3.5,3,6.661e-016,112.5,75.25,2.49801e-014
0,1,29,87,3.5,3,6.661e-016,112.5,71.75,2.49801e-014
0,1,29,88,3.5,3,6.661e-016,115.5,71.75,2.56462e-014
0,1,29,89,3.5,3,6.662e-016,118.5,71.75,2.63123e-014
0,1,28,89,3.5,3,6.662e-016,118.5,75.25,2.63123e-014
0,0,29,88,3.5,3,6.661e-016,115.5,71.75,2.56462e-014
0,1,28,89,3.5,3,6.662e-016,118.5,75.25,2.63123e-014
0,1,28,88,3.5,3,6.661e-016,115.5,75.25,2.56462e-014
0,1,28,87,3.5,3,6.661e-016,112.5,75.25,2.49801e-014
0,1,29,87,3.5,3,6.661e-016,112.5,71.75,2.49801e-014
0,1,30,87,3.5,3,6.661e-016,112.5,68.25,2.49801e-014
0,1,30,88,3.5,3,6.661e-016,115.5,68.25,2.56462e-014
0,1,30,89,3.5,3,6.662e-016,118.5,68.25,2.63123e-014
0,1,29,89,3.5,3,6.662e-016,118.5,71.75,2.63123e-014
0,0,30,88,3.5,3,6.661e-016,115.5,68.25,2.56462e-014
0,1,29,89,3.5,3,6.662e-016,118.5,71.75,2.63123e-014
0,1,29,88,3.5,3,6.661e-016,115.5,71.75,2.56462e-014
0,1,29,87,3.5,3,6.661e-016,112.5,71.75,2.49801e-014
0,1,30,87,3.5,3,6.661e-016,112.5,68.25,2.49801e-014
0,1,31,87,3.5,3,6.661e-016,112.5,64.75,2.49801e-014
0,1,31,88,3.5,3,6.661e-016,115.5,64.75,2.56462e-014
0,1,31,89,3.5,3,6.662e-016,118.5,64.75,2.63123e-014
0,1,30,89,3.5,3,6.662e-016,118.5,68.25,2.63123e-014
0,0,31,88,3.5,3,6.661e-016,115.5,64.75,2.56462e-014
0,1,30,89,3.5,3,6.662e-016,118.5,68.25,2.63123e-014
0,1,30,88,3.5,3,6.661e-016,115.5,68.25,2.56462e-014
0,1,30,87,3.5,3,6.661e-016,112.5,68.25,2.49801e-014
0,1,31,87,3.5,3,6.661e-016,112.5,64.75,2.49801e-014
0,1,32,87,3.5,3,6.661e-016,112.5,61.25,2.49801e-014
0,1,32,88,3.5,3,6.661e-016,115.5,61.25,2.56462e-014
0,1,32,89,3.5,3,6.662e-016,118.5,61.25,2.63123e-014
0,1,31,89,3.5,3,6.662e-016,118.5,64.75,2.63123e-014
0,0,32,88,3.5,3,6.661e-016,115.5,61.25,2.56462e-014
0,1,31,89,3.5,3,6.662e-016,118.5,64.75,2.63123e-014
0,1,31,88,3.5,3,6.661e-016,115.5,64.75,2.56462e-014
0,1,31,87,3.5,3,6.661e-016,112.5,64.75,2.49801e-014
0,1,32,87,3.5,3,6.661e-016,112.5,61.25,2.49801e-014
0,1,33,87,3.5,3,6.661e-016,112.5,57.75,2.49801e-014
0,1,33,88,3.5,3,6.661e-016,115.5,57.75,2.56462e-014
0,1,33,89,3.5,3,6.662e-016,118.5,57.75,2.63123e-014
0,1,32,89,3.5,3,6.662e-016,118.5,61.25,2.63123e-014
0,0,33,88,3.5,3,6.661e-016,115.5,57.75,2.56462e-014
0,1,32,89,3.5,3,6.662e-016,118.5,61.25,2.63123e-014
0,1,32,88,3.5,3,6.661e-016,115.5,61.25,2.56462e-014
0,1,32,87,3.5,3,6.661e-016,112.5,61.25,2.49801e-014
0,1,33,87,3.5,3,6.661e-016,112.5,57.75,2.49801e-014
1,1,0,0,0,0,0,0,0,0
0,1,34,88,3.5,3,6.661e-016,115.5,54.25,2.56462e-014
0,1,34,89,3.5,3,6.662e-016,118.5,54.25,2.63123e-014
0,1,33,89,3.5,3,6.662e-016,118.5,57.75,2.63123e-014
0,0,34,88,3.5,3,6.661e-016,115.5,54.25,2.56462e-014
0,1,33,89,3.5,3,6.662e-016,118.5,57.75,2.63123e-014
0,1,33,88,3.5,3,6.661e-016,115.5,57.75,2.56462e-014
0,1,33,87,3.5,3,6.661e-016,112.5,57.75,2.49801e-014
1,1,0,0,0,0,0,0,0,0
1,1,0,0,0,0,0,0,0,0
1,1,0,0,0,0,0,0,0,0
0,1,35,89,3.5,3,6.662e-016,118.5,50.75,2.63123e-014
0,1,34,89,3.5,3,6.662e-016,118.5,54.25,2.63123e-014
1,0,0,0,0,0,0,0,0,0
1,0,0,0,0,0,0,0,0,0
1,0,0,0,0,0,0,0,0,0
1,0,0,0,0,0,0,0,0,0
1,0,0,0,0,0,0,0,0,0
1,0,0,0,0,0,0,0,0,0
1,0,0,0,0,0,0,0,0,0
1,0,0,0,0,0,0,0,0,0
1,0,0,0,0,0,0,0,0,0
1,0,0,0,0,0,0,0,0,0
1,0,0,0,0,0,0,0,0,0
1,0,0,0,0,0,0,0,0,0
1,0,0,0,0,0,0,0,0,0
1,0,0,0,0,0,0,0,0,0
1,0,0,0,0,0,0,0,0,0
1,0,0,0,0,0,0,0,0,0
1,0,0,0,0,0,0,0,0,0
1,0,0,0,0,0,0,0,0,0
1,0,0,0,0,0,0,0,0,0
1,0,0,0,0,0,0,0,0,0
1,0,0,0,0,0,0,0,0,0
1,0,0,0,0,0,0,0,0,0
1,0,0,0,0,0,0,0,0,0
1,0,0,0,0,0,0,0,0,0
1,0,0,0,0,0,0,0,0,0
1,0,0,0,0,0,0,0,0,0
1,0,0,0,0,0,0,0,0,0
1,0,0,0,0,0,0,0,0,0
1,0,0,0,0,0,0,0,0,0
1,0,0,0,0,0,0,0,0,0
1,0,0,0,0,0,0,0,0,0
1,0,0,0,0,0,0,0,0,0
1,0,0,0,0,0,0,0,0,0
1,0,0,0,0,0,0,0,0,0
1,0,0,0,0,0,0,0,0,0
1,0,0,0,0,0,0,0,0,0
1,0,0,0,0,0,0,0,0,0
1,0,0,0,0,0,0,0,0,0
1,0,0,0,0,0,0,0,0,0
1,0,0,0,0,0,0,0,0,0
1,0,0,0,0,0,0,0,0,0
1,0,0,0,0,0,0,0,0,0
1,0,0,0,0,0,0,0,0,0
1,0,0,0,0,0,0,0,0,0
1,0,0,0,0,0,0,0,0,0
1,0,0,0,0,0,0,0,0,0
1,0,0,0,0,0,0,0,0,0
1,0,0,0,0,0,0,0,0,0
1,0,0,0,0,0,0,0,0,0
1,0,0,0,0,0,0,0,0,0
1,0,0,0,0,0,0,0,0,0
1,0,0,0,0,0,0,0,0,0
1,0,0,0,0,0,0,0,0,0
1,0,0,0,0,0,0,0,0,0
1,0,0,0,0,0,0,0,0,0
1,0,0,0,0,0,0,0,0,0
1,0,0,0,0,0,0,0,0,0
1,0,0,0,0,0,0,0,0,0
1,0,0,0,0,0,0,0,0,0
1,0,0,0,0,0,0,0,0,0
1,0,0,0,0,0,0,0,0,0
1,0,0,0,0,0,0,0,0,0
1,0,0,0,0,0,0,0,0,0
1,0,0,0,0,0,0,0,0,0
1,0,0,0,0,0,0,0,0,0
1,0,0,0,0,0,0,0,0,0
1,0,0,0,0,0,0,0,0,0
1,0,0,0,0,0,0,0,0,0
1,0,0,0,0,0,0,0,0,0
1,0,0,0,0,0,0,0,0,0
1,0,0,0,0,0,0,0,0,0
1,0,0,0,0,0,0,0,0,0
1,0,0,0,0,0,0,0,0,0
1,0,0,0,0,0,0,0,0,0
1,0,0,0,0,0,0,0,0,0
1,0,0,0,0,0,0,0,0,0
1,0,0,0,0,0,0,0,0,0
1,0,0,0,0,0,0,0,0,0
1,0,0,0,0,0,0,0,0,0
1,0,0,0,0,0,0,0,0,0
1,0,0,0,0,0,0,0,0,0
1,0,0,0,0,0,0,0,0,0
1,0,0,0,0,0,0,0,0,0
1,0,0,0,0,0,0,0,0,0
0,0,19,89,3.5,3,6.662e-016,118.5,106.75,2.63123e-014
1,1,0,0,0,0,0,0,0,0
1,1,0,0,0,0,0,0,0,0
1,1,0,0,0,0,0,0,0,0
0,1,19,88,3.5,3,6.661e-016,115.5,106.75,2.56462e-014
0,1,20,88,3.5,3,6.661e-016,115.5,103.25,2.56462e-014
0,1,20,89,3.5,3,6.662e-016,118.5,103.25,2.63123e-014
0,1,20,90,3.5,3,6.661e-016,121.5,103.25,2.69784e-014
0,1,19,90,3.5,3,6.661e-016,121.5,106.75,2.69784e-014
0,0,20,89,3.5,3,6.662e-016,118.5,103.25,2.63123e-014
0,1,19,90,3.5,3,6.661e-016,121.5,106.75,2.69784e-014
0,1,19,89,3.5,3,6.662e-016,118.5,106.75,2.63123e-014
0,1,19,88,3.5,3,6.661e-016,115.5,106.75,2.56462e-014
0,1,20,88,3.5,3,6.661e-016,115.5,103.25,2.56462e-014
0,1,21,88,3.5,3,6.661e-016,115.5,99.75,2.56462e-014
0,1,21,89,3.5,3,6.662e-016,118.5,99.75,2.63123e-014
0,1,21,90,3.5,3,6.661e-016,121.5,99.75,2.69784e-014
0,1,20,90,3.5,3,6.661e-016,121.5,103.25,2.69784e-014
0,0,21,89,3.5,3,6.662e-016,118.5,99.75,2.63123e-014
0,1,20,90,3.5,3,6.661e-016,121.5,103.25,2.69784e-014
0,1,20,89,3.5,3,6.662e-016,118.5,103.25,2.63123e-014
0,1,20,88,3.5,3,6.661e-016,115.5,103.25,2.56462e-014
0,1,21,88,3.5,3,6.661e-016,115.5,99.75,2.56462e-014
0,1,22,88,3.5,3,6.661e-016,115.5,96.25,2.56462e-014
0,1,22,89,3.5,3,6.662e-016,118.5,96.25,2.63123e-014
0,1,22,90,3.5,3,6.661e-016,121.5,96.25,2.69784e-014
0,1,21,90,3.5,3,6.661e-016,121.5,99.75,2.69784e-014
0,0,22,89,3.5,3,6.662e-016,118.5,96.25,2.63123e-014
0,1,21,90,3.5,3,6.661e-016,121.5,99.75,2.69784e-014
0,1,21,89,3.5,3,6.662e-016,118.5,99.75,2.63123e-014
0,1,21,88,3.5,3,6.661e-016,115.5,99.75,2.56462e-014
0,1,22,88,3.5,3,6.661e-016,115.5,96.25,2.56462e-014
0,1,23,88,3.5,3,6.661e-016,115.5,92.75,2.56462e-014
0,1,23,89,3.5,3,6.662e-016,118.5,92.75,2.63123e-014
0,1,23,90,3.5,3,6.661e-016,121.5,92.75,2.69784e-014
0,1,22,90,3.5,3,6.661e-016,121.5,96.25,2.69784e-014
0,0,23,89,3.5,3,6.662e-016,118.5,92.75,2.63123e-014
0,1,22,90,3.5,3,6.661e-016,121.5,96.25,2.69784e-014
0,1,22,89,3.5,3,6.662e-016,118.5,96.25,2.63123e-014
0,1,22,88,3.5,3,6.661e-016,115.5,96.25,2.56462e-014
0,1,23,88,3.5,3,6.661e-016,115.5,92.75,2.56462e-014
0,1,24,88,3.5,3,6.661e-016,115.5,89.25,2.56462e-014
0,1,24,89,3.5,3,6.662e-016,118.5,89.25,2.63123e-014
0,1,24,90,3.5,3,6.661e-016,121.5,89.25,2.69784e-014
0,1,23,90,3.5,3,6.661e-016,121.5,92.75,2.69784e-014
0,0,24,89,3.5,3,6.662e-016,118.5,89.25,2.63123e-014
0,1,23,90,3.5,3,6.661e-016,121.5,92.75,2.69784e-014
0,1,23,89,3.5,3,6.662e-016,118.5,92.75,2.63123e-014
0,1,23,88,3.5,3,6.661e-016,115.5,92.75,2.56462e-014
0,1,24,88,3.5,3,6.661e-016,115.5,89.25,2.56462e-014
0,1,25,88,3.5,3,6.661e-016,115.5,85.75,2.56462e-014
0,1,25,89,3.5,3,6.662e-016,118.5,85.75,2.63123e-014
0,1,25,90,3.5,3,6.661e-016,121.5,85.75,2.69784e-014
0,1,24,90,3.5,3,6.661e-016,121.5,89.25,2.69784e-014
0,0,25,89,3.5,3,6.662e-016,118.5,85.75,2.63123e-014
0,1,24,90,3.5,3,6.661e-016,121.5,89.25,2.69784e-014
0,1,24,89,3.5,3,6.662e-016,118.5,89.25,2.63123e-014
0,1,24,88,3.5,3,6.661e-016,115.5,89.25,2.56462e-014
0,1,25,88,3.5,3,6.661e-016,115.5,85.75,2.56462e-014
0,1,26,88,3.5,3,6.661e-016,115.5,82.25,2.56462e-014
0,1,26,89,3.5,3,6.662e-016,118.5,82.25,2.63123e-014
0,1,26,90,3.5,3,6.661e-016,121.5,82.25,2.69784e-014
0,1,25,90,3.5,3,6.661e-016,121.5,85.75,2.69784e-014
0,0,26,89,3.5,3,6.662e-016,118.5,82.25,2.63123e-014
0,1,25,90,3.5,3,6.661e-016,121.5,85.75,2.69784e-014
0,1,25,89,3.5,3,6.662e-016,118.5,85.75,2.63123e-014
0,1,25,88,3.5,3,6.661e-016,115.5,85.75,2.56462e-014
0,1,26,88,3.5,3,6.661e-016,115.5,82.25,2.56462e-014
0,1,27,88,3.5,3,6.661e-016,115.5,78.75,2.56462e-014
0,1,27,89,3.5,3,6.662e-016,118.5,78.75,2.63123e-014
0,1,27,90,3.5,3,6.661e-016,121.5,78.75,2.69784e-014
0,1,26,90,3.5,3,6.661e-016,121.5,82.25,2.69784e-014
0,0,27,89,3.5,3,6.662e-016,118.5,78.75,2.63123e-014
0,1,26,90,3.5,3,6.661e-016,121.5,82.25,2.69784e-014
0,1,26,89,3.5,3,6.662e-016,118.5,82.25,2.63123e-014
0,1,26,88,3.5,3,6.661e-016,115.5,82.25,2.56462e-014
0,1,27,88,3.5,3,6.661e-016,115.5,78.75,2.56462e-014
0,1,28,88,3.5,3,6.661e-016,115.5,75.25,2.56462e-014
0,1,28,89,3.5,3,6.662e-016,118.5,75.25,2.63123e-014
0,1,28,90,3.5,3,6.661e-016,121.5,75.25,2.69784e-014
0,1,27,90,3.5,3,6.661e-016,121.5,78.75,2.69784e-014
0,0,28,89,3.5,3,6.662e-016,118.5,75.25,2.63123e-014
0,1,27,90,3.5,3,6.661e-016,121.5,78.75,2.69784e-014
0,1,27,89,3.5,3,6.662e-016,118.5,78.75,2.63123e-014
0,1,27,88,3.5,3,6.661e-016,115.5,78.75,2.56462e-014
0,1,28,88,3.5,3,6.661e-016,115.5,75.25,2.56462e-014
0,1,29,88,3.5,3,6.661e-016,115.5,71.75,2.56462e-014
0,1,29,89,3.5,3,6.662e-016,118.5,71.75,2.63123e-014
0,1,29,90,3.5,3,6.661e-016,121.5,71.75,2.69784e-014
0,1,28,90,3.5,3,6.661e-016,121.5,75.25,2.69784e-014
0,0,29,89,3.5,3,6.662e-016,118.5,71.75,2.63123e-014
0,1,28,90,3.5,3,6.661e-016,121.5,75.25,2.69784e-014
0,1,28,89,3.5,3,6.662e-016,118.5,75.25,2.63123e-014
0,1,28,88,3.5,3,6.661e-016,115.5,75.25,2.56462e-014
0,1,29,88,3.5,3,6.661e-016,115.5,71.75,2.56462e-014
0,1,30,88,3.5,3,6.661e-016,115.5,68.25,2.56462e-014
0,1,30,89,3.5,3,6.662e-016,118.5,68.25,2.63123e-014
0,1,30,90,3.5,3,6.661e-016,121.5,68.25,2.69784e-014
0,1,29,90,3.5,3,6.661e-016,121.5,71.75,2.69784e-014
0,0,30,89,3.5,3,6.662e-016,118.5,68.25,2.63123e-014
0,1,29,90,3.5,3,6.661e-016,121.5,71.75,2.69784e-014
0,1,29,89,3.5,3,6.662e-016,118.5,71.75,2.63123e-014
0,1,29,88,3.5,3,6.661e-016,115.5,71.75,2.56462e-014
0,1,30,88,3.5,3,6.661e-016,115.5,68.25,2.56462e-014
0,1,31,88,3.5,3,6.661e-016,115.5,64.75,2.56462e-014
0,1,31,89,3.5,3,6.662e-016,118.5,64.75,2.63123e-014
0,1,31,90,3.5,3,6.661e-016,121.5,64.75,2.69784e-014
0,1,30,90,3.5,3,6.661e-016,121.5,68.25,2.69784e-014
0,0,31,89,3.5,3,6.662e-016,118.5,64.75,2.63123e-014
0,1,30,90,3.5,3,6.661e-016,121.5,68.25,2.69784e-014
0,1,30,89,3.5,3,6.662e-016,118.5,68.25,2.63123e-014
0,1,30,88,3.5,3,6.661e-016,115.5,68.25,2.56462e-014
0,1,31,88,3.5,3,6.661e-016,115.5,64.75,2.56462e-014
0,1,32,88,3.5,3,6.661e-016,115.5,61.25,2.56462e-014
0,1,32,89,3.5,3,6.662e-016,118.5,61.25,2.63123e-014
0,1,32,90,3.5,3,6.661e-016,121.5,61.25,2.69784e-014
0,1,31,90,3.5,3,6.661e-016,121.5,64.75,2.69784e-014
0,0,32,89,3.5,3,6.662e-016,118.5,61.25,2.63123e-014
0,1,31,90,3.5,3,6.661e-016,121.5,64.75,2.69784e-014
0,1,31,89,3.5,3,6.662e-016,118.5,64.75,2.63123e-014
0,1,31,88,3.5,3,6.661e-016,115.5,64.75,2.56462e-014
0,1,32,88,3.5,3,6.661e-016,115.5,61.25,2.56462e-014
0,1,33,88,3.5,3,6.661e-016,115.5,57.75,2.56462e-014
0,1,33,89,3.5,3,6.662e-016,118.5,57.75,2.63123e-014
0,1,33,90,3.5,3,6.661e-016,121.5,57.75,2.69784e-014
0,1,32,90,3.5,3,6.661e-016,121.5,61.25,2.69784e-014
0,0,33,89,3.5,3,6.662e-016,118.5,57.75,2.63123e-014
0,1,32,90,3.5,3,6.661e-016,121.5,61.25,2.69784e-014
0,1,32,89,3.5,3,6.662e-016,118.5,61.25,2.63123e-014
0,1,32,88,3.5,3,6.661e-016,115.5,61.25,2.56462e-014
0,1,33,88,3.5,3,6.661e-016,115.5,57.75,2.56462e-014
0,1,34,88,3.5,3,6.661e-016,115.5,54.25,2.56462e-014
0,1,34,89,3.5,3,6.662e-016,118.5,54.25,2.63123e-014
0,1,34,90,3.5,3,6.661e-016,121.5,54.25,2.69784e-014
0,1,33,90,3.5,3,6.661e-016,121.5,57.75,2.69784e-014
0,0,34,89,3.5,3,6.662e-016,118.5,54.25,2.63123e-014
0,1,33,90,3.5,3,6.661e-016,121.5,57.75,2.69784e-014
0,1,33,89,3.5,3,6.662e-016,118.5,57.75,2.63123e-014
0,1,33,88,3.5,3,6.661e-016,115.5,57.75,2.56462e-014
0,1,34,88,3.5,3,6.661e-016,115.5,54.25,2.56462e-014
1,1,0,0,0,0,0,0,0,0
0,1,35,89,3.5,3,6.662e-016,118.5,50.75,2.63123e-014
0,1,35,90,3.5,3,6.661e-016,121.5,50.75,2.69784e-014
0,1,34,90,3.5,3,6.661e-016,121.5,54.25,2.69784e-014
0,0,35,89,3.5,3,6.662e-016,118.5,50.75,2.63123e-014
0,1,34,90,3.5,3,6.661e-016,121.5,54.25,2.69784e-014
0,1,34,89,3.5,3,6.662e-016,118.5,54.25,2.63123e-014
0,1,34,88,3.5,3,6.661e-016,115.5,54.25,2.56462e-014
1,1,0,0,0,0,0,0,0,0
1,1,0,0,0,0,0,0,0,0
1,1,0,0,0,0,0,0,0,0
0,1,36,90,3.5,3,6.661e-016,121.5,47.25,2.69784e-014
0,1,35,90,3.5,3,6.661e-016,121.5,50.75,2.69784e-014
1,0,0,0,0,0,0,0,0,0
1,0,0,0,0,0,0,0,0,0
1,0,0,0,0,0,0,0,0,0
1,0,0,0,0,0,0,0,0,0
1,0,0,0,0,0,0,0,0,0
1,0,0,0,0,0,0,0,0,0
1,0,0,0,0,0,0,0,0,0
1,0,0,0,0,0,0,0,0,0
1,0,0,0,0,0,0,0,0,0
1,0,0,0,0,0,0,0,0,0
1,0,0,0,0,0,0,0,0,0
1,0,0,0,0,0,0,0,0,0
1,0,0,0,0,0,0,0,0,0
1,0,0,0,0,0,0,0,0,0
1,0,0,0,0,0,0,0,0,0
1,0,0,0,0,0,0,0,0,0
1,0,0,0,0,0,0,0,0,0
1,0,0,0,0,0,0,0,0,0
1,0,0,0,0,0,0,0,0,0
1,0,0,0,0,0,0,0,0,0
1,0,0,0,0,0,0,0,0,0
1,0,0,0,0,0,0,0,0,0
1,0,0,0,0,0,0,0,0,0
1,0,0,0,0,0,0,0,0,0
1,0,0,0,0,0,0,0,0,0
1,0,0,0,0,0,0,0,0,0
1,0,0,0,0,0,0,0,0,0
1,0,0,0,0,0,0,0,0,0
1,0,0,0,0,0,0,0,0,0
1,0,0,0,0,0,0,0,0,0
1,0,0,0,0,0,0,0,0,0
1,0,0,0,0,0,0,0,0,0
1,0,0,0,0,0,0,0,0,0
1,0,0,0,0,0,0,0,0,0
1,0,0,0,0,0,0,0,0,0
1,0,0,0,0,0,0,0,0,0
1,0,0,0,0,0,0,0,0,0
1,0,0,0,0,0,0,0,0,0
1,0,0,0,0,0,0,0,0,0
1,0,0,0,0,0,0,0,0,0
1,0,0,0,0,0,0,0,0,0
1,0,0,0,0,0,0,0,0,0
1,0,0,0,0,0,0,0,0,0
1,0,0,0,0,0,0,0,0,0
1,0,0,0,0,0,0,0,0,0
1,0,0,0,0,0,0,0,0,0
1,0,0,0,0,0,0,0,0,0
1,0,0,0,0,0,0,0,0,0
1,0,0,0,0,0,0,0,0,0
1,0,0,0,0,0,0,0,0,0
1,0,0,0,0,0,0,0,0,0
1,0,0,0,0,0,0,0,0,0
1,0,0,0,0,0,0,0,0,0
1,0,0,0,0,0,0,0,0,0
1,0,0,0,0,0,0,0,0,0
1,0,0,0,0,0,0,0,0,0
1,0,0,0,0,0,0,0,0,0
1,0,0,0,0,0,0,0,0,0
1,0,0,0,0,0,0,0,0,0
1,0,0,0,0,0,0,0,0,0
1,0,0,0,0,0,0,0,0,0
1,0,0,0,0,0,0,0,0,0
1,0,0,0,0,0,0,0,0,0
1,0,0,0,0,0,0,0,0,0
1,0,0,0,0,0,0,0,0,0
1,0,0,0,0,0,0,0,0,0
1,0,0,0,0,0,0,0,0,0
1,0,0,0,0,0,0,0,0,0
1,0,0,0,0,0,0,0,0,0
1,0,0,0,0,0,0,0,0,0
1,0,0,0,0,0,0,0,0,0
1,0,0,0,0,0,0,0,0,0
1,0,0,0,0,0,0,0,0,0
1,0,0,0,0,0,0,0,0,0
1,0,0,0,0,0,0,0,0,0
1,0,0,0,0,0,0,0,0,0
1,0,0,0,0,0,0,0,0,0
1,0,0,0,0,0,0,0,0,0
1,0,0,0,0,0,0,0,0,0
1,0,0,0,0,0,0,0,0,0
1,0,0,0,0,0,0,0,0,0
1,0,0,0,0,0,0,0,0,0
1,0,0,0,0,0,0,0,0,0
0,0,19,90,3.5,3,6.661e-016,121.5,106.75,2.69784e-014
1,1,0,0,0,0,0,0,0,0
1,1,0,0,0,0,0,0,0,0
1,1,0,0,0,0,0,0,0,0
0,1,19,89,3.5,3,6.662e-016,118.5,106.75,2.63123e-014
0,1,20,89,3.5,3,6.662e-016,118.5,103.25,2.63123e-014
0,1,20,90,3.5,3,6.661e-016,121.5,103.25,2.69784e-014
0,1,20,91,3.5,3,6.661e-016,124.5,103.25,2.76445e-014
0,1,19,91,3.5,3,6.661e-016,124.5,106.75,2.76445e-014
0,0,20,90,3.5,3,6.661e-016,121.5,103.25,2.69784e-014
0,1,19,91,3.5,3,6.661e-016,124.5,106.75,2.76445e-014
0,1,19,90,3.5,3,6.661e-016,121.5,106.75,2.69784e-014
0,1,19,89,3.5,3,6.662e-016,118.5,106.75,2.63123e-014
0,1,20,89,3.5,3,6.662e-016,118.5,103.25,2.63123e-014
0,1,21,89,3.5,3,6.662e-016,118.5,99.75,2.63123e-014
0,1,21,90,3.5,3,6.661e-016,121.5,99.75,2.69784e-014
0,1,21,91,3.5,3,6.661e-016,124.5,99.75,2.76445e-014
0,1,20,91,3.5,3,6.661e-016,124.5,103.25,2.76445e-014
0,0,21,90,3.5,3,6.661e-016,121.5,99.75,2.69784e-014
0,1,20,91,3.5,3,6.661e-016,124.5,103.25,2.76445e-014
0,1,20,90,3.5,3,6.661e-016,121.5,103.25,2.69784e-014
0,1,20,89,3.5,3,6.662e-016,118.5,103.25,2.63123e-014
0,1,21,89,3.5,3,6.662e-016,118.5,99.75,2.63123e-014
0,1,22,89,3.5,3,6.662e-016,118.5,96.25,2.63123e-014
0,1,22,90,3.5,3,6.661e-016,121.5,96.25,2.69784e-014
0,1,22,91,3.5,3,6.661e-016,124.5,96.25,2.76445e-014
0,1,21,91,3.5,3,6.661e-016,124.5,99.75,2.76445e-014
0,0,22,90,3.5,3,6.661e-016,121.5,96.25,2.69784e-014
0,1,21,91,3.5,3,6.661e-016,124.5,99.75,2.76445e-014
0,1,21,90,3.5,3,6.661e-016,121.5,99.75,2.69784e-014
0,1,21,89,3.5,3,6.662e-016,118.5,99.75,2.63123e-014
0,1,22,89,3.5,3,6.662e-016,118.5,96.25,2.63123e-014
0,1,23,89,3.5,3,6.662e-016,118.5,92.75,2.63123e-014
0,1,23,90,3.5,3,6.661e-016,121.5,92.75,2.69784e-014
0,1,23,91,3.5,3,6.661e-016,124.5,92.75,2.76445e-014
0,1,22,91,3.5,3,6.661e-016,124.5,96.25,2.76445e-014
0,0,23,90,3.5,3,6.661e-016,121.5,92.75,2.69784e-014
0,1,22,91,3.5,3,6.661e-016,124.5,96.25,2.76445e-014
0,1,22,90,3.5,3,6.661e-016,121.5,96.25,2.69784e-014
0,1,22,89,3.5,3,6.662e-016,118.5,96.25,2.63123e-014
0,1,23,89,3.5,3,6.662e-016,118.5,92.75,2.63123e-014
0,1,24,89,3.5,3,6.662e-016,118.5,89.25,2.63123e-014
0,1,24,90,3.5,3,6.661e-016,121.5,89.25,2.69784e-014
0,1,24,91,3.5,3,6.661e-016,124.5,89.25,2.76445e-014
0,1,23,91,3.5,3,6.661e-016,124.5,92.75,2.76445e-014
0,0,24,90,3.5,3,6.661e-016,121.5,89.25,2.69784e-014
0,1,23,91,3.5,3,6.661e-016,124.5,92.75,2.76445e-014
0,1,23,90,3.5,3,6.661e-016,121.5,92.75,2.69784e-014
0,1,23,89,3.5,3,6.662e-016,118.5,92.75,2.63123e-014
0,1,24,89,3.5,3,6.662e-016,118.5,89.25,2.63123e-014
0,1,25,89,3.5,3,6.662e-016,118.5,85.75,2.63123e-014
0,1,25,90,3.5,3,6.661e-016,121.5,85.75,2.69784e-014
0,1,25,91,3.5,3,6.661e-016,124.5,85.75,2.76445e-014
0,1,24,91,3.5,3,6.661e-016,124.5,89.25,2.76445e-014
0,0,25,90,3.5,3,6.661e-016,121.5,85.75,2.69784e-014
0,1,24,91,3.5,3,6.661e-016,124.5,89.25,2.76445e-014
0,1,24,90,3.5,3,6.661e-016,121.5,89.25,2.69784e-014
0,1,24,89,3.5,3,6.662e-016,118.5,89.25,2.63123e-014
0,1,25,89,3.5,3,6.662e-016,118.5,85.75,2.63123e-014
0,1,26,89,3.5,3,6.662e-016,118.5,82.25,2.63123e-014
0,1,26,90,3.5,3,6.661e-016,121.5,82.25,2.69784e-014
0,1,26,91,3.5,3,6.661e-016,124.5,82.25,2.76445e-014
0,1,25,91,3.5,3,6.661e-016,124.5,85.75,2.76445e-014
0,0,26,90,3.5,3,6.661e-016,121.5,82.25,2.69784e-014
0,1,25,91,3.5,3,6.661e-016,124.5,85.75,2.76445e-014
0,1,25,90,3.5,3,6.661e-016,121.5,85.75,2.69784e-014
0,1,25,89,3.5,3,6.662e-016,118.5,85.75,2.63123e-014
0,1,26,89,3.5,3,6.662e-016,118.5,82.25,2.63123e-014
0,1,27,89,3.5,3,6.662e-016,118.5,78.75,2.63123e-014
0,1,27,90,3.5,3,6.661e-016,121.5,78.75,2.69784e-014
0,1,27,91,3.5,3,6.661e-016,124.5,78.75,2.76445e-014
0,1,26,91,3.5,3,6.661e-016,124.5,82.25,2.76445e-014
0,0,27,90,3.5,3,6.661e-016,121.5,78.75,2.69784e-014
0,1,26,91,3.5,3,6.661e-016,124.5,82.25,2.76445e-014
0,1,26,90,3.5,3,6.661e-016,121.5,82.25,2.69784e-014
0,1,26,89,3.5,3,6.662e-016,118.5,82.25,2.63123e-014
0,1,27,89,3.5,3,6.662e-016,118.5,78.75,2.63123e-014
0,1,28,89,3.5,3,6.662e-016,118.5,75.25,2.63123e-014
0,1,28,90,3.5,3,6.661e-016,121.5,75.25,2.69784e-014
0,1,28,91,3.5,3,6.661e-016,124.5,75.25,2.76445e-014
0,1,27,91,3.5,3,6.661e-016,124.5,78.75,2.76445e-014
0,0,28,90,3.5,3,6.661e-016,121.5,75.25,2.69784e-014
0,1,27,91,3.5,3,6.661e-016,124.5,78.75,2.76445e-014
0,1,27,90,3.5,3,6.661e-016,121.5,78.75,2.69784e-014
0,1,27,89,3.5,3,6.662e-016,118.5,78.75,2.63123e-014
0,1,28,89,3.5,3,6.662e-016,118.5,75.25,2.63123e-014
0,1,29,89,3.5,3,6.662e-016,118.5,71.75,2.63123e-014
0,1,29,90,3.5,3,6.661e-016,121.5,71.75,2.69784e-014
0,1,29,91,3.5,3,6.661e-016,124.5,71.75,2.76445e-014
0,1,28,91,3.5,3,6.661e-016,124.5,75.25,2.76445e-014
0,0,29,90,3.5,3,6.661e-016,121.5,71.75,2.69784e-014
0,1,28,91,3.5,3,6.661e-016,124.5,75.25,2.76445e-014
0,1,28,90,3.5,3,6.661e-016,121.5,75.25,2.69784e-014
0,1,28,89,3.5,3,6.662e-016,118.5,75.25,2.63123e-014
0,1,29,89,3.5,3,6.662e-016,118.5,71.75,2.63123e-014
0,1,30,89,3.5,3,6.662e-016,118.5,68.25,2.63123e-014
0,1,30,90,3.5,3,6.661e-016,121.5,68.25,2.69784e-014
0,1,30,91,3.5,3,6.661e-016,124.5,68.25,2.76445e-014
0,1,29,91,3.5,3,6.661e-016,124.5,71.75,2.76445e-014
0,0,30,90,3.5,3,6.661e-016,121.5,68.25,2.69784e-014
0,1,29,91,3.5,3,6.661e-016,124.5,71.75,2.76445e-014
0,1,29,90,3.5,3,6.661e-016,121.5,71.75,2.69784e-014
0,1,29,89,3.5,3,6.662e-016,118.5,71.75,2.63123e-014
0,1,30,89,3.5,3,6.662e-016,118.5,68.25,2.63123e-014
0,1,31,89,3.5,3,6.662e-016,118.5,64.75,2.63123e-014
0,1,31,90,3.5,3,6.661e-016,121.5,64.75,2.69784e-014
0,1,31,91,3.5,3,6.661e-016,124.5,64.75,2.76445e-014
0,1,30,91,3.5,3,6.661e-016,124.5,68.25,2.76445e-014
0,0,31,90,3.5,3,6.661e-016,121.5,64.75,2.69784e-014
0,1,30,91,3.5,3,6.661e-016,124.5,68.25,2.76445e-014
0,1,30,90,3.5,3,6.661e-016,121.5,68.25,2.69784e-014
0,1,30,89,3.5,3,6.662e-016,118.5,68.25,2.63123e-014
0,1,31,89,3.5,3,6.662e-016,118.5,64.75,2.63123e-014
0,1,32,89,3.5,3,6.662e-016,118.5,61.25,2.63123e-014
0,1,32,90,3.5,3,6.661e-016,121.5,61.25,2.69784e-014
0,1,32,91,3.5,3,6.661e-016,124.5,61.25,2.76445e-014
0,1,31,91,3.5,3,6.661e-016,124.5,64.75,2.76445e-014
0,0,32,90,3.5,3,6.661e-016,121.5,61.25,2.69784e-014
0,1,31,91,3.5,3,6.661e-016,124.5,64.75,2.76445e-014
0,1,31,90,3.5,3,6.661e-016,121.5,64.75,2.69784e-014
0,1,31,89,3.5,3,6.662e-016,118.5,64.75,2.63123e-014
0,1,32,89,3.5,3,6.662e-016,118.5,61.25,2.63123e-014
0,1,33,89,3.5,3,6.662e-016,118.5,57.75,2.63123e-014
0,1,33,90,3.5,3,6.661e-016,121.5,57.75,2.69784e-014
0,1,33,91,3.5,3,6.661e-016,124.5,57.75,2.76445e-014
0,1,32,91,3.5,3,6.661e-016,124.5,61.25,2.76445e-014
0,0,33,90,3.5,3,6.661e-016,121.5,57.75,2.69784e-014
0,1,32,91,3.5,3,6.661e-016,124.5,61.25,2.76445e-014
0,1,32,90,3.5,3,6.661e-016,121.5,61.25,2.69784e-014
0,1,32,89,3.5,3,6.662e-016,118.5,61.25,2.63123e-014
0,1,33,89,3.5,3,6.662e-016,118.5,57.75,2.63123e-014
0,1,34,89,3.5,3,6.662e-016,118.5,54.25,2.63123e-014
0,1,34,90,3.5,3,6.661e-016,121.5,54.25,2.69784e-014
0,1,34,91,3.5,3,6.661e-016,124.5,54.25,2.76445e-014
0,1,33,91,3.5,3,6.661e-016,124.5,57.75,2.76445e-014
0,0,34,90,3.5,3,6.661e-016,121.5,54.25,2.69784e-014
0,1,33,91,3.5,3,6.661e-016,124.5,57.75,2.76445e-014
0,1,33,90,3.5,3,6.661e-016,121.5,57.75,2.69784e-014
0,1,33,89,3.5,3,6.662e-016,118.5,57.75,2.63123e-014
0,1,34,89,3.5,3,6.662e-016,118.5,54.25,2.63123e-014
0,1,35,89,3.5,3,6.662e-016,118.5,50.75,2.63123e-014
0,1,35,90,3.5,3,6.661e-016,121.5,50.75,2.69784e-014
0,1,35,91,3.5,3,6.661e-016,124.5,50.75,2.76445e-014
0,1,34,91,3.5,3,6.661e-016,124.5,54.25,2.76445e-014
0,0,35,90,3.5,3,6.661e-016,121.5,50.75,2.69784e-014
0,1,34,91,3.5,3,6.661e-016,124.5,54.25,2.76445e-014
0,1,34,90,3.5,3,6.661e-016,121.5,54.25,2.69784e-014
0,1,34,89,3.5,3,6.662e-016,118.5,54.25,2.63123e-014
0,1,35,89,3.5,3,6.662e-016,118.5,50.75,2.63123e-014
1,1,0,0,0,0,0,0,0,0
0,1,36,90,3.5,3,6.661e-016,121.5,47.25,2.69784e-014
0,1,36,91,3.5,3,6.661e-016,124.5,47.25,2.76445e-014
0,1,35,91,3.5,3,6.661e-016,124.5,50.75,2.76445e-014
0,0,36,90,3.5,3,6.661e-016,121.5,47.25,2.69784e-014
0,1,35,91,3.5,3,6.661e-016,124.5,50.75,2.76445e-014
0,1,35,90,3.5,3,6.661e-016,121.5,50.75,2.69784e-014
0,1,35,89,3.5,3,6.662e-016,118.5,50.75,2.63123e-014
1,1,0,0,0,0,0,0,0,0
1,1,0,0,0,0,0,0,0,0
1,1,0,0,0,0,0,0,0,0
0,1,37,91,3.5,3,6.661e-016,124.5,43.75,2.76445e-014
0,1,36,91,3.5,3,6.661e-016,124.5,47.25,2.76445e-014
1,0,0,0,0,0,0,0,0,0
1,0,0,0,0,0,0,0,0,0
1,0,0,0,0,0,0,0,0,0
1,0,0,0,0,0,0,0,0,0
1,0,0,0,0,0,0,0,0,0
1,0,0,0,0,0,0,0,0,0
1,0,0,0,0,0,0,0,0,0
1,0,0,0,0,0,0,0,0,0
1,0,0,0,0,0,0,0,0,0
1,0,0,0,0,0,0,0,0,0
1,0,0,0,0,0,0,0,0,0
1,0,0,0,0,0,0,0,0,0
1,0,0,0,0,0,0,0,0,0
1,0,0,0,0,0,0,0,0,0
1,0,0,0,0,0,0,0,0,0
1,0,0,0,0,0,0,0,0,0
1,0,0,0,0,0,0,0,0,0
1,0,0,0,0,0,0,0,0,0
1,0,0,0,0,0,0,0,0,0
1,0,0,0,0,0,0,0,0,0
1,0,0,0,0,0,0,0,0,0
1,0,0,0,0,0,0,0,0,0
1,0,0,0,0,0,0,0,0,0
1,0,0,0,0,0,0,0,0,0
1,0,0,0,0,0,0,0,0,0
1,0,0,0,0,0,0,0,0,0
1,0,0,0,0,0,0,0,0,0
1,0,0,0,0,0,0,0,0,0
1,0,0,0,0,0,0,0,0,0
1,0,0,0,0,0,0,0,0,0
1,0,0,0,0,0,0,0,0,0
1,0,0,0,0,0,0,0,0,0
1,0,0,0,0,0,0,0,0,0
1,0,0,0,0,0,0,0,0,0
1,0,0,0,0,0,0,0,0,0
1,0,0,0,0,0,0,0,0,0
1,0,0,0,0,0,0,0,0,0
1,0,0,0,0,0,0,0,0,0
1,0,0,0,0,0,0,0,0,0
1,0,0,0,0,0,0,0,0,0
1,0,0,0,0,0,0,0,0,0
1,0,0,0,0,0,0,0,0,0
1,0,0,0,0,0,0,0,0,0
1,0,0,0,0,0,0,0,0,0
1,0,0,0,0,0,0,0,0,0
1,0,0,0,0,0,0,0,0,0
1,0,0,0,0,0,0,0,0,0
1,0,0,0,0,0,0,0,0,0
1,0,0,0,0,0,0,0,0,0
1,0,0,0,0,0,0,0,0,0
1,0,0,0,0,0,0,0,0,0
1,0,0,0,0,0,0,0,0,0
1,0,0,0,0,0,0,0,0,0
1,0,0,0,0,0,0,0,0,0
1,0,0,0,0,0,0,0,0,0
1,0,0,0,0,0,0,0,0,0
1,0,0,0,0,0,0,0,0,0
1,0,0,0,0,0,0,0,0,0
1,0,0,0,0,0,0,0,0,0
1,0,0,0,0,0,0,0,0,0
1,0,0,0,0,0,0,0,0,0
1,0,0,0,0,0,0,0,0,0
1,0,0,0,0,0,0,0,0,0
1,0,0,0,0,0,0,0,0,0
1,0,0,0,0,0,0,0,0,0
1,0,0,0,0,0,0,0,0,0
1,0,0,0,0,0,0,0,0,0
1,0,0,0,0,0,0,0,0,0
1,0,0,0,0,0,0,0,0,0
1,0,0,0,0,0,0,0,0,0
1,0,0,0,0,0,0,0,0,0
1,0,0,0,0,0,0,0,0,0
1,0,0,0,0,0,0,0,0,0
1,0,0,0,0,0,0,0,0,0
1,0,0,0,0,0,0,0,0,0
1,0,0,0,0,0,0,0,0,0
1,0,0,0,0,0,0,0,0,0
1,0,0,0,0,0,0,0,0,0
1,0,0,0,0,0,0,0,0,0
1,0,0,0,0,0,0,0,0,0
1,0,0,0,0,0,0,0,0,0
1,0,0,0,0,0,0,0,0,0
0,0,19,91,3.5,3,6.661e-016,124.5,106.75,2.76445e-014
1,1,0,0,0,0,0,0,0,0
1,1,0,0,0,0,0,0,0,0
1,1,0,0,0,0,0,0,0,0
0,1,19,90,3.5,3,6.661e-016,121.5,106.75,2.69784e-014
0,1,20,90,3.5,3,6.661e-016,121.5,103.25,2.69784e-014
0,1,20,91,3.5,3,6.661e-016,124.5,103.25,2.76445e-014
0,1,20,92,3.5,3,6.66202e-016,127.5,103.25,2.83107e-014
0,1,19,92,3.5,3,6.66202e-016,127.5,106.75,2.83107e-014
0,0,20,91,3.5,3,6.661e-016,124.5,103.25,2.76445e-014
0,1,19,92,3.5,3,6.66202e-016,127.5,106.75,2.83107e-014
0,1,19,91,3.5,3,6.661e-016,124.5,106.75,2.76445e-014
0,1,19,90,3.5,3,6.661e-016,121.5,106.75,2.69784e-014
0,1,20,90,3.5,3,6.661e-016,121.5,103.25,2.69784e-014
0,1,21,90,3.5,3,6.661e-016,121.5,99.75,2.69784e-014
0,1,21,91,3.5,3,6.661e-016,124.5,99.75,2.76445e-014
0,1,21,92,3.5,3,6.66202e-016,127.5,99.75,2.83107e-014
0,1,20,92,3.5,3,6.66202e-016,127.5,103.25,2.83107e-014
0,0,21,91,3.5,3,6.661e-016,124.5,99.75,2.76445e-014
0,1,20,92,3.5,3,6.66202e-016,127.5,103.25,2.83107e-014
0,1,20,91,3.5,3,6.661e-016,124.5,103.25,2.76445e-014
0,1,20,90,3.5,3,6.661e-016,121.5,103.25,2.69784e-014
0,1,21,90,3.5,3,6.661e-016,121.5,99.75,2.69784e-014
0,1,22,90,3.5,3,6.661e-016,121.5,96.25,2.69784e-014
0,1,22,91,3.5,3,6.661e-016,124.5,96.25,2.76445e-014
0,1,22,92,3.5,3,6.66202e-016,127.5,96.25,2.83107e-014
0,1,21,92,3.5,3,6.66202e-016,127.5,99.75,2.83107e-014
0,0,22,91,3.5,3,6.661e-016,124.5,96.25,2.76445e-014
0,1,21,92,3.5,3,6.66202e-016,127.5,99.75,2.83107e-014
0,1,21,91,3.5,3,6.661e-016,124.5,99.75,2.76445e-014
0,1,21,90,3.5,3,6.661e-016,121.5,99.75,2.69784e-014
0,1,22,90,3.5,3,6.661e-016,121.5,96.25,2.69784e-014
0,1,23,90,3.5,3,6.661e-016,121.5,92.75,2.69784e-014
0,1,23,91,3.5,3,6.661e-016,124.5,92.75,2.76445e-014
0,1,23,92,3.5,3,6.66202e-016,127.5,92.75,2.83107e-014
0,1,22,92,3.5,3,6.66202e-016,127.5,96.25,2.83107e-014
0,0,23,91,3.5,3,6.661e-016,124.5,92.75,2.76445e-014
0,1,22,92,3.5,3,6.66202e-016,127.5,96.25,2.83107e-014
0,1,22,91,3.5,3,6.661e-016,124.5,96.25,2.76445e-014
0,1,22,90,3.5,3,6.661e-016,121.5,96.25,2.69784e-014
0,1,23,90,3.5,3,6.661e-016,121.5,92.75,2.69784e-014
0,1,24,90,3.5,3,6.661e-016,121.5,89.25,2.69784e-014
0,1,24,91,3.5,3,6.661e-016,124.5,89.25,2.76445e-014
0,1,24,92,3.5,3,6.66202e-016,127.5,89.25,2.83107e-014
0,1,23,92,3.5,3,6.66202e-016,127.5,92.75,2.83107e-014
0,0,24,91,3.5,3,6.661e-016,124.5,89.25,2.76445e-014
0,1,23,92,3.5,3,6.66202e-016,127.5,92.75,2.83107e-014
0,1,23,91,3.5,3,6.661e-016,124.5,92.75,2.76445e-014
0,1,23,90,3.5,3,6.661e-016,121.5,92.75,2.69784e-014
0,1,24,90,3.5,3,6.661e-016,121.5,89.25,2.69784e-014
0,1,25,90,3.5,3,6.661e-016,121.5,85.75,2.69784e-014
0,1,25,91,3.5,3,6.661e-016,124.5,85.75,2.76445e-014
0,1,25,92,3.5,3,6.66202e-016,127.5,85.75,2.83107e-014
0,1,24,92,3.5,3,6.66202e-016,127.5,89.25,2.83107e-014
0,0,25,91,3.5,3,6.661e-016,124.5,85.75,2.76445e-014
0,1,24,92,3.5,3,6.66202e-016,127.5,89.25,2.83107e-014
0,1,24,91,3.5,3,6.661e-016,124.5,89.25,2.76445e-014
0,1,24,90,3.5,3,6.661e-016,121.5,89.25,2.69784e-014
0,1,25,90,3.5,3,6.661e-016,121.5,85.75,2.69784e-014
0,1,26,90,3.5,3,6.661e-016,121.5,82.25,2.69784e-014
0,1,26,91,3.5,3,6.661e-016,124.5,82.25,2.76445e-014
0,1,26,92,3.5,3,6.66202e-016,127.5,82.25,2.83107e-014
0,1,25,92,3.5,3,6.66202e-016,127.5,85.75,2.83107e-014
0,0,26,91,3.5,3,6.661e-016,124.5,82.25,2.76445e-014
0,1,25,92,3.5,3,6.66202e-016,127.5,85.75,2.83107e-014
0,1,25,91,3.5,3,6.661e-016,124.5,85.75,2.76445e-014
0,1,25,90,3.5,3,6.661e-016,121.5,85.75,2.69784e-014
0,1,26,90,3.5,3,6.661e-016,121.5,82.25,2.69784e-014
0,1,27,90,3.5,3,6.661e-016,121.5,78.75,2.69784e-014
0,1,27,91,3.5,3,6.661e-016,124.5,78.75,2.76445e-014
0,1,27,92,3.5,3,6.66202e-016,127.5,78.75,2.83107e-014
0,1,26,92,3.5,3,6.66202e-016,127.5,82.25,2.83107e-014
0,0,27,91,3.5,3,6.661e-016,124.5,78.75,2.76445e-014
0,1,26,92,3.5,3,6.66202e-016,127.5,82.25,2.83107e-014
0,1,26,91,3.5,3,6.661e-016,124.5,82.25,2.76445e-014
0,1,26,90,3.5,3,6.661e-016,121.5,82.25,2.69784e-014
0,1,27,90,3.5,3,6.661e-016,121.5,78.75,2.69784e-014
0,1,28,90,3.5,3,6.661e-016,121.5,75.25,2.69784e-014
0,1,28,91,3.5,3,6.661e-016,124.5,75.25,2.76445e-014
0,1,28,92,3.5,3,6.66202e-016,127.5,75.25,2.83107e-014
0,1,27,92,3.5,3,6.66202e-016,127.5,78.75,2.83107e-014
0,0,28,91,3.5,3,6.661e-016,124.5,75.25,2.76445e-014
0,1,27,92,3.5,3,6.66202e-016,127.5,78.75,2.83107e-014
0,1,27,91,3.5,3,6.661e-016,124.5,78.75,2.76445e-014
0,1,27,90,3.5,3,6.661e-016,121.5,78.75,2.69784e-014
0,1,28,90,3.5,3,6.661e-016,121.5,75.25,2.69784e-014
0,1,29,90,3.5,3,6.661e-016,121.5,71.75,2.69784e-014
0,1,29,91,3.5,3,6.661e-016,124.5,71.75,2.76445e-014
0,1,29,92,3.5,3,6.66202e-016,127.5,71.75,2.83107e-014
0,1,28,92,3.5,3,6.66202e-016,127.5,75.25,2.83107e-014
0,0,29,91,3.5,3,6.661e-016,124.5,71.75,2.76445e-014
0,1,28,92,3.5,3,6.66202e-016,127.5,75.25,2.83107e-014
0,1,28,91,3.5,3,6.661e-016,124.5,75.25,2.76445e-014
0,1,28,90,3.5,3,6.661e-016,121.5,75.25,2.69784e-014
0,1,29,90,3.5,3,6.661e-016,121.5,71.75,2.69784e-014
0,1,30,90,3.5,3,6.661e-016,121.5,68.25,2.69784e-014
0,1,30,91,3.5,3,6.661e-016,124.5,68.25,2.76445e-014
0,1,30,92,3.5,3,6.66202e-016,127.5,68.25,2.83107e-014
0,1,29,92,3.5,3,6.66202e-016,127.5,71.75,2.83107e-014
0,0,30,91,3.5,3,6.661e-016,124.5,68.25,2.76445e-014
0,1,29,92,3.5,3,6.66202e-016,127.5,71.75,2.83107e-014
0,1,29,91,3.5,3,6.661e-016,124.5,71.75,2.76445e-014
0,1,29,90,3.5,3,6.661e-016,121.5,71.75,2.69784e-014
0,1,30,90,3.5,3,6.661e-016,121.5,68.25,2.69784e-014
0,1,31,90,3.5,3,6.661e-016,121.5,64.75,2.69784e-014
0,1,31,91,3.5,3,6.661e-016,124.5,64.75,2.76445e-014
0,1,31,92,3.5,3,6.66202e-016,127.5,64.75,2.83107e-014
0,1,30,92,3.5,3,6.66202e-016,127.5,68.25,2.83107e-014
0,0,31,91,3.5,3,6.661e-016,124.5,64.75,2.76445e-014
0,1,30,92,3.5,3,6.66202e-016,127.5,68.25,2.83107e-014
0,1,30,91,3.5,3,6.661e-016,124.5,68.25,2.76445e-014
0,1,30,90,3.5,3,6.661e-016,121.5,68.25,2.69784e-014
0,1,31,90,3.5,3,6.661e-016,121.5,64.75,2.69784e-014
0,1,32,90,3.5,3,6.661e-016,121.5,61.25,2.69784e-014
0,1,32,91,3.5,3,6.661e-016,124.5,61.25,2.76445e-014
0,1,32,92,3.5,3,6.66202e-016,127.5,61.25,2.83107e-014
0,1,31,92,3.5,3,6.66202e-016,127.5,64.75,2.83107e-014
0,0,32,91,3.5,3,6.661e-016,124.5,61.25,2.76445e-014
0,1,31,92,3.5,3,6.66202e-016,127.5,64.75,2.83107e-014
0,1,31,91,3.5,3,6.661e-016,124.5,64.75,2.76445e-014
0,1,31,90,3.5,3,6.661e-016,121.5,64.75,2.69784e-014
0,1,32,90,3.5,3,6.661e-016,121.5,61.25,2.69784e-014
0,1,33,90,3.5,3,6.661e-016,121.5,57.75,2.69784e-014
0,1,33,91,3.5,3,6.661e-016,124.5,57.75,2.76445e-014
0,1,33,92,3.5,3,6.66202e-016,127.5,57.75,2.83107e-014
0,1,32,92,3.5,3,6.66202e-016,127.5,61.25,2.83107e-014
0,0,33,91,3.5,3,6.661e-016,124.5,57.75,2.76445e-014
0,1,32,92,3.5,3,6.66202e-016,127.5,61.25,2.83107e-014
0,1,32,91,3.5,3,6.661e-016,124.5,61.25,2.76445e-014
0,1,32,90,3.5,3,6.661e-016,121.5,61.25,2.69784e-014
0,1,33,90,3.5,3,6.661e-016,121.5,57.75,2.69784e-014
0,1,34,90,3.5,3,6.661e-016,121.5,54.25,2.69784e-014
0,1,34,91,3.5,3,6.661e-016,124.5,54.25,2.76445e-014
0,1,34,92,3.5,3,6.66202e-016,127.5,54.25,2.83107e-014
0,1,33,92,3.5,3,6.66202e-016,127.5,57.75,2.83107e-014
0,0,34,91,3.5,3,6.661e-016,124.5,54.25,2.76445e-014
0,1,33,92,3.5,3,6.66202e-016,127.5,57.75,2.83107e-014
0,1,33,91,3.5,3,6.661e-016,124.5,57.75,2.76445e-014
0,1,33,90,3.5,3,6.661e-016,121.5,57.75,2.69784e-014
0,1,34,90,3.5,3,6.661e-016,121.5,54.25,2.69784e-014
0,1,35,90,3.5,3,6.661e-016,121.5,50.75,2.69784e-014
0,1,35,91,3.5,3,6.661e-016,124.5,50.75,2.76445e-014
0,1,35,92,3.5,3,6.66202e-016,127.5,50.75,2.83107e-014
0,1,34,92,3.5,3,6.66202e-016,127.5,54.25,2.83107e-014
0,0,35,91,3.5,3,6.661e-016,124.5,50.75,2.76445e-014
0,1,34,92,3.5,3,6.66202e-016,127.5,54.25,2.83107e-014
0,1,34,91,3.5,3,6.661e-016,124.5,54.25,2.76445e-014
0,1,34,90,3.5,3,6.661e-016,121.5,54.25,2.69784e-014
0,1,35,90,3.5,3,6.661e-016,121.5,50.75,2.69784e-014
0,1,36,90,3.5,3,6.661e-016,121.5,47.25,2.69784e-014
0,1,36,91,3.5,3,6.661e-016,124.5,47.25,2.76445e-014
0,1,36,92,3.5,3,6.66202e-016,127.5,47.25,2.83107e-014
0,1,35,92,3.5,3,6.66202e-016,127.5,50.75,2.83107e-014
0,0,36,91,3.5,3,6.661e-016,124.5,47.25,2.76445e-014
0,1,35,92,3.5,3,6.66202e-016,127.5,50.75,2.83107e-014
0,1,35,91,3.5,3,6.661e-016,124.5,50.75,2.76445e-014
0,1,35,90,3.5,3,6.661e-016,121.5,50.75,2.69784e-014
0,1,36,90,3.5,3,6.661e-016,121.5,47.25,2.69784e-014
1,1,0,0,0,0,0,0,0,0
0,1,37,91,3.5,3,6.661e-016,124.5,43.75,2.76445e-014
1,1,0,0,0,0,0,0,0,0
0,1,36,92,3.5,3,6.66202e-016,127.5,47.25,2.83107e-014
0,0,37,91,3.5,3,6.661e-016,124.5,43.75,2.76445e-014
0,1,36,92,3.5,3,6.66202e-016,127.5,47.25,2.83107e-014
0,1,36,91,3.5,3,6.661e-016,124.5,47.25,2.76445e-014
0,1,36,90,3.5,3,6.661e-016,121.5,47.25,2.69784e-014
1,1,0,0,0,0,0,0,0,0
1,1,0,0,0,0,0,0,0,0
1,1,0,0,0,0,0,0,0,0
1,1,0,0,0,0,0,0,0,0
1,1,0,0,0,0,0,0,0,0
1,0,0,0,0,0,0,0,0,0
1,0,0,0,0,0,0,0,0,0
1,0,0,0,0,0,0,0,0,0
1,0,0,0,0,0,0,0,0,0
1,0,0,0,0,0,0,0,0,0
1,0,0,0,0,0,0,0,0,0
1,0,0,0,0,0,0,0,0,0
1,0,0,0,0,0,0,0,0,0
1,0,0,0,0,0,0,0,0,0
1,0,0,0,0,0,0,0,0,0
1,0,0,0,0,0,0,0,0,0
1,0,0,0,0,0,0,0,0,0
1,0,0,0,0,0,0,0,0,0
1,0,0,0,0,0,0,0,0,0
1,0,0,0,0,0,0,0,0,0
1,0,0,0,0,0,0,0,0,0
1,0,0,0,0,0,0,0,0,0
1,0,0,0,0,0,0,0,0,0
1,0,0,0,0,0,0,0,0,0
1,0,0,0,0,0,0,0,0,0
1,0,0,0,0,0,0,0,0,0
1,0,0,0,0,0,0,0,0,0
1,0,0,0,0,0,0,0,0,0
1,0,0,0,0,0,0,0,0,0
1,0,0,0,0,0,0,0,0,0
1,0,0,0,0,0,0,0,0,0
1,0,0,0,0,0,0,0,0,0
1,0,0,0,0,0,0,0,0,0
1,0,0,0,0,0,0,0,0,0
1,0,0,0,0,0,0,0,0,0
1,0,0,0,0,0,0,0,0,0
1,0,0,0,0,0,0,0,0,0
1,0,0,0,0,0,0,0,0,0
1,0,0,0,0,0,0,0,0,0
1,0,0,0,0,0,0,0,0,0
1,0,0,0,0,0,0,0,0,0
1,0,0,0,0,0,0,0,0,0
1,0,0,0,0,0,0,0,0,0
1,0,0,0,0,0,0,0,0,0
1,0,0,0,0,0,0,0,0,0
1,0,0,0,0,0,0,0,0,0
1,0,0,0,0,0,0,0,0,0
1,0,0,0,0,0,0,0,0,0
1,0,0,0,0,0,0,0,0,0
1,0,0,0,0,0,0,0,0,0
1,0,0,0,0,0,0,0,0,0
1,0,0,0,0,0,0,0,0,0
1,0,0,0,0,0,0,0,0,0
1,0,0,0,0,0,0,0,0,0
1,0,0,0,0,0,0,0,0,0
1,0,0,0,0,0,0,0,0,0
1,0,0,0,0,0,0,0,0,0
1,0,0,0,0,0,0,0,0,0
1,0,0,0,0,0,0,0,0,0
1,0,0,0,0,0,0,0,0,0
1,0,0,0,0,0,0,0,0,0
1,0,0,0,0,0,0,0,0,0
1,0,0,0,0,0,0,0,0,0
1,0,0,0,0,0,0,0,0,0
1,0,0,0,0,0,0,0,0,0
1,0,0,0,0,0,0,0,0,0
1,0,0,0,0,0,0,0,0,0
1,0,0,0,0,0,0,0,0,0
1,0,0,0,0,0,0,0,0,0
1,0,0,0,0,0,0,0,0,0
1,0,0,0,0,0,0,0,0,0
1,0,0,0,0,0,0,0,0,0
1,0,0,0,0,0,0,0,0,0
1,0,0,0,0,0,0,0,0,0
1,0,0,0,0,0,0,0,0,0
1,0,0,0,0,0,0,0,0,0
1,0,0,0,0,0,0,0,0,0
1,0,0,0,0,0,0,0,0,0
1,0,0,0,0,0,0,0,0,0
1,0,0,0,0,0,0,0,0,0
1,0,0,0,0,0,0,0,0,0
1,0,0,0,0,0,0,0,0,0
1,0,0,0,0,0,0,0,0,0
1,0,0,0,0,0,0,0,0,0
1,0,0,0,0,0,0,0,0,0
1,0,0,0,0,0,0,0,0,0
0,0,19,92,3.5,3,6.66202e-016,127.5,106.75,2.83107e-014
1,1,0,0,0,0,0,0,0,0
1,1,0,0,0,0,0,0,0,0
1,1,0,0,0,0,0,0,0,0
0,1,19,91,3.5,3,6.661e-016,124.5,106.75,2.76445e-014
0,1,20,91,3.5,3,6.661e-016,124.5,103.25,2.76445e-014
0,1,20,92,3.5,3,6.66202e-016,127.5,103.25,2.83107e-014
0,1,20,93,3.5,3,6.661e-016,130.5,103.25,2.89769e-014
0,1,19,93,3.5,3,6.661e-016,130.5,106.75,2.89769e-014
0,0,20,92,3.5,3,6.66202e-016,127.5,103.25,2.83107e-014
0,1,19,93,3.5,3,6.661e-016,130.5,106.75,2.89769e-014
0,1,19,92,3.5,3,6.66202e-016,127.5,106.75,2.83107e-014
0,1,19,91,3.5,3,6.661e-016,124.5,106.75,2.76445e-014
0,1,20,91,3.5,3,6.661e-016,124.5,103.25,2.76445e-014
0,1,21,91,3.5,3,6.661e-016,124.5,99.75,2.76445e-014
0,1,21,92,3.5,3,6.66202e-016,127.5,99.75,2.83107e-014
0,1,21,93,3.5,3,6.661e-016,130.5,99.75,2.89769e-014
0,1,20,93,3.5,3,6.661e-016,130.5,103.25,2.89769e-014
0,0,21,92,3.5,3,6.66202e-016,127.5,99.75,2.83107e-014
0,1,20,93,3.5,3,6.661e-016,130.5,103.25,2.89769e-014
0,1,20,92,3.5,3,6.66202e-016,127.5,103.25,2.83107e-014
0,1,20,91,3.5,3,6.661e-016,124.5,103.25,2.76445e-014
0,1,21,91,3.5,3,6.661e-016,124.5,99.75,2.76445e-014
0,1,22,91,3.5,3,6.661e-016,124.5,96.25,2.76445e-014
0,1,22,92,3.5,3,6.66202e-016,127.5,96.25,2.83107e-014
0,1,22,93,3.5,3,6.661e-016,130.5,96.25,2.89769e-014
0,1,21,93,3.5,3,6.661e-016,130.5,99.75,2.89769e-014
0,0,22,92,3.5,3,6.66202e-016,127.5,96.25,2.83107e-014
0,1,21,93,3.5,3,6.661e-016,130.5,99.75,2.89769e-014
0,1,21,92,3.5,3,6.66202e-016,127.5,99.75,2.83107e-014
0,1,21,91,3.5,3,6.661e-016,124.5,99.75,2.76445e-014
0,1,22,91,3.5,3,6.661e-016,124.5,96.25,2.76445e-014
0,1,23,91,3.5,3,6.661e-016,124.5,92.75,2.76445e-014
0,1,23,92,3.5,3,6.66202e-016,127.5,92.75,2.83107e-014
0,1,23,93,3.5,3,6.661e-016,130.5,92.75,2.89769e-014
0,1,22,93,3.5,3,6.661e-016,130.5,96.25,2.89769e-014
0,0,23,92,3.5,3,6.66202e-016,127.5,92.75,2.83107e-014
0,1,22,93,3.5,3,6.661e-016,130.5,96.25,2.89769e-014
0,1,22,92,3.5,3,6.66202e-016,127.5,96.25,2.83107e-014
0,1,22,91,3.5,3,6.661e-016,124.5,96.25,2.76445e-014
0,1,23,91,3.5,3,6.661e-016,124.5,92.75,2.76445e-014
0,1,24,91,3.5,3,6.661e-016,124.5,89.25,2.76445e-014
0,1,24,92,3.5,3,6.66202e-016,127.5,89.25,2.83107e-014
0,1,24,93,3.5,3,6.661e-016,130.5,89.25,2.89769e-014
0,1,23,93,3.5,3,6.661e-016,130.5,92.75,2.89769e-014
0,0,24,92,3.5,3,6.66202e-016,127.5,89.25,2.83107e-014
0,1,23,93,3.5,3,6.661e-016,130.5,92.75,2.89769e-014
0,1,23,92,3.5,3,6.66202e-016,127.5,92.75,2.83107e-014
0,1,23,91,3.5,3,6.661e-016,124.5,92.75,2.76445e-014
0,1,24,91,3.5,3,6.661e-016,124.5,89.25,2.76445e-014
0,1,25,91,3.5,3,6.661e-016,124.5,85.75,2.76445e-014
0,1,25,92,3.5,3,6.66202e-016,127.5,85.75,2.83107e-014
0,1,25,93,3.5,3,6.661e-016,130.5,85.75,2.89769e-014
0,1,24,93,3.5,3,6.661e-016,130.5,89.25,2.89769e-014
0,0,25,92,3.5,3,6.66202e-016,127.5,85.75,2.83107e-014
0,1,24,93,3.5,3,6.661e-016,130.5,89.25,2.89769e-014
0,1,24,92,3.5,3,6.66202e-016,127.5,89.25,2.83107e-014
0,1,24,91,3.5,3,6.661e-016,124.5,89.25,2.76445e-014
0,1,25,91,3.5,3,6.661e-016,124.5,85.75,2.76445e-014
0,1,26,91,3.5,3,6.661e-016,124.5,82.25,2.76445e-014
0,1,26,92,3.5,3,6.66202e-016,127.5,82.25,2.83107e-014
0,1,26,93,3.5,3,6.661e-016,130.5,82.25,2.89769e-014
0,1,25,93,3.5,3,6.661e-016,130.5,85.75,2.89769e-014
0,0,26,92,3.5,3,6.66202e-016,127.5,82.25,2.83107e-014
0,1,25,93,3.5,3,6.661e-016,130.5,85.75,2.89769e-014
0,1,25,92,3.5,3,6.66202e-016,127.5,85.75,2.83107e-014
0,1,25,91,3.5,3,6.661e-016,124.5,85.75,2.76445e-014
0,1,26,91,3.5,3,6.661e-016,124.5,82.25,2.76445e-014
0,1,27,91,3.5,3,6.661e-016,124.5,78.75,2.76445e-014
0,1,27,92,3.5,3,6.66202e-016,127.5,78.75,2.83107e-014
0,1,27,93,3.5,3,6.661e-016,130.5,78.75,2.89769e-014
0,1,26,93,3.5,3,6.661e-016,130.5,82.25,2.89769e-014
0,0,27,92,3.5,3,6.66202e-016,127.5,78.75,2.83107e-014
0,1,26,93,3.5,3,6.661e-016,130.5,82.25,2.89769e-014
0,1,26,92,3.5,3,6.66202e-016,127.5,82.25,2.83107e-014
0,1,26,91,3.5,3,6.661e-016,124.5,82.25,2.76445e-014
0,1,27,91,3.5,3,6.661e-016,124.5,78.75,2.76445e-014
0,1,28,91,3.5,3,6.661e-016,124.5,75.25,2.76445e-014
0,1,28,92,3.5,3,6.66202e-016,127.5,75.25,2.83107e-014
0,1,28,93,3.5,3,6.661e-016,130.5,75.25,2.89769e-014
0,1,27,93,3.5,3,6.661e-016,130.5,78.75,2.89769e-014
0,0,28,92,3.5,3,6.66202e-016,127.5,75.25,2.83107e-014
0,1,27,93,3.5,3,6.661e-016,130.5,78.75,2.89769e-014
0,1,27,92,3.5,3,6.66202e-016,127.5,78.75,2.83107e-014
0,1,27,91,3.5,3,6.661e-016,124.5,78.75,2.76445e-014
0,1,28,91,3.5,3,6.661e-016,124.5,75.25,2.76445e-014
0,1,29,91,3.5,3,6.661e-016,124.5,71.75,2.76445e-014
0,1,29,92,3.5,3,6.66202e-016,127.5,71.75,2.83107e-014
0,1,29,93,3.5,3,6.661e-016,130.5,71.75,2.89769e-014
0,1,28,93,3.5,3,6.661e-016,130.5,75.25,2.89769e-014
0,0,29,92,3.5,3,6.66202e-016,127.5,71.75,2.83107e-014
0,1,28,93,3.5,3,6.661e-016,130.5,75.25,2.89769e-014
0,1,28,92,3.5,3,6.66202e-016,127.5,75.25,2.83107e-014
0,1,28,91,3.5,3,6.661e-016,124.5,75.25,2.76445e-014
0,1,29,91,3.5,3,6.661e-016,124.5,71.75,2.76445e-014
0,1,30,91,3.5,3,6.661e-016,124.5,68.25,2.76445e-014
0,1,30,92,3.5,3,6.66202e-016,127.5,68.25,2.83107e-014
0,1,30,93,3.5,3,6.661e-016,130.5,68.25,2.89769e-014
0,1,29,93,3.5,3,6.661e-016,130.5,71.75,2.89769e-014
0,0,30,92,3.5,3,6.66202e-016,127.5,68.25,2.83107e-014
0,1,29,93,3.5,3,6.661e-016,130.5,71.75,2.89769e-014
0,1,29,92,3.5,3,6.66202e-016,127.5,71.75,2.83107e-014
0,1,29,91,3.5,3,6.661e-016,124.5,71.75,2.76445e-014
0,1,30,91,3.5,3,6.661e-016,124.5,68.25,2.76445e-014
0,1,31,91,3.5,3,6.661e-016,124.5,64.75,2.76445e-014
0,1,31,92,3.5,3,6.66202e-016,127.5,64.75,2.83107e-014
0,1,31,93,3.5,3,6.661e-016,130.5,64.75,2.89769e-014
0,1,30,93,3.5,3,6.661e-016,130.5,68.25,2.89769e-014
0,0,31,92,3.5,3,6.66202e-016,127.5,64.75,2.83107e-014
0,1,30,93,3.5,3,6.661e-016,130.5,68.25,2.89769e-014
0,1,30,92,3.5,3,6.66202e-016,127.5,68.25,2.83107e-014
0,1,30,91,3.5,3,6.661e-016,124.5,68.25,2.76445e-014
0,1,31,91,3.5,3,6.661e-016,124.5,64.75,2.76445e-014
0,1,32,91,3.5,3,6.661e-016,124.5,61.25,2.76445e-014
0,1,32,92,3.5,3,6.66202e-016,127.5,61.25,2.83107e-014
0,1,32,93,3.5,3,6.661e-016,130.5,61.25,2.89769e-014
0,1,31,93,3.5,3,6.661e-016,130.5,64.75,2.89769e-014
0,0,32,92,3.5,3,6.66202e-016,127.5,61.25,2.83107e-014
0,1,31,93,3.5,3,6.661e-016,130.5,64.75,2.89769e-014
0,1,31,92,3.5,3,6.66202e-016,127.5,64.75,2.83107e-014
0,1,31,91,3.5,3,6.661e-016,124.5,64.75,2.76445e-014
0,1,32,91,3.5,3,6.661e-016,124.5,61.25,2.76445e-014
0,1,33,91,3.5,3,6.661e-016,124.5,57.75,2.76445e-014
0,1,33,92,3.5,3,6.66202e-016,127.5,57.75,2.83107e-014
0,1,33,93,3.5,3,6.661e-016,130.5,57.75,2.89769e-014
0,1,32,93,3.5,3,6.661e-016,130.5,61.25,2.89769e-014
0,0,33,92,3.5,3,6.66202e-016,127.5,57.75,2.83107e-014
0,1,32,93,3.5,3,6.661e-016,130.5,61.25,2.89769e-014
0,1,32,92,3.5,3,6.66202e-016,127.5,61.25,2.83107e-014
0,1,32,91,3.5,3,6.661e-016,124.5,61.25,2.76445e-014
0,1,33,91,3.5,3,6.661e-016,124.5,57.75,2.76445e-014
0,1,34,91,3.5,3,6.661e-016,124.5,54.25,2.76445e-014
0,1,34,92,3.5,3,6.66202e-016,127.5,54.25,2.83107e-014
0,1,34,93,3.5,3,6.661e-016,130.5,54.25,2.89769e-014
0,1,33,93,3.5,3,6.661e-016,130.5,57.75,2.89769e-014
0,0,34,92,3.5,3,6.66202e-016,127.5,54.25,2.83107e-014
0,1,33,93,3.5,3,6.661e-016,130.5,57.75,2.89769e-014
0,1,33,92,3.5,3,6.66202e-016,127.5,57.75,2.83107e-014
0,1,33,91,3.5,3,6.661e-016,124.5,57.75,2.76445e-014
0,1,34,91,3.5,3,6.661e-016,124.5,54.25,2.76445e-014
0,1,35,91,3.5,3,6.661e-016,124.5,50.75,2.76445e-014
0,1,35,92,3.5,3,6.66202e-016,127.5,50.75,2.83107e-014
0,1,35,93,3.5,3,6.661e-016,130.5,50.75,2.89769e-014
0,1,34,93,3.5,3,6.661e-016,130.5,54.25,2.89769e-014
0,0,35,92,3.5,3,6.66202e-016,127.5,50.75,2.83107e-014
0,1,34,93,3.5,3,6.661e-016,130.5,54.25,2.89769e-014
0,1,34,92,3.5,3,6.66202e-016,127.5,54.25,2.83107e-014
0,1,34,91,3.5,3,6.661e-016,124.5,54.25,2.76445e-014
0,1,35,91,3.5,3,6.661e-016,124.5,50.75,2.76445e-014
0,1,36,91,3.5,3,6.661e-016,124.5,47.25,2.76445e-014
0,1,36,92,3.5,3,6.66202e-016,127.5,47.25,2.83107e-014
1,1,0,0,0,0,0,0,0,0
0,1,35,93,3.5,3,6.661e-016,130.5,50.75,2.89769e-014
0,0,36,92,3.5,3,6.66202e-016,127.5,47.25,2.83107e-014
0,1,35,93,3.5,3,6.661e-016,130.5,50.75,2.89769e-014
0,1,35,92,3.5,3,6.66202e-016,127.5,50.75,2.83107e-014
0,1,35,91,3.5,3,6.661e-016,124.5,50.75,2.76445e-014
0,1,36,91,3.5,3,6.661e-016,124.5,47.25,2.76445e-014
0,1,37,91,3.5,3,6.661e-016,124.5,43.75,2.76445e-014
1,1,0,0,0,0,0,0,0,0
1,1,0,0,0,0,0,0,0,0
1,1,0,0,0,0,0,0,0,0
1,0,0,0,0,0,0,0,0,0
1,0,0,0,0,0,0,0,0,0
1,0,0,0,0,0,0,0,0,0
1,0,0,0,0,0,0,0,0,0
1,0,0,0,0,0,0,0,0,0
1,0,0,0,0,0,0,0,0,0
1,0,0,0,0,0,0,0,0,0
1,0,0,0,0,0,0,0,0,0
1,0,0,0,0,0,0,0,0,0
1,0,0,0,0,0,0,0,0,0
1,0,0,0,0,0,0,0,0,0
1,0,0,0,0,0,0,0,0,0
1,0,0,0,0,0,0,0,0,0
1,0,0,0,0,0,0,0,0,0
1,0,0,0,0,0,0,0,0,0
1,0,0,0,0,0,0,0,0,0
1,0,0,0,0,0,0,0,0,0
1,0,0,0,0,0,0,0,0,0
1,0,0,0,0,0,0,0,0,0
1,0,0,0,0,0,0,0,0,0
1,0,0,0,0,0,0,0,0,0
1,0,0,0,0,0,0,0,0,0
1,0,0,0,0,0,0,0,0,0
1,0,0,0,0,0,0,0,0,0
1,0,0,0,0,0,0,0,0,0
1,0,0,0,0,0,0,0,0,0
1,0,0,0,0,0,0,0,0,0
1,0,0,0,0,0,0,0,0,0
1,0,0,0,0,0,0,0,0,0
1,0,0,0,0,0,0,0,0,0
1,0,0,0,0,0,0,0,0,0
1,0,0,0,0,0,0,0,0,0
1,0,0,0,0,0,0,0,0,0
1,0,0,0,0,0,0,0,0,0
1,0,0,0,0,0,0,0,0,0
1,0,0,0,0,0,0,0,0,0
1,0,0,0,0,0,0,0,0,0
1,0,0,0,0,0,0,0,0,0
1,0,0,0,0,0,0,0,0,0
1,0,0,0,0,0,0,0,0,0
1,0,0,0,0,0,0,0,0,0
1,0,0,0,0,0,0,0,0,0
1,0,0,0,0,0,0,0,0,0
1,0,0,0,0,0,0,0,0,0
1,0,0,0,0,0,0,0,0,0
1,0,0,0,0,0,0,0,0,0
1,0,0,0,0,0,0,0,0,0
1,0,0,0,0,0,0,0,0,0
1,0,0,0,0,0,0,0,0,0
1,0,0,0,0,0,0,0,0,0
1,0,0,0,0,0,0,0,0,0
1,0,0,0,0,0,0,0,0,0
1,0,0,0,0,0,0,0,0,0
1,0,0,0,0,0,0,0,0,0
1,0,0,0,0,0,0,0,0,0
1,0,0,0,0,0,0,0,0,0
1,0,0,0,0,0,0,0,0,0
1,0,0,0,0,0,0,0,0,0
1,0,0,0,0,0,0,0,0,0
1,0,0,0,0,0,0,0,0,0
1,0,0,0,0,0,0,0,0,0
1,0,0,0,0,0,0,0,0,0
1,0,0,0,0,0,0,0,0,0
1,0,0,0,0,0,0,0,0,0
1,0,0,0,0,0,0,0,0,0
1,0,0,0,0,0,0,0,0,0
1,0,0,0,0,0,0,0,0,0
1,0,0,0,0,0,0,0,0,0
1,0,0,0,0,0,0,0,0,0
1,0,0,0,0,0,0,0,0,0
1,0,0,0,0,0,0,0,0,0
1,0,0,0,0,0,0,0,0,0
1,0,0,0,0,0,0,0,0,0
1,0,0,0,0,0,0,0,0,0
1,0,0,0,0,0,0,0,0,0
1,0,0,0,0,0,0,0,0,0
1,0,0,0,0,0,0,0,0,0
1,0,0,0,0,0,0,0,0,0
1,0,0,0,0,0,0,0,0,0
1,0,0,0,0,0,0,0,0,0
1,0,0,0,0,0,0,0,0,0
1,0,0,0,0,0,0,0,0,0
0,0,19,93,3.5,3,6.661e-016,130.5,106.75,2.89769e-014
1,1,0,0,0,0,0,0,0,0
1,1,0,0,0,0,0,0,0,0
1,1,0,0,0,0,0,0,0,0
0,1,19,92,3.5,3,6.66202e-016,127.5,106.75,2.83107e-014
0,1,20,92,3.5,3,6.66202e-016,127.5,103.25,2.83107e-014
0,1,20,93,3.5,3,6.661e-016,130.5,103.25,2.89769e-014
0,1,20,94,3.5,3,6.661e-016,133.5,103.25,2.9643e-014
0,1,19,94,3.5,3,6.661e-016,133.5,106.75,2.9643e-014
0,0,20,93,3.5,3,6.661e-016,130.5,103.25,2.89769e-014
0,1,19,94,3.5,3,6.661e-016,133.5,106.75,2.9643e-014
0,1,19,93,3.5,3,6.661e-016,130.5,106.75,2.89769e-014
0,1,19,92,3.5,3,6.66202e-016,127.5,106.75,2.83107e-014
0,1,20,92,3.5,3,6.66202e-016,127.5,103.25,2.83107e-014
0,1,21,92,3.5,3,6.66202e-016,127.5,99.75,2.83107e-014
0,1,21,93,3.5,3,6.661e-016,130.5,99.75,2.89769e-014
0,1,21,94,3.5,3,6.661e-016,133.5,99.75,2.9643e-014
0,1,20,94,3.5,3,6.661e-016,133.5,103.25,2.9643e-014
0,0,21,93,3.5,3,6.661e-016,130.5,99.75,2.89769e-014
0,1,20,94,3.5,3,6.661e-016,133.5,103.25,2.9643e-014
0,1,20,93,3.5,3,6.661e-016,130.5,103.25,2.89769e-014
0,1,20,92,3.5,3,6.66202e-016,127.5,103.25,2.83107e-014
0,1,21,92,3.5,3,6.66202e-016,127.5,99.75,2.83107e-014
0,1,22,92,3.5,3,6.66202e-016,127.5,96.25,2.83107e-014
0,1,22,93,3.5,3,6.661e-016,130.5,96.25,2.89769e-014
0,1,22,94,3.5,3,6.661e-016,133.5,96.25,2.9643e-014
0,1,21,94,3.5,3,6.661e-016,133.5,99.75,2.9643e-014
0,0,22,93,3.5,3,6.661e-016,130.5,96.25,2.89769e-014
0,1,21,94,3.5,3,6.661e-016,133.5,99.75,2.9643e-014
0,1,21,93,3.5,3,6.661e-016,130.5,99.75,2.89769e-014
0,1,21,92,3.5,3,6.66202e-016,127.5,99.75,2.83107e-014
0,1,22,92,3.5,3,6.66202e-016,127.5,96.25,2.83107e-014
0,1,23,92,3.5,3,6.66202e-016,127.5,92.75,2.83107e-014
0,1,23,93,3.5,3,6.661e-016,130.5,92.75,2.89769e-014
0,1,23,94,3.5,3,6.661e-016,133.5,92.75,2.9643e-014
0,1,22,94,3.5,3,6.661e-016,133.5,96.25,2.9643e-014
0,0,23,93,3.5,3,6.661e-016,130.5,92.75,2.89769e-014
0,1,22,94,3.5,3,6.661e-016,133.5,96.25,2.9643e-014
0,1,22,93,3.5,3,6.661e-016,130.5,96.25,2.89769e-014
0,1,22,92,3.5,3,6.66202e-016,127.5,96.25,2.83107e-014
0,1,23,92,3.5,3,6.66202e-016,127.5,92.75,2.83107e-014
0,1,24,92,3.5,3,6.66202e-016,127.5,89.25,2.83107e-014
0,1,24,93,3.5,3,6.661e-016,130.5,89.25,2.89769e-014
0,1,24,94,3.5,3,6.661e-016,133.5,89.25,2.9643e-014
0,1,23,94,3.5,3,6.661e-016,133.5,92.75,2.9643e-014
0,0,24,93,3.5,3,6.661e-016,130.5,89.25,2.89769e-014
0,1,23,94,3.5,3,6.661e-016,133.5,92.75,2.9643e-014
0,1,23,93,3.5,3,6.661e-016,130.5,92.75,2.89769e-014
0,1,23,92,3.5,3,6.66202e-016,127.5,92.75,2.83107e-014
0,1,24,92,3.5,3,6.66202e-016,127.5,89.25,2.83107e-014
0,1,25,92,3.5,3,6.66202e-016,127.5,85.75,2.83107e-014
0,1,25,93,3.5,3,6.661e-016,130.5,85.75,2.89769e-014
0,1,25,94,3.5,3,6.661e-016,133.5,85.75,2.9643e-014
0,1,24,94,3.5,3,6.661e-016,133.5,89.25,2.9643e-014
0,0,25,93,3.5,3,6.661e-016,130.5,85.75,2.89769e-014
0,1,24,94,3.5,3,6.661e-016,133.5,89.25,2.9643e-014
0,1,24,93,3.5,3,6.661e-016,130.5,89.25,2.89769e-014
0,1,24,92,3.5,3,6.66202e-016,127.5,89.25,2.83107e-014
0,1,25,92,3.5,3,6.66202e-016,127.5,85.75,2.83107e-014
0,1,26,92,3.5,3,6.66202e-016,127.5,82.25,2.83107e-014
0,1,26,93,3.5,3,6.661e-016,130.5,82.25,2.89769e-014
0,1,26,94,3.5,3,6.661e-016,133.5,82.25,2.9643e-014
0,1,25,94,3.5,3,6.661e-016,133.5,85.75,2.9643e-014
0,0,26,93,3.5,3,6.661e-016,130.5,82.25,2.89769e-014
0,1,25,94,3.5,3,6.661e-016,133.5,85.75,2.9643e-014
0,1,25,93,3.5,3,6.661e-016,130.5,85.75,2.89769e-014
0,1,25,92,3.5,3,6.66202e-016,127.5,85.75,2.83107e-014
0,1,26,92,3.5,3,6.66202e-016,127.5,82.25,2.83107e-014
0,1,27,92,3.5,3,6.66202e-016,127.5,78.75,2.83107e-014
0,1,27,93,3.5,3,6.661e-016,130.5,78.75,2.89769e-014
0,1,27,94,3.5,3,6.661e-016,133.5,78.75,2.9643e-014
0,1,26,94,3.5,3,6.661e-016,133.5,82.25,2.9643e-014
0,0,27,93,3.5,3,6.661e-016,130.5,78.75,2.89769e-014
0,1,26,94,3.5,3,6.661e-016,133.5,82.25,2.9643e-014
0,1,26,93,3.5,3,6.661e-016,130.5,82.25,2.89769e-014
0,1,26,92,3.5,3,6.66202e-016,127.5,82.25,2.83107e-014
0,1,27,92,3.5,3,6.66202e-016,127.5,78.75,2.83107e-014
0,1,28,92,3.5,3,6.66202e-016,127.5,75.25,2.83107e-014
0,1,28,93,3.5,3,6.661e-016,130.5,75.25,2.89769e-014
0,1,28,94,3.5,3,6.661e-016,133.5,75.25,2.9643e-014
0,1,27,94,3.5,3,6.661e-016,133.5,78.75,2.9643e-014
0,0,28,93,3.5,3,6.661e-016,130.5,75.25,2.89769e-014
0,1,27,94,3.5,3,6.661e-016,133.5,78.75,2.9643e-014
0,1,27,93,3.5,3,6.661e-016,130.5,78.75,2.89769e-014
0,1,27,92,3.5,3,6.66202e-016,127.5,78.75,2.83107e-014
0,1,28,92,3.5,3,6.66202e-016,127.5,75.25,2.83107e-014
0,1,29,92,3.5,3,6.66202e-016,127.5,71.75,2.83107e-014
0,1,29,93,3.5,3,6.661e-016,130.5,71.75,2.89769e-014
0,1,29,94,3.5,3,6.661e-016,133.5,71.75,2.9643e-014
0,1,28,94,3.5,3,6.661e-016,133.5,75.25,2.9643e-014
0,0,29,93,3.5,3,6.661e-016,130.5,71.75,2.89769e-014
0,1,28,94,3.5,3,6.661e-016,133.5,75.25,2.9643e-014
0,1,28,93,3.5,3,6.661e-016,130.5,75.25,2.89769e-014
0,1,28,92,3.5,3,6.66202e-016,127.5,75.25,2.83107e-014
0,1,29,92,3.5,3,6.66202e-016,127.5,71.75,2.83107e-014
0,1,30,92,3.5,3,6.66202e-016,127.5,68.25,2.83107e-014
0,1,30,93,3.5,3,6.661e-016,130.5,68.25,2.89769e-014
0,1,30,94,3.5,3,6.661e-016,133.5,68.25,2.9643e-014
0,1,29,94,3.5,3,6.661e-016,133.5,71.75,2.9643e-014
0,0,30,93,3.5,3,6.661e-016,130.5,68.25,2.89769e-014
0,1,29,94,3.5,3,6.661e-016,133.5,71.75,2.9643e-014
0,1,29,93,3.5,3,6.661e-016,130.5,71.75,2.89769e-014
0,1,29,92,3.5,3,6.66202e-016,127.5,71.75,2.83107e-014
0,1,30,92,3.5,3,6.66202e-016,127.5,68.25,2.83107e-014
0,1,31,92,3.5,3,6.66202e-016,127.5,64.75,2.83107e-014
0,1,31,93,3.5,3,6.661e-016,130.5,64.75,2.89769e-014
0,1,31,94,3.5,3,6.661e-016,133.5,64.75,2.9643e-014
0,1,30,94,3.5,3,6.661e-016,133.5,68.25,2.9643e-014
0,0,31,93,3.5,3,6.661e-016,130.5,64.75,2.89769e-014
0,1,30,94,3.5,3,6.661e-016,133.5,68.25,2.9643e-014
0,1,30,93,3.5,3,6.661e-016,130.5,68.25,2.89769e-014
0,1,30,92,3.5,3,6.66202e-016,127.5,68.25,2.83107e-014
0,1,31,92,3.5,3,6.66202e-016,127.5,64.75,2.83107e-014
0,1,32,92,3.5,3,6.66202e-016,127.5,61.25,2.83107e-014
0,1,32,93,3.5,3,6.661e-016,130.5,61.25,2.89769e-014
0,1,32,94,3.5,3,6.661e-016,133.5,61.25,2.9643e-014
0,1,31,94,3.5,3,6.661e-016,133.5,64.75,2.9643e-014
0,0,32,93,3.5,3,6.661e-016,130.5,61.25,2.89769e-014
0,1,31,94,3.5,3,6.661e-016,133.5,64.75,2.9643e-014
0,1,31,93,3.5,3,6.661e-016,130.5,64.75,2.89769e-014
0,1,31,92,3.5,3,6.66202e-016,127.5,64.75,2.83107e-014
0,1,32,92,3.5,3,6.66202e-016,127.5,61.25,2.83107e-014
0,1,33,92,3.5,3,6.66202e-016,127.5,57.75,2.83107e-014
0,1,33,93,3.5,3,6.661e-016,130.5,57.75,2.89769e-014
0,1,33,94,3.5,3,6.661e-016,133.5,57.75,2.9643e-014
0,1,32,94,3.5,3,6.661e-016,133.5,61.25,2.9643e-014
0,0,33,93,3.5,3,6.661e-016,130.5,57.75,2.89769e-014
0,1,32,94,3.5,3,6.661e-016,133.5,61.25,2.9643e-014
0,1,32,93,3.5,3,6.661e-016,130.5,61.25,2.89769e-014
0,1,32,92,3.5,3,6.66202e-016,127.5,61.25,2.83107e-014
0,1,33,92,3.5,3,6.66202e-016,127.5,57.75,2.83107e-014
0,1,34,92,3.5,3,6.66202e-016,127.5,54.25,2.83107e-014
0,1,34,93,3.5,3,6.661e-016,130.5,54.25,2.89769e-014
0,1,34,94,3.5,3,6.661e-016,133.5,54.25,2.9643e-014
0,1,33,94,3.5,3,6.661e-016,133.5,57.75,2.9643e-014
0,0,34,93,3.5,3,6.661e-016,130.5,54.25,2.89769e-014
0,1,33,94,3.5,3,6.661e-016,133.5,57.75,2.9643e-014
0,1,33,93,3.5,3,6.661e-016,130.5,57.75,2.89769e-014
0,1,33,92,3.5,3,6.66202e-016,127.5,57.75,2.83107e-014
0,1,34,92,3.5,3,6.66202e-016,127.5,54.25,2.83107e-014
0,1,35,92,3.5,3,6.66202e-016,127.5,50.75,2.83107e-014
0,1,35,93,3.5,3,6.661e-016,130.5,50.75,2.89769e-014
1,1,0,0,0,0,0,0,0,0
0,1,34,94,3.5,3,6.661e-016,133.5,54.25,2.9643e-014
0,0,35,93,3.5,3,6.661e-016,130.5,50.75,2.89769e-014
0,1,34,94,3.5,3,6.661e-016,133.5,54.25,2.9643e-014
0,1,34,93,3.5,3,6.661e-016,130.5,54.25,2.89769e-014
0,1,34,92,3.5,3,6.66202e-016,127.5,54.25,2.83107e-014
0,1,35,92,3.5,3,6.66202e-016,127.5,50.75,2.83107e-014
0,1,36,92,3.5,3,6.66202e-016,127.5,47.25,2.83107e-014
1,1,0,0,0,0,0,0,0,0
1,1,0,0,0,0,0,0,0,0
1,1,0,0,0,0,0,0,0,0
1,0,0,0,0,0,0,0,0,0
1,0,0,0,0,0,0,0,0,0
1,0,0,0,0,0,0,0,0,0
1,0,0,0,0,0,0,0,0,0
1,0,0,0,0,0,0,0,0,0
1,0,0,0,0,0,0,0,0,0
1,0,0,0,0,0,0,0,0,0
1,0,0,0,0,0,0,0,0,0
1,0,0,0,0,0,0,0,0,0
1,0,0,0,0,0,0,0,0,0
1,0,0,0,0,0,0,0,0,0
1,0,0,0,0,0,0,0,0,0
1,0,0,0,0,0,0,0,0,0
1,0,0,0,0,0,0,0,0,0
1,0,0,0,0,0,0,0,0,0
1,0,0,0,0,0,0,0,0,0
1,0,0,0,0,0,0,0,0,0
1,0,0,0,0,0,0,0,0,0
1,0,0,0,0,0,0,0,0,0
1,0,0,0,0,0,0,0,0,0
1,0,0,0,0,0,0,0,0,0
1,0,0,0,0,0,0,0,0,0
1,0,0,0,0,0,0,0,0,0
1,0,0,0,0,0,0,0,0,0
1,0,0,0,0,0,0,0,0,0
1,0,0,0,0,0,0,0,0,0
1,0,0,0,0,0,0,0,0,0
1,0,0,0,0,0,0,0,0,0
1,0,0,0,0,0,0,0,0,0
1,0,0,0,0,0,0,0,0,0
1,0,0,0,0,0,0,0,0,0
1,0,0,0,0,0,0,0,0,0
1,0,0,0,0,0,0,0,0,0
1,0,0,0,0,0,0,0,0,0
1,0,0,0,0,0,0,0,0,0
1,0,0,0,0,0,0,0,0,0
1,0,0,0,0,0,0,0,0,0
1,0,0,0,0,0,0,0,0,0
1,0,0,0,0,0,0,0,0,0
1,0,0,0,0,0,0,0,0,0
1,0,0,0,0,0,0,0,0,0
1,0,0,0,0,0,0,0,0,0
1,0,0,0,0,0,0,0,0,0
1,0,0,0,0,0,0,0,0,0
1,0,0,0,0,0,0,0,0,0
1,0,0,0,0,0,0,0,0,0
1,0,0,0,0,0,0,0,0,0
1,0,0,0,0,0,0,0,0,0
1,0,0,0,0,0,0,0,0,0
1,0,0,0,0,0,0,0,0,0
1,0,0,0,0,0,0,0,0,0
1,0,0,0,0,0,0,0,0,0
1,0,0,0,0,0,0,0,0,0
1,0,0,0,0,0,0,0,0,0
1,0,0,0,0,0,0,0,0,0
1,0,0,0,0,0,0,0,0,0
1,0,0,0,0,0,0,0,0,0
1,0,0,0,0,0,0,0,0,0
1,0,0,0,0,0,0,0,0,0
1,0,0,0,0,0,0,0,0,0
1,0,0,0,0,0,0,0,0,0
1,0,0,0,0,0,0,0,0,0
1,0,0,0,0,0,0,0,0,0
1,0,0,0,0,0,0,0,0,0
1,0,0,0,0,0,0,0,0,0
1,0,0,0,0,0,0,0,0,0
1,0,0,0,0,0,0,0,0,0
1,0,0,0,0,0,0,0,0,0
1,0,0,0,0,0,0,0,0,0
1,0,0,0,0,0,0,0,0,0
1,0,0,0,0,0,0,0,0,0
1,0,0,0,0,0,0,0,0,0
1,0,0,0,0,0,0,0,0,0
1,0,0,0,0,0,0,0,0,0
1,0,0,0,0,0,0,0,0,0
1,0,0,0,0,0,0,0,0,0
1,0,0,0,0,0,0,0,0,0
1,0,0,0,0,0,0,0,0,0
1,0,0,0,0,0,0,0,0,0
1,0,0,0,0,0,0,0,0,0
1,0,0,0,0,0,0,0,0,0
1,0,0,0,0,0,0,0,0,0
1,0,0,0,0,0,0,0,0,0
0,0,19,94,3.5,3,6.661e-016,133.5,106.75,2.9643e-014
1,1,0,0,0,0,0,0,0,0
1,1,0,0,0,0,0,0,0,0
1,1,0,0,0,0,0,0,0,0
0,1,19,93,3.5,3,6.661e-016,130.5,106.75,2.89769e-014
0,1,20,93,3.5,3,6.661e-016,130.5,103.25,2.89769e-014
0,1,20,94,3.5,3,6.661e-016,133.5,103.25,2.9643e-014
0,1,20,95,3.5,3,6.66198e-016,136.5,103.25,3.03091e-014
0,1,19,95,3.5,3,6.66198e-016,136.5,106.75,3.03091e-014
0,0,20,94,3.5,3,6.661e-016,133.5,103.25,2.9643e-014
0,1,19,95,3.5,3,6.66198e-016,136.5,106.75,3.03091e-014
0,1,19,94,3.5,3,6.661e-016,133.5,106.75,2.9643e-014
0,1,19,93,3.5,3,6.661e-016,130.5,106.75,2.89769e-014
0,1,20,93,3.5,3,6.661e-016,130.5,103.25,2.89769e-014
0,1,21,93,3.5,3,6.661e-016,130.5,99.75,2.89769e-014
0,1,21,94,3.5,3,6.661e-016,133.5,99.75,2.9643e-014
0,1,21,95,3.5,3,6.66198e-016,136.5,99.75,3.03091e-014
0,1,20,95,3.5,3,6.66198e-016,136.5,103.25,3.03091e-014
0,0,21,94,3.5,3,6.661e-016,133.5,99.75,2.9643e-014
0,1,20,95,3.5,3,6.66198e-016,136.5,103.25,3.03091e-014
0,1,20,94,3.5,3,6.661e-016,133.5,103.25,2.9643e-014
0,1,20,93,3.5,3,6.661e-016,130.5,103.25,2.89769e-014
0,1,21,93,3.5,3,6.661e-016,130.5,99.75,2.89769e-014
0,1,22,93,3.5,3,6.661e-016,130.5,96.25,2.89769e-014
0,1,22,94,3.5,3,6.661e-016,133.5,96.25,2.9643e-014
0,1,22,95,3.5,3,6.66198e-016,136.5,96.25,3.03091e-014
0,1,21,95,3.5,3,6.66198e-016,136.5,99.75,3.03091e-014
0,0,22,94,3.5,3,6.661e-016,133.5,96.25,2.9643e-014
0,1,21,95,3.5,3,6.66198e-016,136.5,99.75,3.03091e-014
0,1,21,94,3.5,3,6.661e-016,133.5,99.75,2.9643e-014
0,1,21,93,3.5,3,6.661e-016,130.5,99.75,2.89769e-014
0,1,22,93,3.5,3,6.661e-016,130.5,96.25,2.89769e-014
0,1,23,93,3.5,3,6.661e-016,130.5,92.75,2.89769e-014
0,1,23,94,3.5,3,6.661e-016,133.5,92.75,2.9643e-014
0,1,23,95,3.5,3,6.66198e-016,136.5,92.75,3.03091e-014
0,1,22,95,3.5,3,6.66198e-016,136.5,96.25,3.03091e-014
0,0,23,94,3.5,3,6.661e-016,133.5,92.75,2.9643e-014
0,1,22,95,3.5,3,6.66198e-016,136.5,96.25,3.03091e-014
0,1,22,94,3.5,3,6.661e-016,133.5,96.25,2.9643e-014
0,1,22,93,3.5,3,6.661e-016,130.5,96.25,2.89769e-014
0,1,23,93,3.5,3,6.661e-016,130.5,92.75,2.89769e-014
0,1,24,93,3.5,3,6.661e-016,130.5,89.25,2.89769e-014
0,1,24,94,3.5,3,6.661e-016,133.5,89.25,2.9643e-014
0,1,24,95,3.5,3,6.66198e-016,136.5,89.25,3.03091e-014
0,1,23,95,3.5,3,6.66198e-016,136.5,92.75,3.03091e-014
0,0,24,94,3.5,3,6.661e-016,133.5,89.25,2.9643e-014
0,1,23,95,3.5,3,6.66198e-016,136.5,92.75,3.03091e-014
0,1,23,94,3.5,3,6.661e-016,133.5,92.75,2.9643e-014
0,1,23,93,3.5,3,6.661e-016,130.5,92.75,2.89769e-014
0,1,24,93,3.5,3,6.661e-016,130.5,89.25,2.89769e-014
0,1,25,93,3.5,3,6.661e-016,130.5,85.75,2.89769e-014
0,1,25,94,3.5,3,6.661e-016,133.5,85.75,2.9643e-014
0,1,25,95,3.5,3,6.66198e-016,136.5,85.75,3.03091e-014
0,1,24,95,3.5,3,6.66198e-016,136.5,89.25,3.03091e-014
0,0,25,94,3.5,3,6.661e-016,133.5,85.75,2.9643e-014
0,1,24,95,3.5,3,6.66198e-016,136.5,89.25,3.03091e-014
0,1,24,94,3.5,3,6.661e-016,133.5,89.25,2.9643e-014
0,1,24,93,3.5,3,6.661e-016,130.5,89.25,2.89769e-014
0,1,25,93,3.5,3,6.661e-016,130.5,85.75,2.89769e-014
0,1,26,93,3.5,3,6.661e-016,130.5,82.25,2.89769e-014
0,1,26,94,3.5,3,6.661e-016,133.5,82.25,2.9643e-014
0,1,26,95,3.5,3,6.66198e-016,136.5,82.25,3.03091e-014
0,1,25,95,3.5,3,6.66198e-016,136.5,85.75,3.03091e-014
0,0,26,94,3.5,3,6.661e-016,133.5,82.25,2.9643e-014
0,1,25,95,3.5,3,6.66198e-016,136.5,85.75,3.03091e-014
0,1,25,94,3.5,3,6.661e-016,133.5,85.75,2.9643e-014
0,1,25,93,3.5,3,6.661e-016,130.5,85.75,2.89769e-014
0,1,26,93,3.5,3,6.661e-016,130.5,82.25,2.89769e-014
0,1,27,93,3.5,3,6.661e-016,130.5,78.75,2.89769e-014
0,1,27,94,3.5,3,6.661e-016,133.5,78.75,2.9643e-014
0,1,27,95,3.5,3,6.66198e-016,136.5,78.75,3.03091e-014
0,1,26,95,3.5,3,6.66198e-016,136.5,82.25,3.03091e-014
0,0,27,94,3.5,3,6.661e-016,133.5,78.75,2.9643e-014
0,1,26,95,3.5,3,6.66198e-016,136.5,82.25,3.03091e-014
0,1,26,94,3.5,3,6.661e-016,133.5,82.25,2.9643e-014
0,1,26,93,3.5,3,6.661e-016,130.5,82.25,2.89769e-014
0,1,27,93,3.5,3,6.661e-016,130.5,78.75,2.89769e-014
0,1,28,93,3.5,3,6.661e-016,130.5,75.25,2.89769e-014
0,1,28,94,3.5,3,6.661e-016,133.5,75.25,2.9643e-014
0,1,28,95,3.5,3,6.66198e-016,136.5,75.25,3.03091e-014
0,1,27,95,3.5,3,6.66198e-016,136.5,78.75,3.03091e-014
0,0,28,94,3.5,3,6.661e-016,133.5,75.25,2.9643e-014
0,1,27,95,3.5,3,6.66198e-016,136.5,78.75,3.03091e-014
0,1,27,94,3.5,3,6.661e-016,133.5,78.75,2.9643e-014
0,1,27,93,3.5,3,6.661e-016,130.5,78.75,2.89769e-014
0,1,28,93,3.5,3,6.661e-016,130.5,75.25,2.89769e-014
0,1,29,93,3.5,3,6.661e-016,130.5,71.75,2.89769e-014
0,1,29,94,3.5,3,6.661e-016,133.5,71.75,2.9643e-014
0,1,29,95,3.5,3,6.66198e-016,136.5,71.75,3.03091e-014
0,1,28,95,3.5,3,6.66198e-016,136.5,75.25,3.03091e-014
0,0,29,94,3.5,3,6.661e-016,133.5,71.75,2.9643e-014
0,1,28,95,3.5,3,6.66198e-016,136.5,75.25,3.03091e-014
0,1,28,94,3.5,3,6.661e-016,133.5,75.25,2.9643e-014
0,1,28,93,3.5,3,6.661e-016,130.5,75.25,2.89769e-014
0,1,29,93,3.5,3,6.661e-016,130.5,71.75,2.89769e-014
0,1,30,93,3.5,3,6.661e-016,130.5,68.25,2.89769e-014
0,1,30,94,3.5,3,6.661e-016,133.5,68.25,2.9643e-014
0,1,30,95,3.5,3,6.66198e-016,136.5,68.25,3.03091e-014
0,1,29,95,3.5,3,6.66198e-016,136.5,71.75,3.03091e-014
0,0,30,94,3.5,3,6.661e-016,133.5,68.25,2.9643e-014
0,1,29,95,3.5,3,6.66198e-016,136.5,71.75,3.03091e-014
0,1,29,94,3.5,3,6.661e-016,133.5,71.75,2.9643e-014
0,1,29,93,3.5,3,6.661e-016,130.5,71.75,2.89769e-014
0,1,30,93,3.5,3,6.661e-016,130.5,68.25,2.89769e-014
0,1,31,93,3.5,3,6.661e-016,130.5,64.75,2.89769e-014
0,1,31,94,3.5,3,6.661e-016,133.5,64.75,2.9643e-014
0,1,31,95,3.5,3,6.66198e-016,136.5,64.75,3.03091e-014
0,1,30,95,3.5,3,6.66198e-016,136.5,68.25,3.03091e-014
0,0,31,94,3.5,3,6.661e-016,133.5,64.75,2.9643e-014
0,1,30,95,3.5,3,6.66198e-016,136.5,68.25,3.03091e-014
0,1,30,94,3.5,3,6.661e-016,133.5,68.25,2.9643e-014
0,1,30,93,3.5,3,6.661e-016,130.5,68.25,2.89769e-014
0,1,31,93,3.5,3,6.661e-016,130.5,64.75,2.89769e-014
0,1,32,93,3.5,3,6.661e-016,130.5,61.25,2.89769e-014
0,1,32,94,3.5,3,6.661e-016,133.5,61.25,2.9643e-014
0,1,32,95,3.5,3,6.66198e-016,136.5,61.25,3.03091e-014
0,1,31,95,3.5,3,6.66198e-016,136.5,64.75,3.03091e-014
0,0,32,94,3.5,3,6.661e-016,133.5,61.25,2.9643e-014
0,1,31,95,3.5,3,6.66198e-016,136.5,64.75,3.03091e-014
0,1,31,94,3.5,3,6.661e-016,133.5,64.75,2.9643e-014
0,1,31,93,3.5,3,6.661e-016,130.5,64.75,2.89769e-014
0,1,32,93,3.5,3,6.661e-016,130.5,61.25,2.89769e-014
0,1,33,93,3.5,3,6.661e-016,130.5,57.75,2.89769e-014
0,1,33,94,3.5,3,6.661e-016,133.5,57.75,2.9643e-014
1,1,0,0,0,0,0,0,0,0
0,1,32,95,3.5,3,6.66198e-016,136.5,61.25,3.03091e-014
0,0,33,94,3.5,3,6.661e-016,133.5,57.75,2.9643e-014
0,1,32,95,3.5,3,6.66198e-016,136.5,61.25,3.03091e-014
0,1,32,94,3.5,3,6.661e-016,133.5,61.25,2.9643e-014
0,1,32,93,3.5,3,6.661e-016,130.5,61.25,2.89769e-014
0,1,33,93,3.5,3,6.661e-016,130.5,57.75,2.89769e-014
0,1,34,93,3.5,3,6.661e-016,130.5,54.25,2.89769e-014
0,1,34,94,3.5,3,6.661e-016,133.5,54.25,2.9643e-014
1,1,0,0,0,0,0,0,0,0
1,1,0,0,0,0,0,0,0,0
0,0,34,94,3.5,3,6.661e-016,133.5,54.25,2.9643e-014
1,1,0,0,0,0,0,0,0,0
0,1,33,94,3.5,3,6.661e-016,133.5,57.75,2.9643e-014
0,1,33,93,3.5,3,6.661e-016,130.5,57.75,2.89769e-014
0,1,34,93,3.5,3,6.661e-016,130.5,54.25,2.89769e-014
0,1,35,93,3.5,3,6.661e-016,130.5,50.75,2.89769e-014
1,1,0,0,0,0,0,0,0,0
1,1,0,0,0,0,0,0,0,0
1,1,0,0,0,0,0,0,0,0
1,0,0,0,0,0,0,0,0,0
1,0,0,0,0,0,0,0,0,0
1,0,0,0,0,0,0,0,0,0
1,0,0,0,0,0,0,0,0,0
1,0,0,0,0,0,0,0,0,0
1,0,0,0,0,0,0,0,0,0
1,0,0,0,0,0,0,0,0,0
1,0,0,0,0,0,0,0,0,0
1,0,0,0,0,0,0,0,0,0
1,0,0,0,0,0,0,0,0,0
1,0,0,0,0,0,0,0,0,0
1,0,0,0,0,0,0,0,0,0
1,0,0,0,0,0,0,0,0,0
1,0,0,0,0,0,0,0,0,0
1,0,0,0,0,0,0,0,0,0
1,0,0,0,0,0,0,0,0,0
1,0,0,0,0,0,0,0,0,0
1,0,0,0,0,0,0,0,0,0
1,0,0,0,0,0,0,0,0,0
1,0,0,0,0,0,0,0,0,0
1,0,0,0,0,0,0,0,0,0
1,0,0,0,0,0,0,0,0,0
1,0,0,0,0,0,0,0,0,0
1,0,0,0,0,0,0,0,0,0
1,0,0,0,0,0,0,0,0,0
1,0,0,0,0,0,0,0,0,0
1,0,0,0,0,0,0,0,0,0
1,0,0,0,0,0,0,0,0,0
1,0,0,0,0,0,0,0,0,0
1,0,0,0,0,0,0,0,0,0
1,0,0,0,0,0,0,0,0,0
1,0,0,0,0,0,0,0,0,0
1,0,0,0,0,0,0,0,0,0
1,0,0,0,0,0,0,0,0,0
1,0,0,0,0,0,0,0,0,0
1,0,0,0,0,0,0,0,0,0
1,0,0,0,0,0,0,0,0,0
1,0,0,0,0,0,0,0,0,0
1,0,0,0,0,0,0,0,0,0
1,0,0,0,0,0,0,0,0,0
1,0,0,0,0,0,0,0,0,0
1,0,0,0,0,0,0,0,0,0
1,0,0,0,0,0,0,0,0,0
1,0,0,0,0,0,0,0,0,0
1,0,0,0,0,0,0,0,0,0
1,0,0,0,0,0,0,0,0,0
1,0,0,0,0,0,0,0,0,0
1,0,0,0,0,0,0,0,0,0
1,0,0,0,0,0,0,0,0,0
1,0,0,0,0,0,0,0,0,0
1,0,0,0,0,0,0,0,0,0
1,0,0,0,0,0,0,0,0,0
1,0,0,0,0,0,0,0,0,0
1,0,0,0,0,0,0,0,0,0
1,0,0,0,0,0,0,0,0,0
1,0,0,0,0,0,0,0,0,0
1,0,0,0,0,0,0,0,0,0
1,0,0,0,0,0,0,0,0,0
1,0,0,0,0,0,0,0,0,0
1,0,0,0,0,0,0,0,0,0
1,0,0,0,0,0,0,0,0,0
1,0,0,0,0,0,0,0,0,0
1,0,0,0,0,0,0,0,0,0
1,0,0,0,0,0,0,0,0,0
1,0,0,0,0,0,0,0,0,0
1,0,0,0,0,0,0,0,0,0
1,0,0,0,0,0,0,0,0,0
1,0,0,0,0,0,0,0,0,0
1,0,0,0,0,0,0,0,0,0
1,0,0,0,0,0,0,0,0,0
1,0,0,0,0,0,0,0,0,0
1,0,0,0,0,0,0,0,0,0
1,0,0,0,0,0,0,0,0,0
1,0,0,0,0,0,0,0,0,0
1,0,0,0,0,0,0,0,0,0
1,0,0,0,0,0,0,0,0,0
1,0,0,0,0,0,0,0,0,0
1,0,0,0,0,0,0,0,0,0
1,0,0,0,0,0,0,0,0,0
1,0,0,0,0,0,0,0,0,0
1,0,0,0,0,0,0,0,0,0
1,0,0,0,0,0,0,0,0,0
1,0,0,0,0,0,0,0,0,0
1,0,0,0,0,0,0,0,0,0
0,0,19,95,3.5,3,6.66198e-016,136.5,106.75,3.03091e-014
1,1,0,0,0,0,0,0,0,0
1,1,0,0,0,0,0,0,0,0
1,1,0,0,0,0,0,0,0,0
0,1,19,94,3.5,3,6.661e-016,133.5,106.75,2.9643e-014
0,1,20,94,3.5,3,6.661e-016,133.5,103.25,2.9643e-014
0,1,20,95,3.5,3,6.66198e-016,136.5,103.25,3.03091e-014
0,1,20,96,3.5,3,6.661e-016,139.5,103.25,3.09752e-014
0,1,19,96,3.5,3,6.661e-016,139.5,106.75,3.09752e-014
0,0,20,95,3.5,3,6.66198e-016,136.5,103.25,3.03091e-014
0,1,19,96,3.5,3,6.661e-016,139.5,106.75,3.09752e-014
0,1,19,95,3.5,3,6.66198e-016,136.5,106.75,3.03091e-014
0,1,19,94,3.5,3,6.661e-016,133.5,106.75,2.9643e-014
0,1,20,94,3.5,3,6.661e-016,133.5,103.25,2.9643e-014
0,1,21,94,3.5,3,6.661e-016,133.5,99.75,2.9643e-014
0,1,21,95,3.5,3,6.66198e-016,136.5,99.75,3.03091e-014
0,1,21,96,3.5,3,6.661e-016,139.5,99.75,3.09752e-014
0,1,20,96,3.5,3,6.661e-016,139.5,103.25,3.09752e-014
0,0,21,95,3.5,3,6.66198e-016,136.5,99.75,3.03091e-014
0,1,20,96,3.5,3,6.661e-016,139.5,103.25,3.09752e-014
0,1,20,95,3.5,3,6.66198e-016,136.5,103.25,3.03091e-014
0,1,20,94,3.5,3,6.661e-016,133.5,103.25,2.9643e-014
0,1,21,94,3.5,3,6.661e-016,133.5,99.75,2.9643e-014
0,1,22,94,3.5,3,6.661e-016,133.5,96.25,2.9643e-014
0,1,22,95,3.5,3,6.66198e-016,136.5,96.25,3.03091e-014
0,1,22,96,3.5,3,6.661e-016,139.5,96.25,3.09752e-014
0,1,21,96,3.5,3,6.661e-016,139.5,99.75,3.09752e-014
0,0,22,95,3.5,3,6.66198e-016,136.5,96.25,3.03091e-014
0,1,21,96,3.5,3,6.661e-016,139.5,99.75,3.09752e-014
0,1,21,95,3.5,3,6.66198e-016,136.5,99.75,3.03091e-014
0,1,21,94,3.5,3,6.661e-016,133.5,99.75,2.9643e-014
0,1,22,94,3.5,3,6.661e-016,133.5,96.25,2.9643e-014
0,1,23,94,3.5,3,6.661e-016,133.5,92.75,2.9643e-014
0,1,23,95,3.5,3,6.66198e-016,136.5,92.75,3.03091e-014
0,1,23,96,3.5,3,6.661e-016,139.5,92.75,3.09752e-014
0,1,22,96,3.5,3,6.661e-016,139.5,96.25,3.09752e-014
0,0,23,95,3.5,3,6.66198e-016,136.5,92.75,3.03091e-014
0,1,22,96,3.5,3,6.661e-016,139.5,96.25,3.09752e-014
0,1,22,95,3.5,3,6.66198e-016,136.5,96.25,3.03091e-014
0,1,22,94,3.5,3,6.661e-016,133.5,96.25,2.9643e-014
0,1,23,94,3.5,3,6.661e-016,133.5,92.75,2.9643e-014
0,1,24,94,3.5,3,6.661e-016,133.5,89.25,2.9643e-014
0,1,24,95,3.5,3,6.66198e-016,136.5,89.25,3.03091e-014
0,1,24,96,3.5,3,6.661e-016,139.5,89.25,3.09752e-014
0,1,23,96,3.5,3,6.661e-016,139.5,92.75,3.09752e-014
0,0,24,95,3.5,3,6.66198e-016,136.5,89.25,3.03091e-014
0,1,23,96,3.5,3,6.661e-016,139.5,92.75,3.09752e-014
0,1,23,95,3.5,3,6.66198e-016,136.5,92.75,3.03091e-014
0,1,23,94,3.5,3,6.661e-016,133.5,92.75,2.9643e-014
0,1,24,94,3.5,3,6.661e-016,133.5,89.25,2.9643e-014
0,1,25,94,3.5,3,6.661e-016,133.5,85.75,2.9643e-014
0,1,25,95,3.5,3,6.66198e-016,136.5,85.75,3.03091e-014
0,1,25,96,3.5,3,6.661e-016,139.5,85.75,3.09752e-014
0,1,24,96,3.5,3,6.661e-016,139.5,89.25,3.09752e-014
0,0,25,95,3.5,3,6.66198e-016,136.5,85.75,3.03091e-014
0,1,24,96,3.5,3,6.661e-016,139.5,89.25,3.09752e-014
0,1,24,95,3.5,3,6.66198e-016,136.5,89.25,3.03091e-014
0,1,24,94,3.5,3,6.661e-016,133.5,89.25,2.9643e-014
0,1,25,94,3.5,3,6.661e-016,133.5,85.75,2.9643e-014
0,1,26,94,3.5,3,6.661e-016,133.5,82.25,2.9643e-014
0,1,26,95,3.5,3,6.66198e-016,136.5,82.25,3.03091e-014
0,1,26,96,3.5,3,6.661e-016,139.5,82.25,3.09752e-014
0,1,25,96,3.5,3,6.661e-016,139.5,85.75,3.09752e-014
0,0,26,95,3.5,3,6.66198e-016,136.5,82.25,3.03091e-014
0,1,25,96,3.5,3,6.661e-016,139.5,85.75,3.09752e-014
0,1,25,95,3.5,3,6.66198e-016,136.5,85.75,3.03091e-014
0,1,25,94,3.5,3,6.661e-016,133.5,85.75,2.9643e-014
0,1,26,94,3.5,3,6.661e-016,133.5,82.25,2.9643e-014
0,1,27,94,3.5,3,6.661e-016,133.5,78.75,2.9643e-014
0,1,27,95,3.5,3,6.66198e-016,136.5,78.75,3.03091e-014
0,1,27,96,3.5,3,6.661e-016,139.5,78.75,3.09752e-014
0,1,26,96,3.5,3,6.661e-016,139.5,82.25,3.09752e-014
0,0,27,95,3.5,3,6.66198e-016,136.5,78.75,3.03091e-014
0,1,26,96,3.5,3,6.661e-016,139.5,82.25,3.09752e-014
0,1,26,95,3.5,3,6.66198e-016,136.5,82.25,3.03091e-014
0,1,26,94,3.5,3,6.661e-016,133.5,82.25,2.9643e-014
0,1,27,94,3.5,3,6.661e-016,133.5,78.75,2.9643e-014
0,1,28,94,3.5,3,6.661e-016,133.5,75.25,2.9643e-014
0,1,28,95,3.5,3,6.66198e-016,136.5,75.25,3.03091e-014
0,1,28,96,3.5,3,6.661e-016,139.5,75.25,3.09752e-014
0,1,27,96,3.5,3,6.661e-016,139.5,78.75,3.09752e-014
0,0,28,95,3.5,3,6.66198e-016,136.5,75.25,3.03091e-014
0,1,27,96,3.5,3,6.661e-016,139.5,78.75,3.09752e-014
0,1,27,95,3.5,3,6.66198e-016,136.5,78.75,3.03091e-014
0,1,27,94,3.5,3,6.661e-016,133.5,78.75,2.9643e-014
0,1,28,94,3.5,3,6.661e-016,133.5,75.25,2.9643e-014
0,1,29,94,3.5,3,6.661e-016,133.5,71.75,2.9643e-014
0,1,29,95,3.5,3,6.66198e-016,136.5,71.75,3.03091e-014
0,1,29,96,3.5,3,6.661e-016,139.5,71.75,3.09752e-014
0,1,28,96,3.5,3,6.661e-016,139.5,75.25,3.09752e-014
0,0,29,95,3.5,3,6.66198e-016,136.5,71.75,3.03091e-014
0,1,28,96,3.5,3,6.661e-016,139.5,75.25,3.09752e-014
0,1,28,95,3.5,3,6.66198e-016,136.5,75.25,3.03091e-014
0,1,28,94,3.5,3,6.661e-016,133.5,75.25,2.9643e-014
0,1,29,94,3.5,3,6.661e-016,133.5,71.75,2.9643e-014
0,1,30,94,3.5,3,6.661e-016,133.5,68.25,2.9643e-014
0,1,30,95,3.5,3,6.66198e-016,136.5,68.25,3.03091e-014
0,1,30,96,3.5,3,6.661e-016,139.5,68.25,3.09752e-014
0,1,29,96,3.5,3,6.661e-016,139.5,71.75,3.09752e-014
0,0,30,95,3.5,3,6.66198e-016,136.5,68.25,3.03091e-014
0,1,29,96,3.5,3,6.661e-016,139.5,71.75,3.09752e-014
0,1,29,95,3.5,3,6.66198e-016,136.5,71.75,3.03091e-014
0,1,29,94,3.5,3,6.661e-016,133.5,71.75,2.9643e-014
0,1,30,94,3.5,3,6.661e-016,133.5,68.25,2.9643e-014
0,1,31,94,3.5,3,6.661e-016,133.5,64.75,2.9643e-014
0,1,31,95,3.5,3,6.66198e-016,136.5,64.75,3.03091e-014
0,1,31,96,3.5,3,6.661e-016,139.5,64.75,3.09752e-014
0,1,30,96,3.5,3,6.661e-016,139.5,68.25,3.09752e-014
0,0,31,95,3.5,3,6.66198e-016,136.5,64.75,3.03091e-014
0,1,30,96,3.5,3,6.661e-016,139.5,68.25,3.09752e-014
0,1,30,95,3.5,3,6.66198e-016,136.5,68.25,3.03091e-014
0,1,30,94,3.5,3,6.661e-016,133.5,68.25,2.9643e-014
0,1,31,94,3.5,3,6.661e-016,133.5,64.75,2.9643e-014
0,1,32,94,3.5,3,6.661e-016,133.5,61.25,2.9643e-014
0,1,32,95,3.5,3,6.66198e-016,136.5,61.25,3.03091e-014
1,1,0,0,0,0,0,0,0,0
0,1,31,96,3.5,3,6.661e-016,139.5,64.75,3.09752e-014
0,0,32,95,3.5,3,6.66198e-016,136.5,61.25,3.03091e-014
0,1,31,96,3.5,3,6.661e-016,139.5,64.75,3.09752e-014
0,1,31,95,3.5,3,6.66198e-016,136.5,64.75,3.03091e-014
0,1,31,94,3.5,3,6.661e-016,133.5,64.75,2.9643e-014
0,1,32,94,3.5,3,6.661e-016,133.5,61.25,2.9643e-014
0,1,33,94,3.5,3,6.661e-016,133.5,57.75,2.9643e-014
1,1,0,0,0,0,0,0,0,0
1,1,0,0,0,0,0,0,0,0
1,1,0,0,0,0,0,0,0,0
1,0,0,0,0,0,0,0,0,0
1,0,0,0,0,0,0,0,0,0
1,0,0,0,0,0,0,0,0,0
1,0,0,0,0,0,0,0,0,0
1,0,0,0,0,0,0,0,0,0
1,0,0,0,0,0,0,0,0,0
1,0,0,0,0,0,0,0,0,0
1,0,0,0,0,0,0,0,0,0
1,0,0,0,0,0,0,0,0,0
1,0,0,0,0,0,0,0,0,0
1,0,0,0,0,0,0,0,0,0
1,0,0,0,0,0,0,0,0,0
1,0,0,0,0,0,0,0,0,0
1,0,0,0,0,0,0,0,0,0
1,0,0,0,0,0,0,0,0,0
1,0,0,0,0,0,0,0,0,0
1,0,0,0,0,0,0,0,0,0
1,0,0,0,0,0,0,0,0,0
1,0,0,0,0,0,0,0,0,0
1,0,0,0,0,0,0,0,0,0
1,0,0,0,0,0,0,0,0,0
1,0,0,0,0,0,0,0,0,0
1,0,0,0,0,0,0,0,0,0
1,0,0,0,0,0,0,0,0,0
1,0,0,0,0,0,0,0,0,0
1,0,0,0,0,0,0,0,0,0
1,0,0,0,0,0,0,0,0,0
1,0,0,0,0,0,0,0,0,0
1,0,0,0,0,0,0,0,0,0
1,0,0,0,0,0,0,0,0,0
1,0,0,0,0,0,0,0,0,0
1,0,0,0,0,0,0,0,0,0
1,0,0,0,0,0,0,0,0,0
1,0,0,0,0,0,0,0,0,0
1,0,0,0,0,0,0,0,0,0
1,0,0,0,0,0,0,0,0,0
1,0,0,0,0,0,0,0,0,0
1,0,0,0,0,0,0,0,0,0
1,0,0,0,0,0,0,0,0,0
1,0,0,0,0,0,0,0,0,0
1,0,0,0,0,0,0,0,0,0
1,0,0,0,0,0,0,0,0,0
1,0,0,0,0,0,0,0,0,0
1,0,0,0,0,0,0,0,0,0
1,0,0,0,0,0,0,0,0,0
1,0,0,0,0,0,0,0,0,0
1,0,0,0,0,0,0,0,0,0
1,0,0,0,0,0,0,0,0,0
1,0,0,0,0,0,0,0,0,0
1,0,0,0,0,0,0,0,0,0
1,0,0,0,0,0,0,0,0,0
1,0,0,0,0,0,0,0,0,0
1,0,0,0,0,0,0,0,0,0
1,0,0,0,0,0,0,0,0,0
1,0,0,0,0,0,0,0,0,0
1,0,0,0,0,0,0,0,0,0
1,0,0,0,0,0,0,0,0,0
1,0,0,0,0,0,0,0,0,0
1,0,0,0,0,0,0,0,0,0
1,0,0,0,0,0,0,0,0,0
1,0,0,0,0,0,0,0,0,0
1,0,0,0,0,0,0,0,0,0
1,0,0,0,0,0,0,0,0,0
1,0,0,0,0,0,0,0,0,0
1,0,0,0,0,0,0,0,0,0
1,0,0,0,0,0,0,0,0,0
1,0,0,0,0,0,0,0,0,0
1,0,0,0,0,0,0,0,0,0
1,0,0,0,0,0,0,0,0,0
1,0,0,0,0,0,0,0,0,0
1,0,0,0,0,0,0,0,0,0
1,0,0,0,0,0,0,0,0,0
1,0,0,0,0,0,0,0,0,0
1,0,0,0,0,0,0,0,0,0
1,0,0,0,0,0,0,0,0,0
1,0,0,0,0,0,0,0,0,0
1,0,0,0,0,0,0,0,0,0
1,0,0,0,0,0,0,0,0,0
1,0,0,0,0,0,0,0,0,0
1,0,0,0,0,0,0,0,0,0
1,0,0,0,0,0,0,0,0,0
1,0,0,0,0,0,0,0,0,0
1,0,0,0,0,0,0,0,0,0
1,0,0,0,0,0,0,0,0,0
1,0,0,0,0,0,0,0,0,0
1,0,0,0,0,0,0,0,0,0
0,0,19,96,3.5,3,6.661e-016,139.5,106.75,3.09752e-014
1,1,0,0,0,0,0,0,0,0
1,1,0,0,0,0,0,0,0,0
1,1,0,0,0,0,0,0,0,0
0,1,19,95,3.5,3,6.66198e-016,136.5,106.75,3.03091e-014
0,1,20,95,3.5,3,6.66198e-016,136.5,103.25,3.03091e-014
0,1,20,96,3.5,3,6.661e-016,139.5,103.25,3.09752e-014
0,1,20,97,3.5,3,6.661e-016,142.5,103.25,3.16413e-014
0,1,19,97,3.5,3,6.661e-016,142.5,106.75,3.16413e-014
0,0,20,96,3.5,3,6.661e-016,139.5,103.25,3.09752e-014
0,1,19,97,3.5,3,6.661e-016,142.5,106.75,3.16413e-014
0,1,19,96,3.5,3,6.661e-016,139.5,106.75,3.09752e-014
0,1,19,95,3.5,3,6.66198e-016,136.5,106.75,3.03091e-014
0,1,20,95,3.5,3,6.66198e-016,136.5,103.25,3.03091e-014
0,1,21,95,3.5,3,6.66198e-016,136.5,99.75,3.03091e-014
0,1,21,96,3.5,3,6.661e-016,139.5,99.75,3.09752e-014
0,1,21,97,3.5,3,6.661e-016,142.5,99.75,3.16413e-014
0,1,20,97,3.5,3,6.661e-016,142.5,103.25,3.16413e-014
0,0,21,96,3.5,3,6.661e-016,139.5,99.75,3.09752e-014
0,1,20,97,3.5,3,6.661e-016,142.5,103.25,3.16413e-014
0,1,20,96,3.5,3,6.661e-016,139.5,103.25,3.09752e-014
0,1,20,95,3.5,3,6.66198e-016,136.5,103.25,3.03091e-014
0,1,21,95,3.5,3,6.66198e-016,136.5,99.75,3.03091e-014
0,1,22,95,3.5,3,6.66198e-016,136.5,96.25,3.03091e-014
0,1,22,96,3.5,3,6.661e-016,139.5,96.25,3.09752e-014
0,1,22,97,3.5,3,6.661e-016,142.5,96.25,3.16413e-014
0,1,21,97,3.5,3,6.661e-016,142.5,99.75,3.16413e-014
0,0,22,96,3.5,3,6.661e-016,139.5,96.25,3.09752e-014
0,1,21,97,3.5,3,6.661e-016,142.5,99.75,3.16413e-014
0,1,21,96,3.5,3,6.661e-016,139.5,99.75,3.09752e-014
0,1,21,95,3.5,3,6.66198e-016,136.5,99.75,3.03091e-014
0,1,22,95,3.5,3,6.66198e-016,136.5,96.25,3.03091e-014
0,1,23,95,3.5,3,6.66198e-016,136.5,92.75,3.03091e-014
0,1,23,96,3.5,3,6.661e-016,139.5,92.75,3.09752e-014
0,1,23,97,3.5,3,6.661e-016,142.5,92.75,3.16413e-014
0,1,22,97,3.5,3,6.661e-016,142.5,96.25,3.16413e-014
0,0,23,96,3.5,3,6.661e-016,139.5,92.75,3.09752e-014
0,1,22,97,3.5,3,6.661e-016,142.5,96.25,3.16413e-014
0,1,22,96,3.5,3,6.661e-016,139.5,96.25,3.09752e-014
0,1,22,95,3.5,3,6.66198e-016,136.5,96.25,3.03091e-014
0,1,23,95,3.5,3,6.66198e-016,136.5,92.75,3.03091e-014
0,1,24,95,3.5,3,6.66198e-016,136.5,89.25,3.03091e-014
0,1,24,96,3.5,3,6.661e-016,139.5,89.25,3.09752e-014
0,1,24,97,3.5,3,6.661e-016,142.5,89.25,3.16413e-014
0,1,23,97,3.5,3,6.661e-016,142.5,92.75,3.16413e-014
0,0,24,96,3.5,3,6.661e-016,139.5,89.25,3.09752e-014
0,1,23,97,3.5,3,6.661e-016,142.5,92.75,3.16413e-014
0,1,23,96,3.5,3,6.661e-016,139.5,92.75,3.09752e-014
0,1,23,95,3.5,3,6.66198e-016,136.5,92.75,3.03091e-014
0,1,24,95,3.5,3,6.66198e-016,136.5,89.25,3.03091e-014
0,1,25,95,3.5,3,6.66198e-016,136.5,85.75,3.03091e-014
0,1,25,96,3.5,3,6.661e-016,139.5,85.75,3.09752e-014
0,1,25,97,3.5,3,6.661e-016,142.5,85.75,3.16413e-014
0,1,24,97,3.5,3,6.661e-016,142.5,89.25,3.16413e-014
0,0,25,96,3.5,3,6.661e-016,139.5,85.75,3.09752e-014
0,1,24,97,3.5,3,6.661e-016,142.5,89.25,3.16413e-014
0,1,24,96,3.5,3,6.661e-016,139.5,89.25,3.09752e-014
0,1,24,95,3.5,3,6.66198e-016,136.5,89.25,3.03091e-014
0,1,25,95,3.5,3,6.66198e-016,136.5,85.75,3.03091e-014
0,1,26,95,3.5,3,6.66198e-016,136.5,82.25,3.03091e-014
0,1,26,96,3.5,3,6.661e-016,139.5,82.25,3.09752e-014
0,1,26,97,3.5,3,6.661e-016,142.5,82.25,3.16413e-014
0,1,25,97,3.5,3,6.661e-016,142.5,85.75,3.16413e-014
0,0,26,96,3.5,3,6.661e-016,139.5,82.25,3.09752e-014
0,1,25,97,3.5,3,6.661e-016,142.5,85.75,3.16413e-014
0,1,25,96,3.5,3,6.661e-016,139.5,85.75,3.09752e-014
0,1,25,95,3.5,3,6.66198e-016,136.5,85.75,3.03091e-014
0,1,26,95,3.5,3,6.66198e-016,136.5,82.25,3.03091e-014
0,1,27,95,3.5,3,6.66198e-016,136.5,78.75,3.03091e-014
0,1,27,96,3.5,3,6.661e-016,139.5,78.75,3.09752e-014
0,1,27,97,3.5,3,6.661e-016,142.5,78.75,3.16413e-014
0,1,26,97,3.5,3,6.661e-016,142.5,82.25,3.16413e-014
0,0,27,96,3.5,3,6.661e-016,139.5,78.75,3.09752e-014
0,1,26,97,3.5,3,6.661e-016,142.5,82.25,3.16413e-014
0,1,26,96,3.5,3,6.661e-016,139.5,82.25,3.09752e-014
0,1,26,95,3.5,3,6.66198e-016,136.5,82.25,3.03091e-014
0,1,27,95,3.5,3,6.66198e-016,136.5,78.75,3.03091e-014
0,1,28,95,3.5,3,6.66198e-016,136.5,75.25,3.03091e-014
0,1,28,96,3.5,3,6.661e-016,139.5,75.25,3.09752e-014
0,1,28,97,3.5,3,6.661e-016,142.5,75.25,3.16413e-014
0,1,27,97,3.5,3,6.661e-016,142.5,78.75,3.16413e-014
0,0,28,96,3.5,3,6.661e-016,139.5,75.25,3.09752e-014
0,1,27,97,3.5,3,6.661e-016,142.5,78.75,3.16413e-014
0,1,27,96,3.5,3,6.661e-016,139.5,78.75,3.09752e-014
0,1,27,95,3.5,3,6.66198e-016,136.5,78.75,3.03091e-014
0,1,28,95,3.5,3,6.66198e-016,136.5,75.25,3.03091e-014
0,1,29,95,3.5,3,6.66198e-016,136.5,71.75,3.03091e-014
0,1,29,96,3.5,3,6.661e-016,139.5,71.75,3.09752e-014
0,1,29,97,3.5,3,6.661e-016,142.5,71.75,3.16413e-014
0,1,28,97,3.5,3,6.661e-016,142.5,75.25,3.16413e-014
0,0,29,96,3.5,3,6.661e-016,139.5,71.75,3.09752e-014
0,1,28,97,3.5,3,6.661e-016,142.5,75.25,3.16413e-014
0,1,28,96,3.5,3,6.661e-016,139.5,75.25,3.09752e-014
0,1,28,95,3.5,3,6.66198e-016,136.5,75.25,3.03091e-014
0,1,29,95,3.5,3,6.66198e-016,136.5,71.75,3.03091e-014
0,1,30,95,3.5,3,6.66198e-016,136.5,68.25,3.03091e-014
0,1,30,96,3.5,3,6.661e-016,139.5,68.25,3.09752e-014
1,1,0,0,0,0,0,0,0,0
0,1,29,97,3.5,3,6.661e-016,142.5,71.75,3.16413e-014
0,0,30,96,3.5,3,6.661e-016,139.5,68.25,3.09752e-014
0,1,29,97,3.5,3,6.661e-016,142.5,71.75,3.16413e-014
0,1,29,96,3.5,3,6.661e-016,139.5,71.75,3.09752e-014
0,1,29,95,3.5,3,6.66198e-016,136.5,71.75,3.03091e-014
0,1,30,95,3.5,3,6.66198e-016,136.5,68.25,3.03091e-014
0,1,31,95,3.5,3,6.66198e-016,136.5,64.75,3.03091e-014
0,1,31,96,3.5,3,6.661e-016,139.5,64.75,3.09752e-014
1,1,0,0,0,0,0,0,0,0
1,1,0,0,0,0,0,0,0,0
0,0,31,96,3.5,3,6.661e-016,139.5,64.75,3.09752e-014
1,1,0,0,0,0,0,0,0,0
0,1,30,96,3.5,3,6.661e-016,139.5,68.25,3.09752e-014
0,1,30,95,3.5,3,6.66198e-016,136.5,68.25,3.03091e-014
0,1,31,95,3.5,3,6.66198e-016,136.5,64.75,3.03091e-014
0,1,32,95,3.5,3,6.66198e-016,136.5,61.25,3.03091e-014
1,1,0,0,0,0,0,0,0,0
1,1,0,0,0,0,0,0,0,0
1,1,0,0,0,0,0,0,0,0
1,0,0,0,0,0,0,0,0,0
1,0,0,0,0,0,0,0,0,0
1,0,0,0,0,0,0,0,0,0
1,0,0,0,0,0,0,0,0,0
1,0,0,0,0,0,0,0,0,0
1,0,0,0,0,0,0,0,0,0
1,0,0,0,0,0,0,0,0,0
1,0,0,0,0,0,0,0,0,0
1,0,0,0,0,0,0,0,0,0
1,0,0,0,0,0,0,0,0,0
1,0,0,0,0,0,0,0,0,0
1,0,0,0,0,0,0,0,0,0
1,0,0,0,0,0,0,0,0,0
1,0,0,0,0,0,0,0,0,0
1,0,0,0,0,0,0,0,0,0
1,0,0,0,0,0,0,0,0,0
1,0,0,0,0,0,0,0,0,0
1,0,0,0,0,0,0,0,0,0
1,0,0,0,0,0,0,0,0,0
1,0,0,0,0,0,0,0,0,0
1,0,0,0,0,0,0,0,0,0
1,0,0,0,0,0,0,0,0,0
1,0,0,0,0,0,0,0,0,0
1,0,0,0,0,0,0,0,0,0
1,0,0,0,0,0,0,0,0,0
1,0,0,0,0,0,0,0,0,0
1,0,0,0,0,0,0,0,0,0
1,0,0,0,0,0,0,0,0,0
1,0,0,0,0,0,0,0,0,0
1,0,0,0,0,0,0,0,0,0
1,0,0,0,0,0,0,0,0,0
1,0,0,0,0,0,0,0,0,0
1,0,0,0,0,0,0,0,0,0
1,0,0,0,0,0,0,0,0,0
1,0,0,0,0,0,0,0,0,0
1,0,0,0,0,0,0,0,0,0
1,0,0,0,0,0,0,0,0,0
1,0,0,0,0,0,0,0,0,0
1,0,0,0,0,0,0,0,0,0
1,0,0,0,0,0,0,0,0,0
1,0,0,0,0,0,0,0,0,0
1,0,0,0,0,0,0,0,0,0
1,0,0,0,0,0,0,0,0,0
1,0,0,0,0,0,0,0,0,0
1,0,0,0,0,0,0,0,0,0
1,0,0,0,0,0,0,0,0,0
1,0,0,0,0,0,0,0,0,0
1,0,0,0,0,0,0,0,0,0
1,0,0,0,0,0,0,0,0,0
1,0,0,0,0,0,0,0,0,0
1,0,0,0,0,0,0,0,0,0
1,0,0,0,0,0,0,0,0,0
1,0,0,0,0,0,0,0,0,0
1,0,0,0,0,0,0,0,0,0
1,0,0,0,0,0,0,0,0,0
1,0,0,0,0,0,0,0,0,0
1,0,0,0,0,0,0,0,0,0
1,0,0,0,0,0,0,0,0,0
1,0,0,0,0,0,0,0,0,0
1,0,0,0,0,0,0,0,0,0
1,0,0,0,0,0,0,0,0,0
1,0,0,0,0,0,0,0,0,0
1,0,0,0,0,0,0,0,0,0
1,0,0,0,0,0,0,0,0,0
1,0,0,0,0,0,0,0,0,0
1,0,0,0,0,0,0,0,0,0
1,0,0,0,0,0,0,0,0,0
1,0,0,0,0,0,0,0,0,0
1,0,0,0,0,0,0,0,0,0
1,0,0,0,0,0,0,0,0,0
1,0,0,0,0,0,0,0,0,0
1,0,0,0,0,0,0,0,0,0
1,0,0,0,0,0,0,0,0,0
1,0,0,0,0,0,0,0,0,0
1,0,0,0,0,0,0,0,0,0
1,0,0,0,0,0,0,0,0,0
1,0,0,0,0,0,0,0,0,0
1,0,0,0,0,0,0,0,0,0
1,0,0,0,0,0,0,0,0,0
1,0,0,0,0,0,0,0,0,0
1,0,0,0,0,0,0,0,0,0
1,0,0,0,0,0,0,0,0,0
1,0,0,0,0,0,0,0,0,0
1,0,0,0,0,0,0,0,0,0
1,0,0,0,0,0,0,0,0,0
1,0,0,0,0,0,0,0,0,0
1,0,0,0,0,0,0,0,0,0
0,0,19,97,3.5,3,6.661e-016,142.5,106.75,3.16413e-014
1,1,0,0,0,0,0,0,0,0
1,1,0,0,0,0,0,0,0,0
1,1,0,0,0,0,0,0,0,0
0,1,19,96,3.5,3,6.661e-016,139.5,106.75,3.09752e-014
0,1,20,96,3.5,3,6.661e-016,139.5,103.25,3.09752e-014
0,1,20,97,3.5,3,6.661e-016,142.5,103.25,3.16413e-014
0,1,20,98,3.5,3,6.66202e-016,145.5,103.25,3.23075e-014
0,1,19,98,3.5,3,6.66202e-016,145.5,106.75,3.23075e-014
0,0,20,97,3.5,3,6.661e-016,142.5,103.25,3.16413e-014
0,1,19,98,3.5,3,6.66202e-016,145.5,106.75,3.23075e-014
0,1,19,97,3.5,3,6.661e-016,142.5,106.75,3.16413e-014
0,1,19,96,3.5,3,6.661e-016,139.5,106.75,3.09752e-014
0,1,20,96,3.5,3,6.661e-016,139.5,103.25,3.09752e-014
0,1,21,96,3.5,3,6.661e-016,139.5,99.75,3.09752e-014
0,1,21,97,3.5,3,6.661e-016,142.5,99.75,3.16413e-014
0,1,21,98,3.5,3,6.66202e-016,145.5,99.75,3.23075e-014
0,1,20,98,3.5,3,6.66202e-016,145.5,103.25,3.23075e-014
0,0,21,97,3.5,3,6.661e-016,142.5,99.75,3.16413e-014
0,1,20,98,3.5,3,6.66202e-016,145.5,103.25,3.23075e-014
0,1,20,97,3.5,3,6.661e-016,142.5,103.25,3.16413e-014
0,1,20,96,3.5,3,6.661e-016,139.5,103.25,3.09752e-014
0,1,21,96,3.5,3,6.661e-016,139.5,99.75,3.09752e-014
0,1,22,96,3.5,3,6.661e-016,139.5,96.25,3.09752e-014
0,1,22,97,3.5,3,6.661e-016,142.5,96.25,3.16413e-014
0,1,22,98,3.5,3,6.66202e-016,145.5,96.25,3.23075e-014
0,1,21,98,3.5,3,6.66202e-016,145.5,99.75,3.23075e-014
0,0,22,97,3.5,3,6.661e-016,142.5,96.25,3.16413e-014
0,1,21,98,3.5,3,6.66202e-016,145.5,99.75,3.23075e-014
0,1,21,97,3.5,3,6.661e-016,142.5,99.75,3.16413e-014
0,1,21,96,3.5,3,6.661e-016,139.5,99.75,3.09752e-014
0,1,22,96,3.5,3,6.661e-016,139.5,96.25,3.09752e-014
0,1,23,96,3.5,3,6.661e-016,139.5,92.75,3.09752e-014
0,1,23,97,3.5,3,6.661e-016,142.5,92.75,3.16413e-014
0,1,23,98,3.5,3,6.66202e-016,145.5,92.75,3.23075e-014
0,1,22,98,3.5,3,6.66202e-016,145.5,96.25,3.23075e-014
0,0,23,97,3.5,3,6.661e-016,142.5,92.75,3.16413e-014
0,1,22,98,3.5,3,6.66202e-016,145.5,96.25,3.23075e-014
0,1,22,97,3.5,3,6.661e-016,142.5,96.25,3.16413e-014
0,1,22,96,3.5,3,6.661e-016,139.5,96.25,3.09752e-014
0,1,23,96,3.5,3,6.661e-016,139.5,92.75,3.09752e-014
0,1,24,96,3.5,3,6.661e-016,139.5,89.25,3.09752e-014
0,1,24,97,3.5,3,6.661e-016,142.5,89.25,3.16413e-014
0,1,24,98,3.5,3,6.66202e-016,145.5,89.25,3.23075e-014
0,1,23,98,3.5,3,6.66202e-016,145.5,92.75,3.23075e-014
0,0,24,97,3.5,3,6.661e-016,142.5,89.25,3.16413e-014
0,1,23,98,3.5,3,6.66202e-016,145.5,92.75,3.23075e-014
0,1,23,97,3.5,3,6.661e-016,142.5,92.75,3.16413e-014
0,1,23,96,3.5,3,6.661e-016,139.5,92.75,3.09752e-014
0,1,24,96,3.5,3,6.661e-016,139.5,89.25,3.09752e-014
0,1,25,96,3.5,3,6.661e-016,139.5,85.75,3.09752e-014
0,1,25,97,3.5,3,6.661e-016,142.5,85.75,3.16413e-014
0,1,25,98,3.5,3,6.66202e-016,145.5,85.75,3.23075e-014
0,1,24,98,3.5,3,6.66202e-016,145.5,89.25,3.23075e-014
0,0,25,97,3.5,3,6.661e-016,142.5,85.75,3.16413e-014
0,1,24,98,3.5,3,6.66202e-016,145.5,89.25,3.23075e-014
0,1,24,97,3.5,3,6.661e-016,142.5,89.25,3.16413e-014
0,1,24,96,3.5,3,6.661e-016,139.5,89.25,3.09752e-014
0,1,25,96,3.5,3,6.661e-016,139.5,85.75,3.09752e-014
0,1,26,96,3.5,3,6.661e-016,139.5,82.25,3.09752e-014
0,1,26,97,3.5,3,6.661e-016,142.5,82.25,3.16413e-014
0,1,26,98,3.5,3,6.66202e-016,145.5,82.25,3.23075e-014
0,1,25,98,3.5,3,6.66202e-016,145.5,85.75,3.23075e-014
0,0,26,97,3.5,3,6.661e-016,142.5,82.25,3.16413e-014
0,1,25,98,3.5,3,6.66202e-016,145.5,85.75,3.23075e-014
0,1,25,97,3.5,3,6.661e-016,142.5,85.75,3.16413e-014
0,1,25,96,3.5,3,6.661e-016,139.5,85.75,3.09752e-014
0,1,26,96,3.5,3,6.661e-016,139.5,82.25,3.09752e-014
0,1,27,96,3.5,3,6.661e-016,139.5,78.75,3.09752e-014
0,1,27,97,3.5,3,6.661e-016,142.5,78.75,3.16413e-014
1,1,0,0,0,0,0,0,0,0
0,1,26,98,3.5,3,6.66202e-016,145.5,82.25,3.23075e-014
0,0,27,97,3.5,3,6.661e-016,142.5,78.75,3.16413e-014
0,1,26,98,3.5,3,6.66202e-016,145.5,82.25,3.23075e-014
0,1,26,97,3.5,3,6.661e-016,142.5,82.25,3.16413e-014
0,1,26,96,3.5,3,6.661e-016,139.5,82.25,3.09752e-014
0,1,27,96,3.5,3,6.661e-016,139.5,78.75,3.09752e-014
0,1,28,96,3.5,3,6.661e-016,139.5,75.25,3.09752e-014
0,1,28,97,3.5,3,6.661e-016,142.5,75.25,3.16413e-014
1,1,0,0,0,0,0,0,0,0
1,1,0,0,0,0,0,0,0,0
0,0,28,97,3.5,3,6.661e-016,142.5,75.25,3.16413e-014
1,1,0,0,0,0,0,0,0,0
0,1,27,97,3.5,3,6.661e-016,142.5,78.75,3.16413e-014
0,1,27,96,3.5,3,6.661e-016,139.5,78.75,3.09752e-014
0,1,28,96,3.5,3,6.661e-016,139.5,75.25,3.09752e-014
0,1,29,96,3.5,3,6.661e-016,139.5,71.75,3.09752e-014
0,1,29,97,3.5,3,6.661e-016,142.5,71.75,3.16413e-014
1,1,0,0,0,0,0,0,0,0
1,1,0,0,0,0,0,0,0,0
0,0,29,97,3.5,3,6.661e-016,142.5,71.75,3.16413e-014
1,1,0,0,0,0,0,0,0,0
0,1,28,97,3.5,3,6.661e-016,142.5,75.25,3.16413e-014
0,1,28,96,3.5,3,6.661e-016,139.5,75.25,3.09752e-014
0,1,29,96,3.5,3,6.661e-016,139.5,71.75,3.09752e-014
0,1,30,96,3.5,3,6.661e-016,139.5,68.25,3.09752e-014
1,1,0,0,0,0,0,0,0,0
1,1,0,0,0,0,0,0,0,0
1,1,0,0,0,0,0,0,0,0
1,0,0,0,0,0,0,0,0,0
1,0,0,0,0,0,0,0,0,0
1,0,0,0,0,0,0,0,0,0
1,0,0,0,0,0,0,0,0,0
1,0,0,0,0,0,0,0,0,0
1,0,0,0,0,0,0,0,0,0
1,0,0,0,0,0,0,0,0,0
1,0,0,0,0,0,0,0,0,0
1,0,0,0,0,0,0,0,0,0
1,0,0,0,0,0,0,0,0,0
1,0,0,0,0,0,0,0,0,0
1,0,0,0,0,0,0,0,0,0
1,0,0,0,0,0,0,0,0,0
1,0,0,0,0,0,0,0,0,0
1,0,0,0,0,0,0,0,0,0
1,0,0,0,0,0,0,0,0,0
1,0,0,0,0,0,0,0,0,0
1,0,0,0,0,0,0,0,0,0
1,0,0,0,0,0,0,0,0,0
1,0,0,0,0,0,0,0,0,0
1,0,0,0,0,0,0,0,0,0
1,0,0,0,0,0,0,0,0,0
1,0,0,0,0,0,0,0,0,0
1,0,0,0,0,0,0,0,0,0
1,0,0,0,0,0,0,0,0,0
1,0,0,0,0,0,0,0,0,0
1,0,0,0,0,0,0,0,0,0
1,0,0,0,0,0,0,0,0,0
1,0,0,0,0,0,0,0,0,0
1,0,0,0,0,0,0,0,0,0
1,0,0,0,0,0,0,0,0,0
1,0,0,0,0,0,0,0,0,0
1,0,0,0,0,0,0,0,0,0
1,0,0,0,0,0,0,0,0,0
1,0,0,0,0,0,0,0,0,0
1,0,0,0,0,0,0,0,0,0
1,0,0,0,0,0,0,0,0,0
1,0,0,0,0,0,0,0,0,0
1,0,0,0,0,0,0,0,0,0
1,0,0,0,0,0,0,0,0,0
1,0,0,0,0,0,0,0,0,0
1,0,0,0,0,0,0,0,0,0
1,0,0,0,0,0,0,0,0,0
1,0,0,0,0,0,0,0,0,0
1,0,0,0,0,0,0,0,0,0
1,0,0,0,0,0,0,0,0,0
1,0,0,0,0,0,0,0,0,0
1,0,0,0,0,0,0,0,0,0
1,0,0,0,0,0,0,0,0,0
1,0,0,0,0,0,0,0,0,0
1,0,0,0,0,0,0,0,0,0
1,0,0,0,0,0,0,0,0,0
1,0,0,0,0,0,0,0,0,0
1,0,0,0,0,0,0,0,0,0
1,0,0,0,0,0,0,0,0,0
1,0,0,0,0,0,0,0,0,0
1,0,0,0,0,0,0,0,0,0
1,0,0,0,0,0,0,0,0,0
1,0,0,0,0,0,0,0,0,0
1,0,0,0,0,0,0,0,0,0
1,0,0,0,0,0,0,0,0,0
1,0,0,0,0,0,0,0,0,0
1,0,0,0,0,0,0,0,0,0
1,0,0,0,0,0,0,0,0,0
1,0,0,0,0,0,0,0,0,0
1,0,0,0,0,0,0,0,0,0
1,0,0,0,0,0,0,0,0,0
1,0,0,0,0,0,0,0,0,0
1,0,0,0,0,0,0,0,0,0
1,0,0,0,0,0,0,0,0,0
1,0,0,0,0,0,0,0,0,0
1,0,0,0,0,0,0,0,0,0
1,0,0,0,0,0,0,0,0,0
1,0,0,0,0,0,0,0,0,0
1,0,0,0,0,0,0,0,0,0
1,0,0,0,0,0,0,0,0,0
1,0,0,0,0,0,0,0,0,0
1,0,0,0,0,0,0,0,0,0
1,0,0,0,0,0,0,0,0,0
1,0,0,0,0,0,0,0,0,0
1,0,0,0,0,0,0,0,0,0
1,0,0,0,0,0,0,0,0,0
1,0,0,0,0,0,0,0,0,0
1,0,0,0,0,0,0,0,0,0
1,0,0,0,0,0,0,0,0,0
1,0,0,0,0,0,0,0,0,0
1,0,0,0,0,0,0,0,0,0
1,0,0,0,0,0,0,0,0,0
1,0,0,0,0,0,0,0,0,0
0,0,19,98,3.5,3,6.66202e-016,145.5,106.75,3.23075e-014
1,1,0,0,0,0,0,0,0,0
1,1,0,0,0,0,0,0,0,0
1,1,0,0,0,0,0,0,0,0
0,1,19,97,3.5,3,6.661e-016,142.5,106.75,3.16413e-014
0,1,20,97,3.5,3,6.661e-016,142.5,103.25,3.16413e-014
0,1,20,98,3.5,3,6.66202e-016,145.5,103.25,3.23075e-014
1,1,0,0,0,0,0,0,0,0
1,1,0,0,0,0,0,0,0,0
0,0,20,98,3.5,3,6.66202e-016,145.5,103.25,3.23075e-014
1,1,0,0,0,0,0,0,0,0
0,1,19,98,3.5,3,6.66202e-016,145.5,106.75,3.23075e-014
0,1,19,97,3.5,3,6.661e-016,142.5,106.75,3.16413e-014
0,1,20,97,3.5,3,6.661e-016,142.5,103.25,3.16413e-014
0,1,21,97,3.5,3,6.661e-016,142.5,99.75,3.16413e-014
0,1,21,98,3.5,3,6.66202e-016,145.5,99.75,3.23075e-014
1,1,0,0,0,0,0,0,0,0
1,1,0,0,0,0,0,0,0,0
0,0,21,98,3.5,3,6.66202e-016,145.5,99.75,3.23075e-014
1,1,0,0,0,0,0,0,0,0
0,1,20,98,3.5,3,6.66202e-016,145.5,103.25,3.23075e-014
0,1,20,97,3.5,3,6.661e-016,142.5,103.25,3.16413e-014
0,1,21,97,3.5,3,6.661e-016,142.5,99.75,3.16413e-014
0,1,22,97,3.5,3,6.661e-016,142.5,96.25,3.16413e-014
0,1,22,98,3.5,3,6.66202e-016,145.5,96.25,3.23075e-014
1,1,0,0,0,0,0,0,0,0
1,1,0,0,0,0,0,0,0,0
0,0,22,98,3.5,3,6.66202e-016,145.5,96.25,3.23075e-014
1,1,0,0,0,0,0,0,0,0
0,1,21,98,3.5,3,6.66202e-016,145.5,99.75,3.23075e-014
0,1,21,97,3.5,3,6.661e-016,142.5,99.75,3.16413e-014
0,1,22,97,3.5,3,6.661e-016,142.5,96.25,3.16413e-014
0,1,23,97,3.5,3,6.661e-016,142.5,92.75,3.16413e-014
0,1,23,98,3.5,3,6.66202e-016,145.5,92.75,3.23075e-014
1,1,0,0,0,0,0,0,0,0
1,1,0,0,0,0,0,0,0,0
0,0,23,98,3.5,3,6.66202e-016,145.5,92.75,3.23075e-014
1,1,0,0,0,0,0,0,0,0
0,1,22,98,3.5,3,6.66202e-016,145.5,96.25,3.23075e-014
0,1,22,97,3.5,3,6.661e-016,142.5,96.25,3.16413e-014
0,1,23,97,3.5,3,6.661e-016,142.5,92.75,3.16413e-014
0,1,24,97,3.5,3,6.661e-016,142.5,89.25,3.16413e-014
0,1,24,98,3.5,3,6.66202e-016,145.5,89.25,3.23075e-014
1,1,0,0,0,0,0,0,0,0
1,1,0,0,0,0,0,0,0,0
0,0,24,98,3.5,3,6.66202e-016,145.5,89.25,3.23075e-014
1,1,0,0,0,0,0,0,0,0
0,1,23,98,3.5,3,6.66202e-016,145.5,92.75,3.23075e-014
0,1,23,97,3.5,3,6.661e-016,142.5,92.75,3.16413e-014
0,1,24,97,3.5,3,6.661e-016,142.5,89.25,3.16413e-014
0,1,25,97,3.5,3,6.661e-016,142.5,85.75,3.16413e-014
0,1,25,98,3.5,3,6.66202e-016,145.5,85.75,3.23075e-014
1,1,0,0,0,0,0,0,0,0
1,1,0,0,0,0,0,0,0,0
0,0,25,98,3.5,3,6.66202e-016,145.5,85.75,3.23075e-014
1,1,0,0,0,0,0,0,0,0
0,1,24,98,3.5,3,6.66202e-016,145.5,89.25,3.23075e-014
0,1,24,97,3.5,3,6.661e-016,142.5,89.25,3.16413e-014
0,1,25,97,3.5,3,6.661e-016,142.5,85.75,3.16413e-014
0,1,26,97,3.5,3,6.661e-016,142.5,82.25,3.16413e-014
0,1,26,98,3.5,3,6.66202e-016,145.5,82.25,3.23075e-014
1,1,0,0,0,0,0,0,0,0
1,1,0,0,0,0,0,0,0,0
0,0,26,98,3.5,3,6.66202e-016,145.5,82.25,3.23075e-014
1,1,0,0,0,0,0,0,0,0
0,1,25,98,3.5,3,6.66202e-016,145.5,85.75,3.23075e-014
0,1,25,97,3.5,3,6.661e-016,142.5,85.75,3.16413e-014
0,1,26,97,3.5,3,6.661e-016,142.5,82.25,3.16413e-014
0,1,27,97,3.5,3,6.661e-016,142.5,78.75,3.16413e-014
1,1,0,0,0,0,0,0,0,0
1,1,0,0,0,0,0,0,0,0
1,1,0,0,0,0,0,0,0,0
1,0,0,0,0,0,0,0,0,0
1,0,0,0,0,0,0,0,0,0
1,0,0,0,0,0,0,0,0,0
1,0,0,0,0,0,0,0,0,0
1,0,0,0,0,0,0,0,0,0
1,0,0,0,0,0,0,0,0,0
1,0,0,0,0,0,0,0,0,0
1,0,0,0,0,0,0,0,0,0
1,0,0,0,0,0,0,0,0,0
1,0,0,0,0,0,0,0,0,0
1,0,0,0,0,0,0,0,0,0
1,0,0,0,0,0,0,0,0,0
1,0,0,0,0,0,0,0,0,0
1,0,0,0,0,0,0,0,0,0
1,0,0,0,0,0,0,0,0,0
1,0,0,0,0,0,0,0,0,0
1,0,0,0,0,0,0,0,0,0
1,0,0,0,0,0,0,0,0,0
1,0,0,0,0,0,0,0,0,0
1,0,0,0,0,0,0,0,0,0
1,0,0,0,0,0,0,0,0,0
1,0,0,0,0,0,0,0,0,0
1,0,0,0,0,0,0,0,0,0
1,0,0,0,0,0,0,0,0,0
1,0,0,0,0,0,0,0,0,0
1,0,0,0,0,0,0,0,0,0
1,0,0,0,0,0,0,0,0,0
1,0,0,0,0,0,0,0,0,0
1,0,0,0,0,0,0,0,0,0
1,0,0,0,0,0,0,0,0,0
1,0,0,0,0,0,0,0,0,0
1,0,0,0,0,0,0,0,0,0
1,0,0,0,0,0,0,0,0,0
1,0,0,0,0,0,0,0,0,0
1,0,0,0,0,0,0,0,0,0
1,0,0,0,0,0,0,0,0,0
1,0,0,0,0,0,0,0,0,0
1,0,0,0,0,0,0,0,0,0
1,0,0,0,0,0,0,0,0,0
1,0,0,0,0,0,0,0,0,0
1,0,0,0,0,0,0,0,0,0
1,0,0,0,0,0,0,0,0,0
1,0,0,0,0,0,0,0,0,0
1,0,0,0,0,0,0,0,0,0
1,0,0,0,0,0,0,0,0,0
1,0,0,0,0,0,0,0,0,0
1,0,0,0,0,0,0,0,0,0
1,0,0,0,0,0,0,0,0,0
1,0,0,0,0,0,0,0,0,0
1,0,0,0,0,0,0,0,0,0
1,0,0,0,0,0,0,0,0,0
1,0,0,0,0,0,0,0,0,0
1,0,0,0,0,0,0,0,0,0
1,0,0,0,0,0,0,0,0,0
1,0,0,0,0,0,0,0,0,0
1,0,0,0,0,0,0,0,0,0
1,0,0,0,0,0,0,0,0,0
1,0,0,0,0,0,0,0,0,0
1,0,0,0,0,0,0,0,0,0
1,0,0,0,0,0,0,0,0,0
1,0,0,0,0,0,0,0,0,0
1,0,0,0,0,0,0,0,0,0
1,0,0,0,0,0,0,0,0,0
1,0,0,0,0,0,0,0,0,0
1,0,0,0,0,0,0,0,0,0
1,0,0,0,0,0,0,0,0,0
1,0,0,0,0,0,0,0,0,0
1,0,0,0,0,0,0,0,0,0
1,0,0,0,0,0,0,0,0,0
1,0,0,0,0,0,0,0,0,0
1,0,0,0,0,0,0,0,0,0
1,0,0,0,0,0,0,0,0,0
1,0,0,0,0,0,0,0,0,0
1,0,0,0,0,0,0,0,0,0
1,0,0,0,0,0,0,0,0,0
1,0,0,0,0,0,0,0,0,0
1,0,0,0,0,0,0,0,0,0
1,0,0,0,0,0,0,0,0,0
1,0,0,0,0,0,0,0,0,0
1,0,0,0,0,0,0,0,0,0
1,0,0,0,0,0,0,0,0,0
1,0,0,0,0,0,0,0,0,0
1,0,0,0,0,0,0,0,0,0
1,0,0,0,0,0,0,0,0,0
1,0,0,0,0,0,0,0,0,0
1,0,0,0,0,0,0,0,0,0
1,0,0,0,0,0,0,0,0,0
1,0,0,0,0,0,0,0,0,0
1,0,0,0,0,0,0,0,0,0
1,0,0,0,0,0,0,0,0,0
1,0,0,0,0,0,0,0,0,0
1,0,0,0,0,0,0,0,0,0
1,0,0,0,0,0,0,0,0,0
1,0,0,0,0,0,0,0,0,0
1,0,0,0,0,0,0,0,0,0
1,0,0,0,0,0,0,0,0,0
1,0,0,0,0,0,0,0,0,0
1,0,0,0,0,0,0,0,0,0
1,0,0,0,0,0,0,0,0,0
1,0,0,0,0,0,0,0,0,0
1,0,0,0,0,0,0,0,0,0
1,0,0,0,0,0,0,0,0,0
1,0,0,0,0,0,0,0,0,0
1,0,0,0,0,0,0,0,0,0
1,0,0,0,0,0,0,0,0,0
1,0,0,0,0,0,0,0,0,0
1,0,0,0,0,0,0,0,0,0
1,0,0,0,0,0,0,0,0,0
1,0,0,0,0,0,0,0,0,0
1,0,0,0,0,0,0,0,0,0
1,0,0,0,0,0,0,0,0,0
1,0,0,0,0,0,0,0,0,0
1,0,0,0,0,0,0,0,0,0
1,0,0,0,0,0,0,0,0,0
1,0,0,0,0,0,0,0,0,0
1,0,0,0,0,0,0,0,0,0
1,0,0,0,0,0,0,0,0,0
1,0,0,0,0,0,0,0,0,0
1,0,0,0,0,0,0,0,0,0
1,0,0,0,0,0,0,0,0,0
1,0,0,0,0,0,0,0,0,0
1,0,0,0,0,0,0,0,0,0
1,0,0,0,0,0,0,0,0,0
1,0,0,0,0,0,0,0,0,0
1,0,0,0,0,0,0,0,0,0
1,0,0,0,0,0,0,0,0,0
1,0,0,0,0,0,0,0,0,0
1,0,0,0,0,0,0,0,0,0
1,0,0,0,0,0,0,0,0,0
1,0,0,0,0,0,0,0,0,0
1,0,0,0,0,0,0,0,0,0
1,0,0,0,0,0,0,0,0,0
1,0,0,0,0,0,0,0,0,0
1,0,0,0,0,0,0,0,0,0
1,0,0,0,0,0,0,0,0,0
1,0,0,0,0,0,0,0,0,0
1,0,0,0,0,0,0,0,0,0
1,0,0,0,0,0,0,0,0,0
1,0,0,0,0,0,0,0,0,0
1,0,0,0,0,0,0,0,0,0
1,0,0,0,0,0,0,0,0,0
1,0,0,0,0,0,0,0,0,0
1,0,0,0,0,0,0,0,0,0
1,0,0,0,0,0,0,0,0,0
1,0,0,0,0,0,0,0,0,0
1,0,0,0,0,0,0,0,0,0
1,0,0,0,0,0,0,0,0,0
1,0,0,0,0,0,0,0,0,0
1,0,0,0,0,0,0,0,0,0
1,0,0,0,0,0,0,0,0,0
1,0,0,0,0,0,0,0,0,0
1,0,0,0,0,0,0,0,0,0
1,0,0,0,0,0,0,0,0,0
1,0,0,0,0,0,0,0,0,0
1,0,0,0,0,0,0,0,0,0
1,0,0,0,0,0,0,0,0,0
1,0,0,0,0,0,0,0,0,0
1,0,0,0,0,0,0,0,0,0
1,0,0,0,0,0,0,0,0,0
1,0,0,0,0,0,0,0,0,0
1,0,0,0,0,0,0,0,0,0
1,0,0,0,0,0,0,0,0,0
1,0,0,0,0,0,0,0,0,0
1,0,0,0,0,0,0,0,0,0
1,0,0,0,0,0,0,0,0,0
1,0,0,0,0,0,0,0,0,0
1,0,0,0,0,0,0,0,0,0
1,0,0,0,0,0,0,0,0,0
1,0,0,0,0,0,0,0,0,0
1,0,0,0,0,0,0,0,0,0
1,0,0,0,0,0,0,0,0,0
1,0,0,0,0,0,0,0,0,0
1,0,0,0,0,0,0,0,0,0
